customer_id,first_name,last_name,gender,date_of_birth,city,state,occupation,customer_segment,annual_income,join_date
C00001,Aaron,Terrell,Male,10/9/1982,Raleigh,North Carolina,Retired,SME,113700,4/15/2021
C00002,Brian,Parker,Male,10/7/1983,Seattle,Washington,Salaried,Premium,52600,4/6/2022
C00003,Ricardo,Forbes,Male,11/27/1989,Nashville,Tennessee,Retired,Retail,43600,3/6/2026
C00004,Michael,Moore,Male,8/13/1970,Orlando,Florida,Salaried,Retail,34400,7/16/2021
C00005,Holly,Gutierrez,Female,2/7/1977,Austin,Texas,Freelancer,SME,89200,2/23/2023
C00006,Sharon,Hatfield,Female,3/8/1976,Atlanta,Georgia,Business Owner,Corporate,129400,6/17/2020
C00007,David,Fields,Male,8/3/1992,Atlanta,Georgia,Student,Corporate,167300,4/13/2022
C00008,Stephanie,Duncan,Female,9/9/1989,Seattle,Washington,Salaried,Wealth,293600,4/17/2021
C00009,Christopher,Petersen,Male,8/1/1970,San Antonio,Texas,Freelancer,Wealth,247000,5/7/2021
C00010,Madeline,Cox,Female,4/5/1998,Charlotte,North Carolina,Self Employed,Retail,61100,8/26/2018
C00011,Alfred,Riley,Male,2/3/1996,Orlando,Florida,Business Owner,Corporate,116000,12/2/2023
C00012,Amy,Holmes,Female,4/18/1987,Seattle,Washington,Retired,Corporate,208900,1/24/2023
C00013,Samuel,Owens,Male,4/3/1975,Tampa,Florida,Freelancer,Retail,56700,1/28/2025
C00014,James,Herrera,Male,2/2/1974,Salt Lake City,Utah,Retired,SME,41900,6/26/2019
C00015,Natasha,Smith,Female,8/8/1996,Pittsburgh,Pennsylvania,Student,Corporate,160200,8/11/2022
C00016,Zachary,Alvarado,Male,11/21/1963,Sacramento,California,Self Employed,Wealth,80900,2/19/2020
C00017,Derrick,Rogers,Male,3/14/1988,Kansas City,Missouri,Salaried,Retail,38400,4/25/2025
C00018,Richard,Warner,Male,2/25/1960,Kansas City,Missouri,Self Employed,SME,38600,4/2/2022
C00019,Kathryn,Shaffer,Female,5/26/1984,Minneapolis,Minnesota,Self Employed,Corporate,57400,2/17/2020
C00020,Jennifer,Lee,Female,1/19/1973,Phoenix,Arizona,Retired,Corporate,61200,12/16/2023
C00021,James,Cunningham,Male,9/3/1963,Indianapolis,Indiana,Retired,SME,126300,9/1/2024
C00022,Janet,Williams,Female,2/14/1999,Salt Lake City,Utah,Self Employed,Premium,100200,12/23/2020
C00023,Candace,Davis,Female,11/21/1968,Austin,Texas,Retired,Retail,25300,4/25/2024
C00024,Renee,Gillespie,Female,9/7/1964,Tampa,Florida,Business Owner,Retail,29900,10/9/2019
C00025,Olivia,Murray,Female,12/10/1994,Sacramento,California,Salaried,Premium,52200,3/15/2019
C00026,Alexa,Campbell,Female,5/10/1969,Kansas City,Missouri,Business Owner,Premium,118500,7/28/2018
C00027,Kimberly,Anderson,Female,7/27/2000,Denver,Colorado,Retired,Retail,60600,2/9/2018
C00028,Keith,Galvan,Male,12/5/1964,Tampa,Florida,Salaried,Retail,108400,6/16/2021
C00029,Antonio,Jones,Male,6/7/1962,Raleigh,North Carolina,Self Employed,Premium,116900,10/28/2019
C00030,Molly,Mora,Female,1/6/1986,Indianapolis,Indiana,Salaried,Corporate,167000,4/12/2023
C00031,Heather,Hill,Female,8/12/1972,Orlando,Florida,Business Owner,Retail,73000,2/15/2021
C00032,Charles,Walton,Male,6/21/1977,Denver,Colorado,Business Owner,Retail,150300,1/2/2020
C00033,John,Wallace,Male,1/4/1976,Pittsburgh,Pennsylvania,Student,Premium,46300,6/19/2024
C00034,Carolyn,Lee,Female,1/23/1976,Cincinnati,Ohio,Student,Retail,56100,10/14/2018
C00035,Lorraine,Turner,Female,6/22/1999,Columbus,Ohio,Student,SME,95800,10/26/2025
C00036,Shane,Campbell,Male,3/7/1995,Phoenix,Arizona,Business Owner,Retail,136700,3/21/2021
C00037,Michelle,Cunningham,Female,10/20/1987,Cincinnati,Ohio,Freelancer,Premium,86300,11/27/2019
C00038,Christine,Ross,Female,9/22/1978,Denver,Colorado,Self Employed,Premium,38900,3/26/2020
C00039,Eric,Williamson,Male,1/8/1961,Atlanta,Georgia,Freelancer,Wealth,240200,10/23/2025
C00040,Janet,Reed,Female,7/8/1991,Austin,Texas,Salaried,Retail,71200,4/2/2024
C00041,Shannon,Young,Female,8/5/1967,Orlando,Florida,Retired,SME,432100,1/1/2023
C00042,Ashley,Mendez,Female,8/9/1990,Indianapolis,Indiana,Freelancer,Corporate,174400,9/6/2020
C00043,Alexander,Hall,Male,2/23/1988,Nashville,Tennessee,Self Employed,Retail,37100,8/5/2020
C00044,David,Benjamin,Male,3/23/2004,Austin,Texas,Self Employed,Retail,45100,9/17/2022
C00045,Melanie,Taylor,Female,12/1/1997,Austin,Texas,Student,SME,106700,9/13/2022
C00046,Donna,Lowe,Female,10/8/1994,Kansas City,Missouri,Freelancer,Retail,33500,11/8/2019
C00047,Alexandra,Wright,Female,10/18/1968,Sacramento,California,Self Employed,Retail,40400,3/7/2023
C00048,Dawn,Lee,Female,5/13/1963,Indianapolis,Indiana,Student,Retail,47700,10/30/2020
C00049,James,Harris,Male,1/24/1990,Denver,Colorado,Self Employed,Retail,97200,3/27/2020
C00050,Katherine,Guzman,Female,3/8/1999,Minneapolis,Minnesota,Business Owner,Retail,73400,11/19/2019
C00051,Joshua,Meyer,Male,12/23/1998,Seattle,Washington,Salaried,Retail,29400,8/22/2024
C00052,Benjamin,Oliver,Male,12/25/1966,Orlando,Florida,Business Owner,Retail,124400,12/23/2023
C00053,Derek,Melton,Male,6/3/2002,San Antonio,Texas,Student,Retail,20700,1/23/2022
C00054,Michelle,Martin,Female,7/6/1969,Sacramento,California,Student,Corporate,204300,11/20/2022
C00055,Sydney,Munoz,Female,6/28/1977,Pittsburgh,Pennsylvania,Retired,Retail,89800,11/4/2024
C00056,Megan,Thomas,Female,1/16/1981,Austin,Texas,Business Owner,SME,48700,9/7/2024
C00057,Amanda,Vega,Female,1/17/1995,Nashville,Tennessee,Student,SME,68100,3/12/2018
C00058,Kerry,Taylor,Female,4/13/1978,Denver,Colorado,Student,Premium,59200,3/4/2024
C00059,Jason,Thompson,Male,12/15/1982,Columbus,Ohio,Freelancer,Retail,39000,1/4/2024
C00060,Heather,Mccormick,Female,4/24/1972,Indianapolis,Indiana,Self Employed,Retail,52600,1/18/2022
C00061,Louis,Weber,Male,1/23/1979,Indianapolis,Indiana,Salaried,Retail,60100,6/9/2024
C00062,Matthew,Brown,Male,8/15/1990,Phoenix,Arizona,Salaried,Retail,91600,6/30/2022
C00063,Devon,Evans,Male,10/21/1964,Portland,Oregon,Retired,Premium,53500,4/8/2022
C00064,Jason,Long,Male,5/28/1988,Sacramento,California,Self Employed,Premium,78400,1/6/2025
C00065,Amy,Alexander,Female,11/3/1976,Cincinnati,Ohio,Freelancer,Retail,57600,2/3/2023
C00066,Melissa,Walls,Female,4/9/2003,Denver,Colorado,Salaried,Corporate,158600,2/9/2024
C00067,Karen,Gonzalez,Female,3/9/2001,Orlando,Florida,Salaried,SME,34600,4/4/2023
C00068,Rebecca,Freeman,Female,7/9/2004,Phoenix,Arizona,Retired,Retail,50600,10/22/2020
C00069,Paul,Keller,Male,4/22/1965,Minneapolis,Minnesota,Self Employed,SME,301200,4/12/2023
C00070,Rhonda,Forbes,Female,8/9/2001,Charlotte,North Carolina,Business Owner,Retail,63400,7/31/2022
C00071,Derek,Floyd,Male,11/4/1980,Columbus,Ohio,Student,SME,42200,12/27/2018
C00072,Melissa,West,Female,6/4/1976,Columbus,Ohio,Student,Wealth,126700,8/11/2018
C00073,Rick,Cox,Male,6/20/1993,Cincinnati,Ohio,Business Owner,Corporate,183300,11/30/2022
C00074,Jennifer,Mccormick,Female,1/21/1967,Portland,Oregon,Salaried,Premium,68400,7/9/2020
C00075,Desiree,Clarke,Female,2/21/1989,Tampa,Florida,Student,SME,70800,4/19/2023
C00076,Julian,Davis,Male,9/5/1989,Orlando,Florida,Business Owner,Retail,114300,8/27/2022
C00077,Thomas,Greene,Male,5/27/1992,Columbus,Ohio,Student,Retail,189000,1/16/2024
C00078,Charles,Grant,Male,6/18/1982,Portland,Oregon,Retired,Corporate,45500,4/18/2022
C00079,Lindsay,Glass,Female,1/11/1986,Orlando,Florida,Salaried,Corporate,312500,6/2/2019
C00080,Eric,Contreras,Male,6/28/1997,Charlotte,North Carolina,Business Owner,Retail,73000,7/25/2025
C00081,Virginia,Smith,Female,6/21/1984,Kansas City,Missouri,Salaried,Premium,438000,2/8/2025
C00082,Catherine,Thomas,Female,3/23/1988,Tampa,Florida,Business Owner,Retail,26400,10/31/2022
C00083,Adriana,Cunningham,Female,9/14/1975,Atlanta,Georgia,Retired,Premium,127700,8/30/2025
C00084,Tiffany,Henry,Female,10/5/1991,Orlando,Florida,Business Owner,Retail,64700,8/7/2025
C00085,Daniel,Wu,Male,2/15/1970,Kansas City,Missouri,Self Employed,SME,67200,4/12/2022
C00086,Colleen,Bishop,Female,10/10/1982,Pittsburgh,Pennsylvania,Business Owner,Wealth,187500,7/31/2020
C00087,Donald,Garcia,Male,4/21/1982,Seattle,Washington,Freelancer,Retail,20700,4/1/2025
C00088,Dana,Welch,Female,8/2/1979,Salt Lake City,Utah,Self Employed,Premium,116500,4/2/2020
C00089,Maria,Perry,Female,6/17/1994,Atlanta,Georgia,Freelancer,Retail,39400,10/19/2021
C00090,Cynthia,Mays,Female,2/5/1989,Tampa,Florida,Salaried,Corporate,50300,6/5/2022
C00091,Rachel,Soto,Female,9/4/1976,Minneapolis,Minnesota,Salaried,Retail,83700,7/27/2025
C00092,Carol,Roy,Female,1/20/1990,Orlando,Florida,Freelancer,SME,141100,5/22/2021
C00093,Jose,Branch,Male,3/2/1967,San Antonio,Texas,Student,SME,49500,2/2/2023
C00094,Ronnie,Williams,Male,12/23/2002,Raleigh,North Carolina,Student,SME,53000,11/26/2024
C00095,Jason,Lee,Male,1/23/1977,San Antonio,Texas,Freelancer,Retail,20700,2/13/2022
C00096,Samuel,Blanchard,Male,6/2/2001,Kansas City,Missouri,Freelancer,Retail,36500,5/18/2020
C00097,Donna,Smith,Female,1/26/1961,Seattle,Washington,Self Employed,Retail,57600,9/7/2024
C00098,Michael,Martin,Male,3/5/1977,Minneapolis,Minnesota,Salaried,Retail,69800,1/7/2022
C00099,Mary,Clark,Female,6/1/1997,Orlando,Florida,Retired,Retail,56000,8/28/2024
C00100,Richard,Knight,Male,9/8/1988,Tampa,Florida,Student,SME,146900,7/4/2022
C00101,Terry,Austin,Male,2/16/2003,San Antonio,Texas,Salaried,Premium,54000,6/1/2019
C00102,Harold,Cummings,Male,11/19/1999,Nashville,Tennessee,Freelancer,Retail,53600,4/14/2019
C00103,Christian,Weber,Male,7/15/1973,Kansas City,Missouri,Business Owner,SME,44500,10/15/2022
C00104,John,Brown,Male,5/12/2002,Columbus,Ohio,Student,Wealth,213400,1/31/2019
C00105,Anna,Keller,Female,9/2/1968,Raleigh,North Carolina,Freelancer,Premium,99900,9/29/2022
C00106,Matthew,Munoz,Male,10/10/1978,Salt Lake City,Utah,Salaried,Retail,55900,12/5/2021
C00107,Mitchell,Edwards,Male,2/25/1983,Kansas City,Missouri,Retired,Retail,32400,5/18/2025
C00108,Mark,Hunt,Male,3/9/1961,Nashville,Tennessee,Retired,Premium,69700,5/16/2025
C00109,Susan,Roberts,Female,3/24/1964,Austin,Texas,Business Owner,Premium,57600,2/3/2026
C00110,Heather,Mack,Female,10/3/1996,Columbus,Ohio,Business Owner,SME,64900,6/1/2020
C00111,Justin,Cooper,Male,6/14/1967,Charlotte,North Carolina,Self Employed,Retail,76900,6/7/2022
C00112,Samantha,Taylor,Female,1/7/1963,Seattle,Washington,Salaried,Retail,37100,2/1/2018
C00113,Matthew,Miller,Male,3/5/1987,Portland,Oregon,Student,Retail,74700,6/23/2018
C00114,Maria,Wilson,Female,8/3/1961,San Antonio,Texas,Salaried,SME,84200,7/18/2022
C00115,Kayla,Ballard,Female,3/26/1980,Minneapolis,Minnesota,Salaried,SME,63100,9/23/2020
C00116,Joshua,Bailey,Male,7/17/1997,San Antonio,Texas,Retired,Retail,20700,9/20/2023
C00117,Sara,Gomez,Female,6/24/1982,Cincinnati,Ohio,Self Employed,Wealth,179300,12/12/2019
C00118,Wanda,Davis,Female,11/3/1969,Seattle,Washington,Freelancer,Retail,84600,5/1/2024
C00119,David,Franco,Male,11/11/1980,Seattle,Washington,Business Owner,Retail,24500,9/10/2023
C00120,Sara,Rojas,Female,8/15/1979,Denver,Colorado,Student,Retail,42800,7/5/2024
C00121,Benjamin,Boyd,Male,8/26/1962,Kansas City,Missouri,Student,Premium,43500,2/28/2019
C00122,James,Griffin,Male,9/21/1965,Columbus,Ohio,Business Owner,Retail,33300,3/8/2022
C00123,Daniel,Bradley,Male,7/25/1984,Phoenix,Arizona,Business Owner,Retail,78900,1/23/2019
C00124,Christopher,Nguyen,Male,7/10/2003,Kansas City,Missouri,Business Owner,Retail,57000,6/24/2021
C00125,Zachary,Bradford,Male,10/23/1968,Austin,Texas,Freelancer,SME,53400,11/18/2025
C00126,Colleen,Thomas,Female,11/22/1965,Charlotte,North Carolina,Student,Retail,41500,2/26/2020
C00127,Jonathan,Allen,Male,3/3/1968,Orlando,Florida,Freelancer,Retail,88400,10/11/2021
C00128,Stephanie,Salazar,Female,10/13/1968,Seattle,Washington,Salaried,Retail,20700,8/10/2022
C00129,Andrew,Meadows,Male,12/8/2003,Raleigh,North Carolina,Retired,Wealth,232600,9/6/2020
C00130,Jennifer,Chan,Female,4/12/1990,Phoenix,Arizona,Retired,Premium,103100,12/1/2023
C00131,Adrian,Smith,Male,4/26/1970,San Antonio,Texas,Business Owner,Premium,89000,12/10/2018
C00132,Erica,Lopez,Female,8/17/1977,Indianapolis,Indiana,Salaried,Retail,20700,8/27/2022
C00133,Robert,Robinson,Male,9/12/1985,Salt Lake City,Utah,Freelancer,Retail,107300,4/16/2025
C00134,Erica,King,Female,3/2/1969,Columbus,Ohio,Retired,Retail,141600,1/22/2018
C00135,Jeffery,Blanchard,Male,5/7/1961,Denver,Colorado,Business Owner,SME,84300,8/31/2020
C00136,John,Mccoy,Male,1/8/1967,Phoenix,Arizona,Freelancer,Retail,84800,10/12/2023
C00137,Katie,Harris,Female,12/5/1975,Pittsburgh,Pennsylvania,Salaried,Retail,55200,11/25/2023
C00138,Jasmine,Cooper,Female,9/18/1992,Kansas City,Missouri,Salaried,Retail,42900,11/13/2021
C00139,Cassandra,Young,Female,11/4/2002,Orlando,Florida,Freelancer,Corporate,156100,12/19/2019
C00140,Anna,Crawford,Female,8/21/2004,Sacramento,California,Self Employed,Retail,20700,6/29/2018
C00141,Samantha,Richmond,Female,6/10/1962,Cincinnati,Ohio,Salaried,Retail,20700,5/9/2025
C00142,Veronica,Larson,Female,2/26/1977,Columbus,Ohio,Business Owner,Retail,93400,10/28/2023
C00143,Lisa,Cordova,Female,12/14/1965,Nashville,Tennessee,Salaried,Retail,87700,11/24/2018
C00144,Yvonne,Duarte,Female,5/10/2002,Columbus,Ohio,Salaried,Retail,65100,2/25/2026
C00145,Thomas,Johnson,Male,7/9/1999,Raleigh,North Carolina,Self Employed,Premium,120200,10/24/2024
C00146,Kenneth,Gutierrez,Male,3/3/1962,Sacramento,California,Freelancer,Retail,63100,1/17/2023
C00147,Luke,Wise,Male,8/25/1983,Raleigh,North Carolina,Salaried,Retail,29600,4/17/2018
C00148,Katherine,Ramirez,Female,9/13/1991,Indianapolis,Indiana,Self Employed,SME,91000,5/18/2019
C00149,Marie,Hess,Female,8/6/1964,Atlanta,Georgia,Freelancer,SME,67300,9/23/2018
C00150,Eric,Smith,Male,5/10/1994,Kansas City,Missouri,Self Employed,SME,133700,7/23/2019
C00151,Sean,Gallegos,Male,1/12/1991,Orlando,Florida,Salaried,Premium,48800,6/20/2021
C00152,Michael,Morgan,Male,9/14/1990,Austin,Texas,Self Employed,Corporate,96600,11/8/2022
C00153,Cassandra,Owens,Female,2/17/1963,Charlotte,North Carolina,Retired,Retail,31900,3/9/2021
C00154,John,Johnson,Male,4/21/1976,Denver,Colorado,Retired,Wealth,86500,3/10/2025
C00155,Jason,Peters,Male,10/5/1997,Indianapolis,Indiana,Salaried,Retail,168700,11/29/2018
C00156,Stephanie,Taylor,Female,10/9/2001,Salt Lake City,Utah,Freelancer,Premium,141000,2/13/2024
C00157,David,Williams,Male,5/16/2001,Phoenix,Arizona,Self Employed,Retail,82900,12/6/2022
C00158,Zachary,Pierce,Male,8/7/1990,San Antonio,Texas,Business Owner,Retail,39900,9/17/2020
C00159,Samantha,Clark,Female,5/15/1967,Sacramento,California,Self Employed,Retail,29800,10/17/2019
C00160,Benjamin,Carter,Male,12/11/1996,Columbus,Ohio,Student,Retail,39300,9/2/2023
C00161,Elizabeth,Wilson,Female,4/19/1975,Sacramento,California,Retired,Retail,22000,2/3/2018
C00162,David,Andrews,Male,3/9/1987,Tampa,Florida,Business Owner,Premium,135600,3/16/2024
C00163,Larry,Duarte,Male,7/17/1964,Phoenix,Arizona,Self Employed,Retail,66600,2/1/2019
C00164,Larry,Smith,Male,6/18/1983,Austin,Texas,Salaried,SME,96200,6/9/2018
C00165,Jamie,Martinez,Female,8/17/1981,Atlanta,Georgia,Self Employed,Retail,62600,5/29/2022
C00166,Abigail,Waters,Female,10/11/1979,Seattle,Washington,Salaried,Retail,51800,2/17/2022
C00167,Sara,Jones,Female,2/14/2003,Columbus,Ohio,Business Owner,Premium,253800,5/9/2025
C00168,Jennifer,Cobb,Female,4/24/1996,Pittsburgh,Pennsylvania,Self Employed,Retail,48900,8/20/2025
C00169,Michael,Smith,Male,10/23/1962,Orlando,Florida,Student,Retail,26300,8/18/2023
C00170,Laura,Obrien,Female,12/24/1990,Seattle,Washington,Business Owner,Retail,33100,12/11/2019
C00171,Lori,Larson,Female,6/18/1994,Sacramento,California,Self Employed,Retail,127600,10/6/2020
C00172,Nicole,Franco,Female,5/8/1995,Nashville,Tennessee,Business Owner,SME,133000,4/14/2024
C00173,Bonnie,Haynes,Female,2/19/1978,Nashville,Tennessee,Student,Premium,137300,5/10/2025
C00174,Juan,Graham,Male,4/7/1990,Nashville,Tennessee,Retired,SME,43500,7/31/2024
C00175,Shannon,Short,Female,1/22/1975,Orlando,Florida,Freelancer,SME,50800,4/19/2023
C00176,Jonathan,Pierce,Male,3/1/2003,Tampa,Florida,Business Owner,Wealth,511200,8/8/2021
C00177,Matthew,Gonzalez,Male,1/25/2001,Phoenix,Arizona,Student,Retail,59100,12/22/2019
C00178,Amanda,Briggs,Female,8/6/1985,Salt Lake City,Utah,Freelancer,SME,76500,2/4/2024
C00179,Cheyenne,Gutierrez,Female,3/28/1991,Charlotte,North Carolina,Freelancer,Retail,20700,11/19/2020
C00180,Tina,Stewart,Female,12/11/1960,Indianapolis,Indiana,Student,Corporate,145700,10/12/2023
C00181,James,Ramirez,Male,7/22/1965,Columbus,Ohio,Business Owner,Retail,121400,4/21/2022
C00182,Laura,Alvarez,Female,5/11/1988,Orlando,Florida,Business Owner,Retail,81600,10/17/2019
C00183,Joseph,White,Male,9/23/2003,Austin,Texas,Self Employed,Corporate,184000,7/2/2019
C00184,Gary,Kennedy,Male,8/24/1969,Portland,Oregon,Self Employed,Wealth,102300,8/18/2025
C00185,Eric,Williams,Male,9/15/1965,Seattle,Washington,Retired,Retail,20700,1/8/2024
C00186,Kurt,Richardson,Male,6/28/1970,Atlanta,Georgia,Retired,Retail,32300,12/30/2022
C00187,Zachary,Browning,Male,3/17/1989,Salt Lake City,Utah,Student,Retail,58300,11/8/2020
C00188,Amanda,Maldonado,Female,10/3/1973,Minneapolis,Minnesota,Salaried,Retail,43500,3/21/2021
C00189,Sandra,Fox,Female,3/25/1971,San Antonio,Texas,Salaried,Premium,37300,8/28/2025
C00190,Dan,Moreno,Male,11/28/1968,Kansas City,Missouri,Salaried,Retail,26400,4/4/2018
C00191,Virginia,Barton,Female,11/24/1989,Phoenix,Arizona,Self Employed,Retail,60300,2/3/2021
C00192,Dustin,Smith,Male,1/26/1967,Cincinnati,Ohio,Self Employed,Premium,501600,10/3/2018
C00193,Allison,Salazar,Female,1/15/1998,Tampa,Florida,Student,Premium,112000,8/17/2020
C00194,Brittany,Brown,Female,1/5/1973,Kansas City,Missouri,Retired,Retail,20700,9/15/2024
C00195,Victor,Jennings,Male,5/5/1975,Columbus,Ohio,Freelancer,Wealth,157900,8/12/2025
C00196,Adam,Williams,Male,8/2/1995,San Antonio,Texas,Business Owner,Wealth,226800,3/22/2022
C00197,Zachary,Mack,Male,8/8/1994,Indianapolis,Indiana,Retired,SME,37400,8/18/2022
C00198,April,Ho,Female,9/5/1995,San Antonio,Texas,Salaried,Retail,36000,1/3/2024
C00199,Benjamin,Newton,Male,5/13/1963,Cincinnati,Ohio,Student,Premium,197500,5/5/2020
C00200,Christopher,Jenkins,Male,1/7/1979,Columbus,Ohio,Retired,SME,38500,8/10/2021
C00201,Brenda,Wells,Female,8/18/1984,Phoenix,Arizona,Salaried,Premium,69100,2/7/2026
C00202,Judith,Lowe,Female,4/12/1980,Portland,Oregon,Self Employed,Retail,57400,3/14/2020
C00203,Megan,Mcguire,Female,7/19/1974,Columbus,Ohio,Student,SME,71100,2/11/2026
C00204,Timothy,Shaw,Male,3/24/1989,Portland,Oregon,Retired,Corporate,45500,5/19/2018
C00205,James,Morales,Male,1/25/2002,Denver,Colorado,Self Employed,Retail,20700,9/3/2023
C00206,Emily,Fuller,Female,1/20/1983,Sacramento,California,Retired,Premium,96400,3/20/2021
C00207,Katelyn,Smith,Female,12/22/1992,Minneapolis,Minnesota,Business Owner,Retail,116600,12/30/2020
C00208,Christopher,Proctor,Male,6/13/1965,Austin,Texas,Salaried,Retail,22900,7/19/2022
C00209,Rodney,Larson,Male,9/16/1984,Austin,Texas,Retired,Retail,50900,6/24/2018
C00210,Thomas,Miller,Male,12/19/1973,Orlando,Florida,Self Employed,Retail,54100,8/1/2024
C00211,Brian,Cooper,Male,2/10/1985,Atlanta,Georgia,Freelancer,Retail,20700,2/14/2026
C00212,Denise,Reyes,Female,12/12/1992,Denver,Colorado,Business Owner,Retail,35200,5/2/2018
C00213,Stacie,Mills,Female,8/8/1988,Nashville,Tennessee,Salaried,Retail,105900,12/8/2024
C00214,Stephanie,Miller,Female,12/3/1975,Phoenix,Arizona,Business Owner,Retail,20700,1/17/2022
C00215,Julie,Wright,Female,1/10/1965,Tampa,Florida,Student,Retail,67000,3/31/2024
C00216,Michelle,Evans,Female,7/4/1992,Kansas City,Missouri,Salaried,Retail,43700,4/10/2021
C00217,Paul,Munoz,Male,2/24/1984,San Antonio,Texas,Business Owner,SME,77300,5/18/2021
C00218,Jennifer,Robinson,Female,3/3/1991,Nashville,Tennessee,Business Owner,Retail,37600,10/7/2020
C00219,Bailey,Contreras,Female,10/7/1998,Portland,Oregon,Business Owner,Retail,27300,10/30/2022
C00220,Yolanda,Williams,Female,5/11/1968,Seattle,Washington,Business Owner,Premium,130400,10/17/2025
C00221,Brian,Matthews,Male,4/11/1996,Portland,Oregon,Retired,Retail,83200,2/13/2024
C00222,Casey,Alvarez,Male,9/1/2003,Indianapolis,Indiana,Student,Wealth,134800,7/19/2025
C00223,Charles,Johnson,Male,11/10/1968,Portland,Oregon,Student,Retail,86100,9/15/2024
C00224,Alexander,Cooper,Male,7/18/1997,Portland,Oregon,Salaried,Retail,61900,10/13/2020
C00225,Benjamin,Yates,Male,11/20/1970,Raleigh,North Carolina,Salaried,Retail,34700,2/8/2019
C00226,Taylor,Wood,Female,9/24/1974,Nashville,Tennessee,Student,Retail,60800,8/15/2025
C00227,Virginia,Mosley,Female,9/5/2004,Pittsburgh,Pennsylvania,Business Owner,Retail,31100,5/5/2023
C00228,Walter,Huffman,Male,12/23/1988,Tampa,Florida,Retired,Retail,43100,12/16/2019
C00229,James,Clark,Male,6/18/1970,Kansas City,Missouri,Freelancer,Retail,42600,5/16/2025
C00230,James,Gonzalez,Male,1/24/1985,San Antonio,Texas,Self Employed,Premium,45500,2/14/2021
C00231,Suzanne,Marshall,Female,2/26/1996,Denver,Colorado,Freelancer,SME,46000,6/28/2023
C00232,Christopher,Wilson,Male,6/20/2000,Charlotte,North Carolina,Freelancer,Retail,45400,12/1/2025
C00233,Pamela,Martin,Female,10/3/1999,Phoenix,Arizona,Freelancer,Premium,72700,8/3/2019
C00234,Matthew,Chen,Male,7/20/1984,Charlotte,North Carolina,Retired,Retail,44500,11/15/2019
C00235,April,Taylor,Female,3/6/1978,Portland,Oregon,Self Employed,Retail,48500,3/10/2020
C00236,Sophia,Lloyd,Female,9/21/1995,Austin,Texas,Self Employed,Retail,68600,12/5/2018
C00237,Rebecca,Barron,Female,4/10/1961,Pittsburgh,Pennsylvania,Retired,Retail,35300,9/24/2023
C00238,Briana,Miller,Female,2/9/1996,Tampa,Florida,Retired,Corporate,181200,6/14/2020
C00239,Cheyenne,Miller,Female,12/27/1966,San Antonio,Texas,Salaried,Premium,50300,8/28/2020
C00240,John,Brown,Male,12/12/1997,Cincinnati,Ohio,Self Employed,SME,85400,9/1/2018
C00241,Shawn,Thomas,Male,9/9/1982,Pittsburgh,Pennsylvania,Self Employed,Premium,57900,8/13/2022
C00242,Olivia,Tate,Female,11/5/1977,Salt Lake City,Utah,Student,Premium,61000,8/6/2019
C00243,Natalie,Richardson,Female,5/21/2000,Pittsburgh,Pennsylvania,Retired,Retail,45000,2/13/2021
C00244,Rebecca,Perez,Female,8/11/1989,Raleigh,North Carolina,Self Employed,Premium,139400,10/26/2022
C00245,Kelsey,Sparks,Female,5/11/1991,Cincinnati,Ohio,Freelancer,SME,49600,7/18/2018
C00246,Michael,Griffin,Male,11/26/1966,Salt Lake City,Utah,Freelancer,SME,39300,5/21/2021
C00247,Matthew,Miles,Male,2/21/1977,Indianapolis,Indiana,Student,Retail,59000,5/8/2025
C00248,Matthew,Miller,Male,1/7/1966,Denver,Colorado,Salaried,Retail,32500,10/20/2025
C00249,Timothy,Newman,Male,7/23/1967,Columbus,Ohio,Business Owner,Retail,26400,2/14/2022
C00250,Gary,Black,Male,7/25/1968,Phoenix,Arizona,Retired,SME,190900,4/26/2024
C00251,Lisa,Edwards,Female,11/6/1999,Minneapolis,Minnesota,Self Employed,Retail,89500,12/22/2018
C00252,William,Webb,Male,2/19/1968,Tampa,Florida,Business Owner,Corporate,87600,3/25/2025
C00253,Ashley,Martinez,Female,9/20/1975,Denver,Colorado,Self Employed,Premium,145000,10/22/2023
C00254,Tonya,Trujillo,Female,4/24/1992,Seattle,Washington,Student,Retail,96300,4/7/2019
C00255,Tiffany,Hardin,Female,11/20/1991,Orlando,Florida,Business Owner,Retail,42000,2/16/2024
C00256,Lindsay,Hill,Female,2/1/1990,Indianapolis,Indiana,Student,Premium,80000,11/14/2025
C00257,Laura,Anderson,Female,11/18/1965,Austin,Texas,Freelancer,Retail,34300,11/27/2022
C00258,Gary,Long,Male,4/3/1963,Orlando,Florida,Salaried,SME,29000,2/21/2018
C00259,Michael,Smith,Male,1/6/2004,Atlanta,Georgia,Business Owner,Retail,37700,6/4/2019
C00260,Martin,Trevino,Male,1/11/1967,Nashville,Tennessee,Student,SME,56600,2/8/2023
C00261,Aaron,Juarez,Male,1/16/1983,Charlotte,North Carolina,Self Employed,SME,49100,9/16/2023
C00262,Christine,Smith,Female,1/8/1962,Minneapolis,Minnesota,Self Employed,Retail,20700,8/11/2021
C00263,Barry,Roman,Male,12/11/1986,Orlando,Florida,Self Employed,Retail,27000,10/14/2023
C00264,Christina,Rivera,Female,2/15/1985,Salt Lake City,Utah,Salaried,SME,103600,2/20/2022
C00265,Mitchell,Miller,Male,10/26/1978,Cincinnati,Ohio,Freelancer,Retail,63100,2/17/2024
C00266,Heather,Carter,Female,1/14/1969,Orlando,Florida,Salaried,Retail,56700,5/16/2025
C00267,Sydney,Gaines,Female,2/7/1979,Austin,Texas,Salaried,Retail,31300,6/29/2018
C00268,Paul,Garcia,Male,7/23/1993,Orlando,Florida,Freelancer,SME,61000,6/4/2022
C00269,Becky,Sanchez,Female,10/2/1997,Denver,Colorado,Business Owner,Retail,36600,1/29/2023
C00270,Heather,Murray,Female,2/7/1974,Nashville,Tennessee,Student,Retail,67700,7/10/2021
C00271,Tyler,Bell,Male,9/12/1967,San Antonio,Texas,Self Employed,Wealth,102400,9/11/2025
C00272,Alexandria,Perez,Female,10/2/2004,Phoenix,Arizona,Student,Retail,75500,10/5/2023
C00273,Larry,Chen,Male,5/9/2003,Salt Lake City,Utah,Student,SME,151300,2/22/2019
C00274,Taylor,Davis,Female,1/2/1967,Atlanta,Georgia,Salaried,SME,115900,3/31/2018
C00275,Joshua,Brown,Male,11/15/1972,Denver,Colorado,Retired,SME,99300,11/10/2022
C00276,Caitlin,Smith,Female,1/13/1991,Austin,Texas,Student,Premium,61800,9/1/2019
C00277,James,Mcneil,Male,10/20/1999,Salt Lake City,Utah,Salaried,Retail,36600,2/19/2021
C00278,Jon,Lynn,Male,7/7/1968,Austin,Texas,Student,Premium,133000,12/31/2025
C00279,Kyle,Fitzgerald,Male,9/26/1990,Raleigh,North Carolina,Salaried,Retail,111300,7/30/2021
C00280,Gary,Johnston,Male,1/26/1974,Seattle,Washington,Self Employed,Corporate,126100,5/14/2025
C00281,Samantha,Arnold,Female,9/27/1977,Orlando,Florida,Business Owner,Corporate,288800,12/13/2019
C00282,Erica,Bryant,Female,10/11/1975,Indianapolis,Indiana,Retired,SME,187500,6/19/2021
C00283,Ashley,Smith,Female,1/3/1991,Indianapolis,Indiana,Retired,Retail,56100,4/5/2020
C00284,James,Thomas,Male,12/6/1981,Atlanta,Georgia,Salaried,SME,115100,11/26/2023
C00285,Benjamin,Pena,Male,6/23/1964,Raleigh,North Carolina,Self Employed,SME,63800,3/19/2026
C00286,Ashlee,Woodward,Female,8/21/2000,San Antonio,Texas,Self Employed,Retail,79500,6/19/2025
C00287,Lisa,Erickson,Female,7/10/1971,Pittsburgh,Pennsylvania,Retired,Corporate,88400,5/13/2018
C00288,Robert,Melton,Male,6/26/1998,Indianapolis,Indiana,Business Owner,Wealth,83300,11/15/2018
C00289,Steven,Lee,Male,6/6/1982,Orlando,Florida,Business Owner,Premium,165600,5/8/2020
C00290,Jennifer,Evans,Female,2/12/2004,Orlando,Florida,Student,Retail,34000,12/9/2021
C00291,Matthew,Brown,Male,2/27/1984,Kansas City,Missouri,Student,Retail,136100,10/29/2018
C00292,Mark,Le,Male,1/11/1978,Salt Lake City,Utah,Freelancer,Retail,28900,11/4/2018
C00293,Robert,Greene,Male,6/20/1965,Kansas City,Missouri,Salaried,Wealth,126600,2/19/2019
C00294,Michele,Juarez,Female,4/14/1973,Columbus,Ohio,Self Employed,Premium,199000,1/28/2019
C00295,Mary,Anderson,Female,10/18/1985,Salt Lake City,Utah,Freelancer,SME,42700,1/4/2025
C00296,Robert,Cooper,Male,4/4/1990,Seattle,Washington,Business Owner,Retail,32800,6/17/2022
C00297,Grace,Johnson,Female,11/9/1991,Portland,Oregon,Self Employed,Retail,53500,12/31/2022
C00298,Bryan,Wallace,Male,8/15/1976,Salt Lake City,Utah,Freelancer,Retail,105600,11/9/2021
C00299,Paul,Garcia,Male,10/8/1986,Kansas City,Missouri,Student,Premium,77600,5/9/2021
C00300,Aaron,Bates,Male,12/2/1985,Denver,Colorado,Self Employed,Retail,79100,5/17/2020
C00301,Gina,Moss,Female,1/14/1968,Cincinnati,Ohio,Business Owner,Retail,63200,2/26/2026
C00302,Brittany,Carr,Female,7/18/1965,Denver,Colorado,Salaried,Retail,40600,8/25/2022
C00303,Kerry,Cohen,Female,10/19/1969,Atlanta,Georgia,Salaried,Premium,48100,12/7/2019
C00304,Ryan,Campos,Male,3/20/1985,Nashville,Tennessee,Salaried,Premium,110800,5/1/2023
C00305,John,Anderson,Male,1/11/1983,Nashville,Tennessee,Self Employed,SME,55000,5/15/2021
C00306,Angelica,Sawyer,Female,5/24/1980,Sacramento,California,Retired,Retail,60300,3/12/2022
C00307,Ryan,Williams,Male,3/3/1992,Salt Lake City,Utah,Self Employed,Retail,51300,2/29/2020
C00308,Troy,Cobb,Male,4/2/1963,Cincinnati,Ohio,Freelancer,Retail,20700,5/6/2018
C00309,Ruth,Montgomery,Female,8/20/1983,Orlando,Florida,Self Employed,Retail,116300,11/25/2020
C00310,Kathleen,Frazier,Female,1/13/1978,Denver,Colorado,Freelancer,Retail,36000,8/5/2022
C00311,Taylor,Fischer,Male,11/1/1961,Charlotte,North Carolina,Business Owner,Retail,33400,10/27/2024
C00312,Heather,Clark,Female,5/14/2001,Phoenix,Arizona,Freelancer,SME,131500,11/3/2023
C00313,Natalie,Green,Female,10/4/1985,Seattle,Washington,Business Owner,Retail,105600,9/4/2025
C00314,Tracy,Lloyd,Male,2/11/1990,Tampa,Florida,Self Employed,Wealth,397700,10/20/2023
C00315,Janice,Fowler,Female,10/13/1963,Orlando,Florida,Business Owner,Premium,168900,9/11/2022
C00316,Kelly,Campbell,Female,12/2/1984,Austin,Texas,Freelancer,Premium,54600,1/8/2022
C00317,Megan,Wilson,Female,3/27/1979,Charlotte,North Carolina,Freelancer,Premium,99000,4/8/2024
C00318,Melanie,Bowman,Female,6/21/2003,Indianapolis,Indiana,Business Owner,Retail,29800,12/3/2020
C00319,Taylor,Gonzales,Male,8/28/1978,Pittsburgh,Pennsylvania,Freelancer,Retail,62100,4/13/2022
C00320,Jeffrey,Davis,Male,7/2/1979,Charlotte,North Carolina,Self Employed,SME,59100,6/18/2024
C00321,Garrett,Ryan,Male,2/5/1991,Indianapolis,Indiana,Salaried,Premium,113100,12/27/2023
C00322,Joseph,Hill,Male,1/11/1983,Cincinnati,Ohio,Freelancer,Corporate,115300,11/11/2021
C00323,Jacqueline,Robinson,Female,2/13/1968,Phoenix,Arizona,Student,Retail,41800,3/1/2026
C00324,Holly,Smith,Female,9/11/1998,Charlotte,North Carolina,Self Employed,Retail,62400,11/7/2019
C00325,Maria,Shepard,Female,4/8/1961,Austin,Texas,Freelancer,Premium,101400,11/13/2020
C00326,Jacob,Dickerson,Male,1/20/1999,Kansas City,Missouri,Student,Wealth,237300,12/25/2022
C00327,Patricia,Gilbert,Female,9/9/1967,Austin,Texas,Student,Retail,20700,6/3/2025
C00328,Walter,Foley,Male,9/9/2002,Tampa,Florida,Business Owner,Premium,126900,4/12/2019
C00329,Jasmine,Nguyen,Female,4/20/1991,Tampa,Florida,Business Owner,Retail,31800,10/19/2019
C00330,Lance,Jenkins,Male,8/7/1995,Salt Lake City,Utah,Retired,Premium,89400,7/3/2025
C00331,Angela,Norris,Female,2/25/1969,Portland,Oregon,Business Owner,Retail,64300,12/17/2020
C00332,Lorraine,Austin,Female,2/27/1963,Sacramento,California,Freelancer,Retail,27600,4/20/2019
C00333,Ashley,James,Female,1/28/1962,Tampa,Florida,Freelancer,Retail,62600,1/16/2019
C00334,Dorothy,Green,Female,3/4/1981,Raleigh,North Carolina,Freelancer,Retail,92600,11/15/2019
C00335,Sarah,Vasquez,Female,12/24/1968,Tampa,Florida,Self Employed,Retail,41900,11/8/2024
C00336,Jennifer,Smith,Female,10/1/1982,Austin,Texas,Student,SME,145600,7/8/2018
C00337,Jordan,Anderson,Male,11/11/1976,Denver,Colorado,Freelancer,Retail,105700,10/17/2021
C00338,Laura,Davis,Female,12/23/1993,Charlotte,North Carolina,Self Employed,Premium,72600,4/5/2024
C00339,Todd,Branch,Male,1/21/1963,Seattle,Washington,Student,SME,71900,8/6/2021
C00340,Sean,Green,Male,5/2/1981,Orlando,Florida,Student,Retail,54900,12/25/2022
C00341,Alexander,Mccormick,Male,2/28/1988,Pittsburgh,Pennsylvania,Retired,Retail,46300,12/10/2024
C00342,Tyler,Bowers,Male,9/7/1992,Phoenix,Arizona,Student,Premium,86000,9/21/2021
C00343,Peter,Pierce,Male,10/16/1999,Kansas City,Missouri,Business Owner,Premium,72400,12/25/2021
C00344,Eric,Martinez,Male,9/12/1995,Phoenix,Arizona,Business Owner,Premium,37300,11/7/2024
C00345,David,Moss,Male,2/28/1972,Cincinnati,Ohio,Student,Retail,42300,7/10/2018
C00346,Connie,Jackson,Female,8/15/1967,Pittsburgh,Pennsylvania,Retired,Premium,91400,6/2/2023
C00347,Maria,Wells,Female,12/19/1971,Charlotte,North Carolina,Retired,Retail,70900,4/25/2022
C00348,Thomas,Gamble,Male,12/25/1998,San Antonio,Texas,Self Employed,Retail,43900,8/18/2022
C00349,Michael,Clayton,Male,12/17/2004,Seattle,Washington,Self Employed,Retail,199200,5/8/2020
C00350,Stephanie,Graham,Female,11/12/1978,Seattle,Washington,Freelancer,SME,29000,4/18/2019
C00351,Angela,Benjamin,Female,8/19/1995,Raleigh,North Carolina,Student,Premium,120100,2/22/2018
C00352,Kimberly,Perez,Female,1/13/1966,Charlotte,North Carolina,Freelancer,Retail,62200,10/23/2020
C00353,Michael,Cantrell,Male,12/26/1963,Atlanta,Georgia,Freelancer,Retail,70800,4/4/2025
C00354,Sandy,Wheeler,Female,4/17/1984,Kansas City,Missouri,Student,Corporate,166300,9/3/2022
C00355,Daniel,Chen,Male,1/1/1995,Columbus,Ohio,Freelancer,Corporate,206100,3/3/2020
C00356,Alice,Lynn,Female,3/22/1988,Phoenix,Arizona,Salaried,Retail,38300,9/15/2021
C00357,Kristin,Blair,Female,1/5/1969,Sacramento,California,Student,SME,106700,6/3/2024
C00358,Steven,Cook,Male,2/26/1982,Kansas City,Missouri,Student,Premium,159900,2/3/2024
C00359,Brian,Li,Male,2/12/1985,Kansas City,Missouri,Retired,Retail,33900,12/13/2023
C00360,Daryl,Reyes,Male,11/1/1995,Portland,Oregon,Salaried,Retail,42000,8/27/2025
C00361,Alyssa,Oliver,Female,2/13/1984,Columbus,Ohio,Student,Retail,54500,6/29/2018
C00362,Derek,Baker,Male,4/11/2001,Phoenix,Arizona,Freelancer,Retail,129200,1/22/2025
C00363,David,Pierce,Male,7/27/2003,Cincinnati,Ohio,Freelancer,Retail,57400,9/11/2025
C00364,Colleen,Bailey,Female,8/23/1961,Atlanta,Georgia,Student,Retail,95400,5/9/2022
C00365,Kevin,Edwards,Male,7/14/2000,Sacramento,California,Freelancer,Retail,45200,7/26/2024
C00366,Tiffany,Young,Female,2/12/2004,Salt Lake City,Utah,Student,SME,58000,5/30/2025
C00367,Terri,Edwards,Female,3/18/1990,Minneapolis,Minnesota,Freelancer,Retail,160000,8/14/2019
C00368,Lonnie,Schwartz,Male,12/21/2003,Phoenix,Arizona,Salaried,Retail,131500,1/21/2018
C00369,David,Barton,Male,7/18/1998,Pittsburgh,Pennsylvania,Student,Retail,31000,3/30/2025
C00370,Timothy,Schultz,Male,3/6/1969,Charlotte,North Carolina,Retired,Retail,75300,3/5/2023
C00371,Ricardo,Salazar,Male,5/22/1964,Kansas City,Missouri,Business Owner,Retail,50000,12/12/2024
C00372,Julie,Parker,Female,6/16/1972,Denver,Colorado,Business Owner,Retail,59600,10/21/2022
C00373,Alan,Henry,Male,6/8/1960,Indianapolis,Indiana,Freelancer,Corporate,195500,9/20/2021
C00374,David,Crawford,Male,8/12/1989,Portland,Oregon,Business Owner,Corporate,110400,7/28/2019
C00375,Michelle,Lyons,Female,5/24/1972,Kansas City,Missouri,Retired,SME,29000,5/21/2020
C00376,Ashley,Boone,Female,5/18/1995,Salt Lake City,Utah,Self Employed,SME,79400,8/12/2024
C00377,Lawrence,Johns,Male,8/17/1968,Phoenix,Arizona,Retired,Retail,41800,7/29/2019
C00378,Douglas,Hall,Male,3/19/1970,Sacramento,California,Student,SME,109600,8/7/2020
C00379,Joshua,Newman,Male,6/8/1976,Denver,Colorado,Freelancer,Retail,39700,8/20/2021
C00380,Alexis,Mcdonald,Female,11/27/1993,Tampa,Florida,Freelancer,Retail,87500,3/31/2022
C00381,Kimberly,Anderson,Female,11/27/1997,Raleigh,North Carolina,Student,Retail,32800,10/10/2024
C00382,Nathan,Williams,Male,3/15/1992,Minneapolis,Minnesota,Freelancer,Retail,36400,8/1/2020
C00383,Kenneth,Clark,Male,12/4/1981,San Antonio,Texas,Self Employed,Retail,49600,6/26/2018
C00384,Brian,Barnes,Male,10/6/1996,Atlanta,Georgia,Business Owner,Retail,56800,1/8/2020
C00385,Alec,Nelson,Male,10/19/1985,Charlotte,North Carolina,Self Employed,Premium,46400,8/10/2022
C00386,Renee,Gaines,Female,10/27/1969,Seattle,Washington,Retired,Corporate,142000,8/16/2024
C00387,James,Miller,Male,7/13/1974,Denver,Colorado,Retired,Retail,111100,8/24/2023
C00388,Suzanne,Garza,Female,8/22/1965,Tampa,Florida,Business Owner,Retail,89600,6/27/2018
C00389,Anthony,Shea,Male,4/26/1987,Charlotte,North Carolina,Student,Retail,75200,7/3/2019
C00390,Francisco,Frye,Male,4/28/1990,Nashville,Tennessee,Freelancer,Retail,62300,1/30/2018
C00391,Patricia,Payne,Female,2/17/1993,Pittsburgh,Pennsylvania,Salaried,Retail,81200,9/26/2019
C00392,Brenda,Nichols,Female,10/9/2001,San Antonio,Texas,Self Employed,Retail,55000,8/20/2022
C00393,Anna,Brown,Female,8/6/1995,Kansas City,Missouri,Freelancer,Retail,54500,6/19/2022
C00394,Jordan,Johnston,Male,2/24/2002,Atlanta,Georgia,Self Employed,Retail,23600,5/13/2022
C00395,Donald,Fowler,Male,3/16/1965,Minneapolis,Minnesota,Retired,SME,66700,6/4/2018
C00396,Susan,Fox,Female,10/21/1985,Austin,Texas,Student,Retail,83500,2/13/2018
C00397,Fred,Parrish,Male,9/10/2002,Cincinnati,Ohio,Freelancer,Retail,88000,5/28/2018
C00398,Jennifer,Davis,Female,11/1/1975,Raleigh,North Carolina,Student,Wealth,89100,7/28/2024
C00399,Alice,Silva,Female,1/24/1993,Cincinnati,Ohio,Business Owner,Premium,220400,2/6/2021
C00400,Jeffrey,Campbell,Male,4/15/1998,Orlando,Florida,Retired,SME,78400,10/24/2018
C00401,Bonnie,Taylor,Female,6/4/1978,Charlotte,North Carolina,Retired,SME,142700,6/4/2023
C00402,David,Phillips,Male,8/22/1981,Orlando,Florida,Student,Retail,55300,2/8/2025
C00403,Casey,Rhodes,Female,12/8/2003,Orlando,Florida,Self Employed,SME,62700,3/22/2021
C00404,Heidi,Adams,Female,11/24/1985,Denver,Colorado,Self Employed,SME,68800,8/30/2025
C00405,Devon,Wilkinson,Male,12/7/1991,Cincinnati,Ohio,Retired,Retail,36500,12/29/2021
C00406,Nicholas,Smith,Male,2/3/1966,Atlanta,Georgia,Student,Premium,136500,3/1/2022
C00407,Carla,Thornton,Female,8/19/1980,Seattle,Washington,Student,SME,40900,6/28/2020
C00408,Hannah,Jackson,Female,1/17/1968,Pittsburgh,Pennsylvania,Freelancer,Corporate,107100,12/17/2019
C00409,Angelica,Yu,Female,12/17/1967,Sacramento,California,Self Employed,Retail,26500,2/25/2024
C00410,Amy,Wilson,Female,5/16/1975,Nashville,Tennessee,Freelancer,Wealth,127300,3/5/2022
C00411,Megan,Porter,Female,5/15/1985,Raleigh,North Carolina,Self Employed,Retail,22400,3/24/2024
C00412,Katherine,Ruiz,Female,4/5/1984,San Antonio,Texas,Student,SME,109200,7/5/2019
C00413,Lauren,Prince,Female,12/11/1994,Charlotte,North Carolina,Salaried,Corporate,72700,9/29/2025
C00414,Jennifer,Bryant,Female,4/27/1963,Indianapolis,Indiana,Business Owner,Retail,69500,3/23/2018
C00415,Christopher,Conway,Male,6/28/1967,San Antonio,Texas,Business Owner,Premium,115900,12/25/2021
C00416,Deanna,Mcclain,Female,9/16/2003,Columbus,Ohio,Freelancer,Corporate,106000,8/17/2019
C00417,Danny,Mccoy,Male,6/14/2000,Indianapolis,Indiana,Business Owner,Premium,143200,7/23/2020
C00418,Kristin,Mitchell,Female,11/10/1980,Columbus,Ohio,Freelancer,Premium,108000,8/1/2024
C00419,Victor,Norris,Male,7/6/1988,Charlotte,North Carolina,Salaried,Retail,62500,9/19/2018
C00420,Angela,Page,Female,1/1/1995,Portland,Oregon,Self Employed,Corporate,45500,10/10/2020
C00421,Debra,Lloyd,Female,11/5/1988,Phoenix,Arizona,Retired,Retail,153600,1/20/2021
C00422,Miranda,Moore,Female,3/23/1988,Kansas City,Missouri,Retired,Retail,59600,3/5/2025
C00423,Tiffany,Knapp,Female,6/16/1979,Kansas City,Missouri,Self Employed,Retail,85200,5/28/2021
C00424,Holly,Walsh,Female,9/27/1960,Minneapolis,Minnesota,Student,Corporate,69200,5/12/2021
C00425,Michele,Harris,Female,5/20/1987,Minneapolis,Minnesota,Student,Retail,24200,10/20/2020
C00426,Candace,Floyd,Female,7/27/2001,Indianapolis,Indiana,Business Owner,Retail,34500,4/10/2025
C00427,Candace,Johns,Female,7/7/1977,Kansas City,Missouri,Business Owner,SME,46700,11/9/2025
C00428,Angela,Watkins,Female,4/11/1991,Seattle,Washington,Business Owner,Retail,20700,5/28/2019
C00429,Kathryn,Hayes,Female,4/3/1960,Sacramento,California,Student,Retail,50400,10/25/2025
C00430,Taylor,Johnson,Female,2/27/1981,Salt Lake City,Utah,Self Employed,Corporate,71000,2/27/2020
C00431,Jose,Peterson,Male,1/4/1984,Nashville,Tennessee,Self Employed,Wealth,212200,3/3/2023
C00432,Thomas,Anderson,Male,11/7/1993,Tampa,Florida,Freelancer,Retail,65300,3/1/2024
C00433,Brandy,Cannon,Female,5/16/1967,Charlotte,North Carolina,Business Owner,Premium,142000,3/3/2018
C00434,Timothy,Mills,Male,10/4/1977,Indianapolis,Indiana,Business Owner,Retail,65200,1/2/2019
C00435,Eric,Chapman,Male,8/3/1970,Orlando,Florida,Self Employed,Premium,118800,6/22/2023
C00436,Matthew,Clark,Male,9/26/1980,Orlando,Florida,Freelancer,Premium,37300,3/28/2022
C00437,Stephen,Smith,Male,5/2/1968,Raleigh,North Carolina,Retired,Retail,46800,2/4/2020
C00438,Justin,Thomas,Male,6/24/1982,Kansas City,Missouri,Salaried,Retail,120800,12/16/2023
C00439,Tiffany,Johnson,Female,5/27/1988,Atlanta,Georgia,Retired,Retail,62700,9/5/2020
C00440,Scott,Lyons,Male,11/18/1964,Columbus,Ohio,Retired,SME,29000,3/5/2021
C00441,Dean,Mclean,Male,11/11/1986,Columbus,Ohio,Salaried,Retail,52100,4/7/2020
C00442,Sarah,Medina,Female,4/4/1991,Tampa,Florida,Salaried,Retail,63300,2/9/2022
C00443,Megan,Baker,Female,12/3/1998,Orlando,Florida,Business Owner,Retail,46800,12/11/2025
C00444,Donald,Rodriguez,Male,5/17/1999,Salt Lake City,Utah,Salaried,Retail,28400,2/18/2026
C00445,Kelli,Walker,Female,7/7/1994,Orlando,Florida,Freelancer,Retail,71800,3/9/2019
C00446,Rebecca,Warner,Female,11/15/1982,Pittsburgh,Pennsylvania,Retired,Premium,84800,10/14/2021
C00447,Amanda,Dominguez,Female,10/15/1994,Indianapolis,Indiana,Freelancer,SME,165700,10/30/2022
C00448,Erica,Adams,Female,4/19/1998,Columbus,Ohio,Student,Retail,39100,1/7/2023
C00449,John,Lowe,Male,12/2/1960,Austin,Texas,Business Owner,Wealth,184100,6/27/2020
C00450,James,Stewart,Male,1/25/1980,Cincinnati,Ohio,Salaried,SME,91200,6/4/2018
C00451,Michael,Gonzales,Male,3/5/1982,Sacramento,California,Retired,Retail,83100,6/26/2022
C00452,Thomas,Johnson,Male,12/3/1973,Pittsburgh,Pennsylvania,Retired,Premium,127900,3/15/2025
C00453,Michelle,Montoya,Female,12/26/1962,Phoenix,Arizona,Salaried,Premium,135500,7/17/2020
C00454,Matthew,Waller,Male,11/25/1960,Seattle,Washington,Business Owner,Premium,37800,8/20/2023
C00455,Jose,Rowe,Male,1/22/1969,Orlando,Florida,Self Employed,Corporate,93300,11/5/2022
C00456,Shannon,Morales,Female,3/5/1985,Phoenix,Arizona,Salaried,Retail,46500,6/21/2022
C00457,Mark,Curry,Male,12/5/1987,Charlotte,North Carolina,Retired,Corporate,109400,11/28/2024
C00458,Todd,Luna,Male,4/3/1975,Charlotte,North Carolina,Freelancer,Retail,41300,8/22/2022
C00459,Molly,Bailey,Female,6/7/1983,San Antonio,Texas,Retired,Retail,55700,12/17/2022
C00460,Thomas,Flowers,Male,8/2/1969,Seattle,Washington,Freelancer,SME,32000,8/12/2018
C00461,Samantha,Pierce,Female,3/28/1999,Orlando,Florida,Student,SME,52500,4/14/2023
C00462,Pamela,Aguilar,Female,4/24/1981,Minneapolis,Minnesota,Retired,Retail,28300,3/9/2026
C00463,Richard,Hull,Male,12/22/2004,Atlanta,Georgia,Salaried,Retail,64200,3/9/2021
C00464,Curtis,Anderson,Male,10/9/2004,Cincinnati,Ohio,Salaried,Retail,44000,4/13/2021
C00465,Jacob,Johnson,Male,7/17/1974,Austin,Texas,Self Employed,Wealth,87900,3/25/2020
C00466,Jennifer,Garcia,Female,9/23/1989,Charlotte,North Carolina,Freelancer,Retail,30700,10/6/2019
C00467,Linda,Johnson,Female,11/12/1982,Minneapolis,Minnesota,Salaried,Retail,94900,3/23/2024
C00468,Greg,Ramirez,Male,3/11/1974,Nashville,Tennessee,Student,SME,83800,9/11/2020
C00469,Joseph,Schwartz,Male,7/10/1969,Pittsburgh,Pennsylvania,Self Employed,SME,50100,6/19/2021
C00470,Curtis,Alexander,Male,7/25/1968,Charlotte,North Carolina,Business Owner,Retail,34500,8/20/2019
C00471,Joshua,Aguirre,Male,7/14/1980,Minneapolis,Minnesota,Self Employed,Retail,186600,3/14/2019
C00472,Timothy,Richardson,Male,1/25/1971,Atlanta,Georgia,Self Employed,Wealth,201900,9/16/2025
C00473,Meagan,Vincent,Female,2/23/1982,Minneapolis,Minnesota,Student,Corporate,102900,7/18/2019
C00474,Brandon,Parker,Male,4/2/1972,Indianapolis,Indiana,Salaried,Retail,87900,12/27/2019
C00475,Erin,Anderson,Female,8/23/1999,Sacramento,California,Freelancer,Retail,48200,7/5/2021
C00476,Matthew,Robles,Male,12/19/1999,Austin,Texas,Student,Premium,110900,2/15/2023
C00477,Frederick,Rodriguez,Male,9/18/1975,Salt Lake City,Utah,Business Owner,Retail,84000,12/6/2022
C00478,David,Meadows,Male,5/15/1979,Austin,Texas,Self Employed,Retail,46200,7/25/2024
C00479,Brittany,Flores,Female,7/14/1968,Kansas City,Missouri,Salaried,Retail,22400,10/21/2020
C00480,Patricia,Nguyen,Female,11/23/2004,Columbus,Ohio,Salaried,Corporate,141600,11/16/2023
C00481,Terry,Mcfarland,Male,10/6/1992,Austin,Texas,Self Employed,Retail,31300,8/16/2019
C00482,Luis,Graham,Male,7/10/1963,Indianapolis,Indiana,Self Employed,Retail,80400,4/10/2020
C00483,Jennifer,Stafford,Female,5/1/1999,Minneapolis,Minnesota,Self Employed,Retail,106100,6/7/2020
C00484,Gloria,Thompson,Female,8/15/2002,Pittsburgh,Pennsylvania,Retired,Retail,20700,1/18/2025
C00485,Regina,Torres,Female,1/6/1973,Kansas City,Missouri,Business Owner,Retail,59100,12/26/2018
C00486,Zachary,Perez,Male,7/6/1966,Salt Lake City,Utah,Student,Retail,27900,6/29/2024
C00487,Brian,Sosa,Male,2/25/1962,Raleigh,North Carolina,Business Owner,Retail,41700,4/13/2023
C00488,James,Wallace,Male,12/28/1967,Atlanta,Georgia,Salaried,Retail,53700,5/29/2024
C00489,Anna,Nguyen,Female,8/24/1965,Charlotte,North Carolina,Self Employed,Premium,54800,11/21/2024
C00490,Sarah,Lamb,Female,9/24/1991,Pittsburgh,Pennsylvania,Self Employed,Premium,90800,1/7/2018
C00491,Kathleen,Bailey,Female,8/21/1961,Tampa,Florida,Salaried,Corporate,148500,9/29/2021
C00492,Taylor,Oneill,Female,11/7/1995,Raleigh,North Carolina,Business Owner,Retail,34400,9/7/2023
C00493,Alan,Alvarez,Male,1/4/1980,Kansas City,Missouri,Self Employed,Premium,53200,9/15/2021
C00494,Carol,Kennedy,Female,8/16/2003,Columbus,Ohio,Student,Corporate,145900,8/23/2022
C00495,Jennifer,Proctor,Female,5/19/1993,Salt Lake City,Utah,Business Owner,Premium,62900,9/29/2018
C00496,Courtney,Johnson,Female,1/11/1977,Atlanta,Georgia,Self Employed,Wealth,325500,9/3/2024
C00497,Linda,Collins,Female,12/28/1979,Tampa,Florida,Student,Retail,23900,5/24/2021
C00498,Katherine,Harris,Female,5/6/1993,Cincinnati,Ohio,Retired,Retail,170600,4/13/2018
C00499,Devon,Buckley,Male,3/7/1992,Portland,Oregon,Salaried,Retail,45000,10/16/2023
C00500,Edward,Thomas,Male,12/2/1973,Atlanta,Georgia,Freelancer,Retail,77600,8/31/2024
C00501,Jamie,Torres,Female,8/2/1981,Denver,Colorado,Freelancer,Retail,136500,5/9/2020
C00502,Joshua,Simon,Male,4/10/1972,Columbus,Ohio,Self Employed,Retail,37500,1/25/2021
C00503,Aaron,Brown,Male,10/18/1960,Tampa,Florida,Freelancer,Retail,33200,3/6/2021
C00504,Ricky,Cain,Male,3/3/1975,Pittsburgh,Pennsylvania,Student,Retail,113900,7/29/2025
C00505,Susan,Camacho,Female,7/2/1966,Salt Lake City,Utah,Retired,Retail,36000,12/27/2021
C00506,Jerry,Cole,Male,4/23/1981,Phoenix,Arizona,Student,Corporate,120100,6/25/2021
C00507,Gerald,Montoya,Male,4/8/1990,Sacramento,California,Freelancer,Retail,84200,6/17/2025
C00508,Christina,Harding,Female,8/16/1980,Columbus,Ohio,Business Owner,Retail,49100,10/11/2024
C00509,Angela,Pearson,Female,9/4/1968,Pittsburgh,Pennsylvania,Retired,Retail,63800,3/4/2023
C00510,Rachel,Martin,Female,7/8/1997,Austin,Texas,Self Employed,Premium,518000,10/13/2025
C00511,Elizabeth,Young,Female,7/19/1987,Pittsburgh,Pennsylvania,Salaried,Corporate,118300,8/22/2024
C00512,Joseph,Franklin,Male,6/18/1989,Seattle,Washington,Freelancer,Retail,47200,9/8/2024
C00513,Catherine,Berry,Female,8/21/1980,Austin,Texas,Retired,Premium,61900,6/25/2024
C00514,Shannon,Davenport,Female,4/22/1972,Sacramento,California,Freelancer,SME,29000,11/11/2021
C00515,Pamela,Thomas,Female,1/20/1997,Denver,Colorado,Retired,Wealth,137600,8/6/2018
C00516,Brianna,Williams,Female,6/4/1995,Minneapolis,Minnesota,Freelancer,SME,111800,7/27/2021
C00517,Stephanie,Duncan,Female,7/14/1985,Austin,Texas,Business Owner,Retail,68100,9/5/2022
C00518,Michael,Wilson,Male,11/5/1978,Atlanta,Georgia,Self Employed,Retail,76400,3/15/2025
C00519,Stacy,Wells,Female,12/20/1989,San Antonio,Texas,Student,SME,88100,12/26/2021
C00520,Lisa,Blair,Female,7/20/1971,Orlando,Florida,Student,Retail,50500,2/16/2024
C00521,Thomas,Sims,Male,1/2/1983,Pittsburgh,Pennsylvania,Freelancer,Premium,113900,3/15/2026
C00522,Kerry,Davis,Female,8/17/1977,Charlotte,North Carolina,Retired,Retail,46000,8/5/2018
C00523,Nicole,Gomez,Female,1/16/1994,Columbus,Ohio,Business Owner,Retail,125000,3/30/2021
C00524,Francis,Cunningham,Male,12/20/1962,Indianapolis,Indiana,Retired,Corporate,182900,7/31/2018
C00525,Amanda,Garcia,Female,1/10/1999,Phoenix,Arizona,Business Owner,Retail,72800,2/28/2018
C00526,Michael,Moody,Male,3/19/1998,Tampa,Florida,Student,Corporate,142000,1/11/2020
C00527,Christina,Thompson,Female,6/3/1962,Charlotte,North Carolina,Student,Wealth,253100,9/1/2020
C00528,Amy,Hardy,Female,3/7/2000,Sacramento,California,Student,Premium,37300,5/5/2023
C00529,Stephanie,Miller,Female,12/25/1990,Phoenix,Arizona,Self Employed,SME,32200,12/13/2023
C00530,Alexandra,Harding,Female,5/26/1960,San Antonio,Texas,Student,Retail,60900,11/5/2024
C00531,Steven,Harris,Male,5/9/1981,Nashville,Tennessee,Retired,SME,40900,10/14/2021
C00532,Eric,Hall,Male,9/1/1980,Indianapolis,Indiana,Salaried,Premium,85800,4/8/2018
C00533,Zachary,Hernandez,Male,1/20/1965,Seattle,Washington,Student,Premium,143100,5/12/2025
C00534,Rebecca,Miller,Female,2/23/1971,Pittsburgh,Pennsylvania,Student,Retail,28700,10/6/2025
C00535,Tiffany,Perez,Female,3/25/1976,Columbus,Ohio,Business Owner,Retail,77700,12/30/2019
C00536,Brandi,Morgan,Female,8/7/1964,Sacramento,California,Self Employed,Premium,50400,11/19/2024
C00537,Benjamin,Hardin,Male,12/9/1988,Tampa,Florida,Student,Retail,20700,9/2/2019
C00538,Adrienne,Wilson,Female,11/13/1962,Minneapolis,Minnesota,Student,Retail,58800,7/13/2022
C00539,Amy,Browning,Female,4/1/1994,Denver,Colorado,Business Owner,Retail,114500,8/24/2025
C00540,Matthew,Wise,Male,1/21/1985,Phoenix,Arizona,Student,Wealth,189900,4/2/2021
C00541,Brenda,Gates,Female,9/2/1971,Cincinnati,Ohio,Student,Wealth,189500,12/14/2018
C00542,Jeffrey,Grant,Male,3/2/1972,Sacramento,California,Retired,Retail,84700,3/20/2025
C00543,Melanie,Garcia,Female,9/27/1991,Phoenix,Arizona,Salaried,SME,56700,5/17/2020
C00544,Jose,Vaughn,Male,11/28/1989,Charlotte,North Carolina,Freelancer,SME,32400,8/3/2019
C00545,Patrick,Taylor,Male,1/16/2001,Portland,Oregon,Self Employed,SME,82500,2/4/2025
C00546,Bobby,Lloyd,Male,2/15/1979,Salt Lake City,Utah,Salaried,Premium,128400,4/10/2020
C00547,Jillian,Moore,Female,12/22/1981,San Antonio,Texas,Self Employed,Retail,20700,7/6/2018
C00548,Joshua,Gomez,Male,6/3/1971,Pittsburgh,Pennsylvania,Student,Retail,28500,9/24/2020
C00549,Kristen,Christian,Female,3/4/1962,Pittsburgh,Pennsylvania,Salaried,Corporate,136700,1/27/2018
C00550,William,Ellis,Male,2/23/1971,Minneapolis,Minnesota,Self Employed,Premium,171200,8/10/2019
C00551,Misty,Buchanan,Female,8/14/1993,Nashville,Tennessee,Retired,Retail,20700,12/27/2018
C00552,Sonya,Thomas,Female,7/1/1982,Phoenix,Arizona,Salaried,Premium,92800,3/4/2020
C00553,Michael,Mitchell,Male,11/28/1969,Tampa,Florida,Freelancer,Wealth,148200,1/31/2022
C00554,Eric,Hunt,Male,7/9/1973,Phoenix,Arizona,Retired,Retail,167500,12/22/2019
C00555,Raymond,Ochoa,Male,8/17/1961,Indianapolis,Indiana,Salaried,Retail,57900,8/28/2021
C00556,Michael,Rowe,Male,4/24/1966,Orlando,Florida,Self Employed,Retail,20700,11/1/2024
C00557,Miranda,Wallace,Female,7/12/1971,Sacramento,California,Self Employed,Retail,89400,5/12/2018
C00558,Alexander,Mcgee,Male,5/5/1963,Pittsburgh,Pennsylvania,Business Owner,Retail,48100,10/8/2024
C00559,Kristen,Martinez,Female,10/6/2000,Indianapolis,Indiana,Self Employed,Premium,97700,8/20/2024
C00560,Brandon,Paul,Male,5/1/1989,Portland,Oregon,Retired,Corporate,150500,9/3/2019
C00561,Kimberly,Garrett,Female,7/2/1960,Pittsburgh,Pennsylvania,Student,Retail,45100,10/24/2025
C00562,Donald,Aguirre,Male,8/8/1988,Tampa,Florida,Business Owner,Retail,110800,4/26/2021
C00563,Benjamin,Brown,Male,2/1/2001,Orlando,Florida,Student,Retail,27400,3/15/2023
C00564,Mary,Wilkins,Female,3/26/1985,Atlanta,Georgia,Freelancer,SME,106700,9/25/2021
C00565,Joshua,White,Male,5/14/1962,Charlotte,North Carolina,Retired,Corporate,181300,10/7/2021
C00566,Rebecca,Wyatt,Female,11/12/1992,Salt Lake City,Utah,Business Owner,SME,39900,12/19/2019
C00567,Krista,Crawford,Female,9/23/1964,Kansas City,Missouri,Freelancer,Corporate,67000,7/4/2024
C00568,Yolanda,Brown,Female,6/12/1974,Cincinnati,Ohio,Business Owner,SME,71600,1/28/2023
C00569,Karen,Williams,Female,9/27/1992,Portland,Oregon,Retired,Retail,94100,2/16/2022
C00570,Gerald,Brewer,Male,8/3/1972,Denver,Colorado,Business Owner,Retail,86200,4/4/2019
C00571,Sierra,Tate,Female,3/28/1991,Atlanta,Georgia,Business Owner,Retail,39700,9/17/2022
C00572,Patricia,Rowe,Female,1/10/2001,Sacramento,California,Freelancer,Retail,98200,3/31/2025
C00573,John,Clark,Male,10/22/1991,Columbus,Ohio,Business Owner,Premium,163800,12/5/2019
C00574,Ray,White,Male,8/12/1974,Nashville,Tennessee,Freelancer,Wealth,118300,1/2/2024
C00575,Thomas,Clarke,Male,3/27/1971,Phoenix,Arizona,Student,Premium,63800,12/2/2020
C00576,Linda,Johnson,Female,4/18/1971,Raleigh,North Carolina,Salaried,Premium,50100,4/13/2018
C00577,Samantha,Lynch,Female,3/15/1991,Austin,Texas,Business Owner,SME,77800,6/7/2024
C00578,James,Black,Male,12/15/1996,Atlanta,Georgia,Business Owner,Retail,25200,4/12/2018
C00579,Benjamin,Cooper,Male,4/15/1999,Austin,Texas,Business Owner,Retail,33500,3/12/2020
C00580,Richard,Rocha,Male,9/28/1965,Minneapolis,Minnesota,Student,Retail,60800,7/25/2021
C00581,Kelly,Mueller,Female,9/2/1998,Seattle,Washington,Student,SME,61100,3/8/2022
C00582,Michele,Fletcher,Female,6/12/1978,Minneapolis,Minnesota,Student,Retail,45300,3/28/2021
C00583,Crystal,Leon,Female,12/14/1987,Indianapolis,Indiana,Retired,Retail,55700,10/5/2021
C00584,Jennifer,Sampson,Female,7/3/1997,Denver,Colorado,Freelancer,Retail,60900,5/15/2024
C00585,Lauren,Wright,Female,3/27/1972,Atlanta,Georgia,Student,Retail,53700,4/9/2024
C00586,Melissa,Tucker,Female,1/26/1974,Sacramento,California,Self Employed,Retail,92500,7/8/2023
C00587,Debbie,Howard,Female,2/25/1961,Orlando,Florida,Freelancer,Retail,88500,9/10/2025
C00588,Joseph,Matthews,Male,2/12/2004,Portland,Oregon,Self Employed,Retail,80500,8/2/2021
C00589,Peter,Herring,Male,3/12/2004,Sacramento,California,Business Owner,Retail,35200,4/9/2021
C00590,Ann,Larson,Female,2/17/2000,Charlotte,North Carolina,Business Owner,Retail,85000,9/6/2025
C00591,James,Reed,Male,11/23/1977,Phoenix,Arizona,Self Employed,Premium,37300,10/24/2023
C00592,Joshua,Mendoza,Male,8/14/1983,Phoenix,Arizona,Student,Retail,33500,3/2/2023
C00593,Christina,Mitchell,Female,3/1/1967,Denver,Colorado,Self Employed,Retail,38500,12/17/2025
C00594,Martha,Wilson,Female,12/27/1961,Phoenix,Arizona,Self Employed,Retail,20700,5/9/2020
C00595,Brian,Harris,Male,7/23/1965,Atlanta,Georgia,Freelancer,Corporate,109000,10/5/2023
C00596,David,Cruz,Male,8/4/1963,Pittsburgh,Pennsylvania,Retired,SME,38400,4/21/2020
C00597,Corey,Salazar,Male,3/22/1972,Pittsburgh,Pennsylvania,Retired,Retail,42900,5/24/2024
C00598,Timothy,White,Male,10/25/1966,Denver,Colorado,Freelancer,Retail,36600,2/9/2019
C00599,Sharon,Frye,Female,12/16/1992,Cincinnati,Ohio,Student,Retail,59100,10/4/2022
C00600,Jason,Crawford,Male,4/14/1992,Cincinnati,Ohio,Business Owner,Retail,117600,7/16/2023
C00601,Spencer,Evans,Male,5/15/1984,Tampa,Florida,Salaried,Premium,81300,5/3/2023
C00602,Christopher,Sosa,Male,1/22/1971,Raleigh,North Carolina,Self Employed,Retail,26200,6/6/2022
C00603,Renee,Blackburn,Female,10/4/2004,Austin,Texas,Self Employed,Corporate,174700,9/2/2024
C00604,Julie,Fernandez,Female,4/27/1967,Austin,Texas,Freelancer,Retail,50700,6/28/2022
C00605,Megan,Robles,Female,11/20/1990,Raleigh,North Carolina,Student,Wealth,82900,8/3/2020
C00606,Ronald,Wallace,Male,2/24/1961,Atlanta,Georgia,Business Owner,Retail,104700,12/22/2024
C00607,Olivia,Price,Female,2/22/1966,Seattle,Washington,Student,Corporate,378400,8/30/2023
C00608,Derek,Crawford,Male,6/26/1994,Nashville,Tennessee,Student,SME,180100,1/18/2023
C00609,Troy,Decker,Male,8/15/1984,Columbus,Ohio,Student,Retail,20800,10/31/2022
C00610,Kathy,Smith,Female,12/13/1979,Atlanta,Georgia,Student,Retail,20700,4/21/2024
C00611,Stacey,Bennett,Female,1/13/1992,Indianapolis,Indiana,Business Owner,Retail,58400,9/9/2018
C00612,Elizabeth,Andrade,Female,1/5/1997,Minneapolis,Minnesota,Salaried,SME,41000,10/20/2022
C00613,Troy,Graham,Male,7/12/1982,Raleigh,North Carolina,Freelancer,Retail,37100,9/26/2018
C00614,Renee,Martinez,Female,6/6/1967,Phoenix,Arizona,Business Owner,Retail,37500,3/25/2018
C00615,Joshua,Jackson,Male,1/11/1997,Portland,Oregon,Freelancer,Retail,39900,7/28/2025
C00616,Virginia,Rojas,Female,8/17/1981,Cincinnati,Ohio,Self Employed,SME,86100,7/29/2023
C00617,Robert,Hurst,Male,4/10/1994,Denver,Colorado,Freelancer,Retail,32500,6/26/2024
C00618,David,Thompson,Male,6/9/1997,Tampa,Florida,Freelancer,Retail,87400,5/21/2021
C00619,Sara,Thompson,Female,7/22/1979,Charlotte,North Carolina,Freelancer,Retail,31700,2/21/2024
C00620,Stephanie,Le,Female,11/23/1961,Indianapolis,Indiana,Freelancer,Retail,28200,12/23/2023
C00621,Eddie,White,Male,10/24/1987,Seattle,Washington,Freelancer,Premium,94700,9/8/2025
C00622,Laura,Harvey,Female,7/11/1987,Phoenix,Arizona,Business Owner,SME,205500,3/31/2025
C00623,Teresa,Adams,Female,11/20/1976,Indianapolis,Indiana,Student,Retail,38100,6/12/2023
C00624,Donna,Watkins,Female,7/21/1987,Kansas City,Missouri,Freelancer,SME,48400,3/5/2024
C00625,Angela,Ellis,Female,1/24/2001,Indianapolis,Indiana,Business Owner,Retail,20700,7/14/2025
C00626,Sierra,Buckley,Female,12/27/1985,Denver,Colorado,Student,Retail,119600,1/5/2019
C00627,Kimberly,Dillon,Female,2/25/1998,Orlando,Florida,Self Employed,SME,48300,8/14/2019
C00628,Mary,Jones,Female,4/9/1971,Tampa,Florida,Freelancer,Retail,28900,4/8/2019
C00629,Jessica,Lloyd,Female,7/16/1994,Columbus,Ohio,Salaried,Premium,174900,3/28/2025
C00630,Tamara,Bray,Female,12/22/1962,Seattle,Washington,Freelancer,Corporate,139000,5/15/2019
C00631,Kara,Acosta,Female,8/13/1975,Kansas City,Missouri,Self Employed,Retail,89400,10/19/2019
C00632,Rebekah,James,Female,6/26/2000,Sacramento,California,Student,Corporate,102100,8/19/2022
C00633,Katherine,Carr,Female,2/27/1987,Columbus,Ohio,Student,Retail,40000,10/18/2025
C00634,Don,Horton,Male,11/21/1963,Minneapolis,Minnesota,Freelancer,Retail,43800,6/5/2021
C00635,Heather,Lee,Female,2/4/1996,Columbus,Ohio,Business Owner,Retail,84600,1/24/2023
C00636,Kathy,Tran,Female,5/6/1968,Portland,Oregon,Retired,Premium,56400,7/8/2020
C00637,Erin,Petersen,Female,9/21/1961,Minneapolis,Minnesota,Freelancer,Premium,69100,11/23/2019
C00638,Kimberly,Dennis,Female,10/14/1985,Salt Lake City,Utah,Student,Premium,44600,7/22/2025
C00639,Sara,Thomas,Female,4/23/1967,Portland,Oregon,Self Employed,Retail,21300,9/23/2024
C00640,Heather,Warren,Female,12/22/1978,Cincinnati,Ohio,Salaried,Retail,32300,2/12/2018
C00641,Deborah,Duarte,Female,6/23/1968,Portland,Oregon,Salaried,Retail,32800,1/26/2019
C00642,Christopher,Alvarez,Male,1/11/1963,Kansas City,Missouri,Salaried,SME,68300,11/4/2020
C00643,Garrett,Phillips,Male,7/10/1999,Charlotte,North Carolina,Retired,Wealth,183900,1/5/2020
C00644,Angela,Sweeney,Female,9/16/1970,Nashville,Tennessee,Self Employed,SME,107400,12/2/2020
C00645,Mercedes,Bailey,Female,1/5/1980,Tampa,Florida,Business Owner,Retail,94700,11/15/2024
C00646,Kerry,Gross,Male,6/14/1993,Nashville,Tennessee,Self Employed,SME,95500,9/1/2019
C00647,Andrew,Gilmore,Male,3/2/1974,Salt Lake City,Utah,Student,Retail,28000,12/31/2021
C00648,Benjamin,Butler,Male,8/16/1991,Kansas City,Missouri,Business Owner,Retail,64900,1/10/2020
C00649,Matthew,Diaz,Male,5/19/1992,Indianapolis,Indiana,Student,SME,86500,11/11/2018
C00650,Christine,Hayes,Female,11/4/1991,Orlando,Florida,Self Employed,SME,94400,4/29/2018
C00651,Lindsay,Henderson,Female,12/22/1989,Denver,Colorado,Salaried,Retail,60000,5/11/2025
C00652,Ray,Stanley,Male,6/24/1988,Seattle,Washington,Retired,Wealth,227000,10/2/2024
C00653,Michael,Duke,Male,7/9/1965,Austin,Texas,Business Owner,Retail,22400,7/4/2023
C00654,Wendy,Hunt,Female,11/20/1979,San Antonio,Texas,Student,Retail,128900,5/9/2022
C00655,Samantha,Anderson,Female,10/20/1977,Portland,Oregon,Freelancer,Retail,183100,10/11/2022
C00656,Karen,White,Female,9/11/1962,Denver,Colorado,Retired,Wealth,244800,1/22/2025
C00657,Kristen,Henderson,Female,5/15/1965,Charlotte,North Carolina,Self Employed,Retail,106200,11/13/2023
C00658,Brenda,Garrett,Female,10/2/1978,San Antonio,Texas,Salaried,Premium,205700,3/19/2023
C00659,Lisa,Duran,Female,6/9/1976,Pittsburgh,Pennsylvania,Salaried,Premium,139700,12/8/2018
C00660,Katherine,Lynch,Female,6/19/1979,San Antonio,Texas,Self Employed,Premium,142400,5/14/2020
C00661,Teresa,Cervantes,Female,12/20/1965,Indianapolis,Indiana,Salaried,Retail,67900,2/24/2018
C00662,Heather,Camacho,Female,8/15/2001,Indianapolis,Indiana,Freelancer,Premium,110400,7/22/2025
C00663,Annette,Woodward,Female,2/5/1979,Austin,Texas,Freelancer,Retail,63900,8/18/2019
C00664,Rebecca,Wilson,Female,11/28/1987,Orlando,Florida,Student,Corporate,73800,3/31/2018
C00665,David,Hunt,Male,3/24/1970,Tampa,Florida,Self Employed,Premium,209600,4/22/2021
C00666,Kathryn,Blanchard,Female,1/11/1985,Pittsburgh,Pennsylvania,Salaried,Retail,78100,6/20/2023
C00667,Dylan,Aguirre,Male,9/19/1991,Austin,Texas,Student,Premium,143900,6/18/2024
C00668,Shannon,Salazar,Female,2/9/1995,Columbus,Ohio,Student,SME,61400,10/28/2025
C00669,Candace,Chavez,Female,3/10/1961,San Antonio,Texas,Retired,Premium,87000,1/8/2026
C00670,David,Riley,Male,5/24/1968,Sacramento,California,Retired,Premium,169500,4/28/2020
C00671,Spencer,Blair,Male,12/3/2004,Phoenix,Arizona,Student,Premium,59100,7/16/2023
C00672,Brandon,Mills,Male,4/18/1975,Phoenix,Arizona,Salaried,Retail,43300,10/15/2021
C00673,Patrick,Walter,Male,10/8/1967,San Antonio,Texas,Retired,Retail,35800,12/31/2020
C00674,Lee,Cook,Male,9/20/2004,Atlanta,Georgia,Retired,Premium,82200,11/2/2024
C00675,Jacob,Taylor,Male,1/17/1995,Tampa,Florida,Freelancer,Retail,131500,4/11/2021
C00676,Phillip,Waters,Male,8/24/1992,Sacramento,California,Self Employed,SME,42700,12/4/2022
C00677,Erica,Anderson,Female,4/27/1960,San Antonio,Texas,Freelancer,SME,52600,8/27/2022
C00678,Monique,Lang,Female,11/8/2000,Raleigh,North Carolina,Student,Retail,76900,8/4/2022
C00679,Andrew,Fisher,Male,11/12/1993,Sacramento,California,Salaried,SME,56300,10/17/2021
C00680,Brian,Robinson,Male,3/14/1985,Columbus,Ohio,Freelancer,Retail,104500,12/31/2025
C00681,Betty,Brooks,Female,7/13/1978,Charlotte,North Carolina,Salaried,SME,318700,2/19/2021
C00682,Patricia,Martin,Female,3/23/1999,Charlotte,North Carolina,Freelancer,Retail,170200,11/15/2021
C00683,Samantha,Green,Female,5/3/1972,Austin,Texas,Self Employed,Retail,28800,1/16/2019
C00684,Heather,Lynn,Female,5/17/1995,Charlotte,North Carolina,Self Employed,Retail,58000,5/29/2021
C00685,Robert,Carlson,Male,2/24/1992,San Antonio,Texas,Freelancer,Retail,36900,5/26/2019
C00686,Michael,Frey,Male,10/24/1979,Sacramento,California,Business Owner,Retail,41700,5/10/2021
C00687,Margaret,Prince,Female,12/19/2002,Phoenix,Arizona,Retired,Premium,139500,7/13/2024
C00688,Jessica,Williams,Female,8/4/1983,Cincinnati,Ohio,Self Employed,Retail,45200,5/5/2023
C00689,Carol,Carrillo,Female,2/12/1988,Cincinnati,Ohio,Retired,Premium,74400,8/6/2023
C00690,Michelle,Murphy,Female,12/16/1988,San Antonio,Texas,Freelancer,Corporate,101900,2/18/2023
C00691,Traci,Cox,Female,9/4/1992,Atlanta,Georgia,Salaried,Premium,87700,9/30/2024
C00692,Michael,Wilson,Male,2/12/1967,San Antonio,Texas,Retired,Premium,63800,9/24/2022
C00693,Kimberly,Krause,Female,5/7/1979,Salt Lake City,Utah,Retired,Retail,53400,6/22/2021
C00694,Lisa,Hooper,Female,6/26/1988,Pittsburgh,Pennsylvania,Freelancer,Retail,34000,1/14/2023
C00695,Linda,Tyler,Female,2/26/1980,Atlanta,Georgia,Retired,Premium,110800,7/7/2018
C00696,Larry,Anderson,Male,11/3/1977,Sacramento,California,Freelancer,SME,112500,4/10/2024
C00697,Paul,Le,Male,10/18/1972,Denver,Colorado,Salaried,Premium,37300,5/20/2025
C00698,Nicole,Williams,Female,1/9/1971,Kansas City,Missouri,Salaried,Corporate,49500,12/26/2023
C00699,Kelsey,Griffin,Female,7/19/1980,Seattle,Washington,Student,Retail,46000,11/19/2020
C00700,Laura,Duarte,Female,2/18/1967,Denver,Colorado,Student,Retail,32400,8/11/2025
C00701,Justin,Hernandez,Male,10/11/1963,Indianapolis,Indiana,Student,Retail,67800,8/20/2021
C00702,Lindsey,Davis,Female,2/2/1984,Nashville,Tennessee,Salaried,Retail,90400,1/8/2021
C00703,Kayla,Williams,Female,8/18/1980,Salt Lake City,Utah,Retired,Retail,49600,7/28/2024
C00704,Brian,Simmons,Male,9/21/1975,Tampa,Florida,Self Employed,Corporate,82000,3/10/2022
C00705,Brenda,Martin,Female,4/18/1970,Kansas City,Missouri,Retired,Wealth,406100,3/30/2021
C00706,Tina,Vargas,Female,1/16/1960,Indianapolis,Indiana,Salaried,Retail,24400,10/24/2019
C00707,Anna,Flores,Female,2/10/1996,Kansas City,Missouri,Student,Retail,153500,5/13/2020
C00708,Karen,Hess,Female,6/22/1992,Seattle,Washington,Self Employed,SME,93300,2/27/2023
C00709,Connor,Perez,Male,1/23/1981,Seattle,Washington,Student,Retail,140900,3/26/2024
C00710,Shawn,Alvarado,Male,9/3/1985,Portland,Oregon,Business Owner,Corporate,130400,3/22/2022
C00711,Michael,Harris,Male,7/6/1982,Seattle,Washington,Self Employed,SME,40600,3/23/2018
C00712,Christopher,Newman,Male,12/12/2003,Nashville,Tennessee,Student,Retail,112800,1/26/2022
C00713,Gerald,Porter,Male,8/23/1977,Salt Lake City,Utah,Business Owner,Premium,65100,5/20/2024
C00714,William,Davis,Male,3/18/1991,Charlotte,North Carolina,Salaried,Retail,101200,8/6/2024
C00715,Paula,Arnold,Female,3/9/1964,Atlanta,Georgia,Freelancer,SME,95900,4/13/2024
C00716,Miranda,Hansen,Female,7/21/1960,Sacramento,California,Business Owner,Premium,241300,5/14/2019
C00717,Jennifer,Fox,Female,8/12/1989,Charlotte,North Carolina,Salaried,Retail,53200,5/31/2024
C00718,Daniel,Ryan,Male,12/14/1974,Minneapolis,Minnesota,Freelancer,Wealth,249100,1/5/2025
C00719,Howard,Wheeler,Male,8/14/1961,Tampa,Florida,Salaried,SME,90000,4/24/2023
C00720,Sara,Brown,Female,1/27/1981,Orlando,Florida,Retired,Retail,100800,5/27/2019
C00721,Brian,Jackson,Male,1/13/1963,Denver,Colorado,Salaried,Retail,47000,8/7/2025
C00722,Sean,Wheeler,Male,1/10/1995,Salt Lake City,Utah,Student,SME,55900,4/22/2022
C00723,Nicole,Shaw,Female,10/20/1987,Sacramento,California,Retired,Retail,78900,2/28/2020
C00724,Larry,Eaton,Male,1/20/1966,Tampa,Florida,Freelancer,Premium,158800,9/16/2023
C00725,Derek,Martinez,Male,7/16/1982,Nashville,Tennessee,Self Employed,Premium,85500,6/30/2021
C00726,Christopher,Taylor,Male,9/21/1987,Pittsburgh,Pennsylvania,Student,Corporate,45500,6/18/2021
C00727,Scott,Lopez,Male,5/12/1981,Seattle,Washington,Retired,Wealth,160300,4/10/2024
C00728,William,Andrews,Male,6/7/1987,Salt Lake City,Utah,Freelancer,Wealth,180200,5/3/2023
C00729,Sarah,Phillips,Female,12/11/1998,Sacramento,California,Self Employed,SME,78200,3/6/2019
C00730,Cory,Griffin,Male,8/8/1962,Sacramento,California,Self Employed,SME,109100,5/24/2023
C00731,Adam,Hernandez,Male,4/13/1984,Columbus,Ohio,Retired,Retail,105100,4/17/2019
C00732,Timothy,Miller,Male,8/7/1978,Atlanta,Georgia,Business Owner,Premium,168300,12/15/2019
C00733,Sarah,Castro,Female,12/6/1976,Orlando,Florida,Salaried,Retail,54200,3/27/2018
C00734,Nicole,Taylor,Female,11/26/1984,Atlanta,Georgia,Business Owner,SME,58700,5/31/2025
C00735,Lisa,Jones,Female,10/14/1993,Indianapolis,Indiana,Freelancer,SME,44600,9/28/2020
C00736,Megan,Stewart,Female,10/7/1999,Salt Lake City,Utah,Self Employed,SME,56700,9/13/2023
C00737,Diana,Cruz,Female,4/24/1991,Pittsburgh,Pennsylvania,Freelancer,Retail,46900,9/17/2023
C00738,Rachel,Burton,Female,9/15/1991,Raleigh,North Carolina,Business Owner,Retail,77600,7/8/2024
C00739,Monique,Gutierrez,Female,10/21/2000,Austin,Texas,Self Employed,Retail,36500,6/7/2021
C00740,Mary,Davis,Female,10/6/1984,San Antonio,Texas,Student,SME,54700,10/27/2023
C00741,Laurie,Nelson,Female,10/2/1974,Raleigh,North Carolina,Business Owner,Retail,62100,7/31/2023
C00742,Kathryn,Reyes,Female,7/1/1977,Columbus,Ohio,Retired,Retail,25100,10/2/2023
C00743,Martin,Jones,Male,2/26/2001,Kansas City,Missouri,Business Owner,Retail,38000,3/16/2020
C00744,James,Morris,Male,5/24/1976,Columbus,Ohio,Freelancer,SME,90400,2/3/2024
C00745,Derrick,Russell,Male,5/10/1960,Nashville,Tennessee,Student,SME,111500,5/3/2025
C00746,Martha,Tate,Female,7/8/1969,Charlotte,North Carolina,Freelancer,Retail,79600,3/5/2023
C00747,Stacie,Burgess,Female,6/28/1965,Columbus,Ohio,Retired,Retail,118300,5/4/2018
C00748,Brandy,Hurst,Female,10/28/1968,Raleigh,North Carolina,Business Owner,Retail,39200,8/1/2024
C00749,Lori,Fitzgerald,Female,1/5/1996,Minneapolis,Minnesota,Student,Retail,96300,4/16/2020
C00750,Robert,Aguilar,Male,9/13/1964,Austin,Texas,Self Employed,Retail,21600,3/4/2019
C00751,Sarah,James,Female,1/27/1971,Kansas City,Missouri,Self Employed,Premium,90400,8/12/2020
C00752,Victoria,Glover,Female,9/3/2002,Phoenix,Arizona,Self Employed,Retail,27900,6/17/2019
C00753,Shawn,Diaz,Male,7/27/1979,Cincinnati,Ohio,Retired,Premium,86200,1/14/2026
C00754,Maria,Oliver,Female,4/1/1977,Sacramento,California,Retired,Wealth,114000,7/4/2023
C00755,Marie,Williams,Female,10/2/1989,Sacramento,California,Retired,Corporate,97500,12/19/2019
C00756,Sergio,Burgess,Male,3/20/1975,San Antonio,Texas,Student,Corporate,71600,11/1/2025
C00757,Jennifer,Olson,Female,3/9/1975,Salt Lake City,Utah,Student,SME,79300,3/14/2024
C00758,Suzanne,Jones,Female,2/25/1983,Tampa,Florida,Self Employed,Retail,73900,9/4/2023
C00759,Alexander,Ramsey,Male,1/3/1989,Salt Lake City,Utah,Student,Premium,124600,6/4/2018
C00760,Jonathan,Huff,Male,2/23/1976,Minneapolis,Minnesota,Salaried,SME,37200,2/25/2024
C00761,Brian,Anderson,Male,3/16/1988,Orlando,Florida,Self Employed,SME,105100,4/19/2021
C00762,Samuel,Gallegos,Male,12/13/1994,Tampa,Florida,Freelancer,Retail,34700,12/21/2023
C00763,Denise,Gomez,Female,12/2/1988,Cincinnati,Ohio,Freelancer,SME,161500,6/16/2021
C00764,Russell,Benitez,Male,10/1/1963,Sacramento,California,Self Employed,Retail,44000,1/10/2019
C00765,James,Soto,Male,1/1/1986,Minneapolis,Minnesota,Freelancer,Retail,21200,11/16/2019
C00766,Cindy,Herrera,Female,9/4/1986,Salt Lake City,Utah,Student,SME,45500,5/10/2019
C00767,Kimberly,Jordan,Female,2/12/1973,Orlando,Florida,Salaried,Retail,23500,10/3/2018
C00768,Elizabeth,Campbell,Female,5/25/1986,Cincinnati,Ohio,Freelancer,Premium,136500,10/23/2025
C00769,Michael,Oliver,Male,12/5/2003,Austin,Texas,Business Owner,Retail,152900,3/14/2018
C00770,David,Mccarty,Male,8/13/1997,Seattle,Washington,Salaried,Retail,80600,11/29/2024
C00771,Carolyn,Nguyen,Female,4/24/1979,Tampa,Florida,Business Owner,Retail,39100,4/7/2020
C00772,Aaron,Stafford,Male,4/21/1984,Atlanta,Georgia,Business Owner,Retail,137500,7/24/2021
C00773,Kathryn,Chambers,Female,7/21/1993,Salt Lake City,Utah,Self Employed,SME,96800,4/23/2020
C00774,Melissa,Johnson,Female,11/8/1963,Kansas City,Missouri,Self Employed,SME,90400,12/17/2022
C00775,Brent,Long,Male,8/3/1964,Minneapolis,Minnesota,Retired,Wealth,77100,11/17/2018
C00776,Lori,Schmidt,Female,5/6/1989,San Antonio,Texas,Retired,Premium,68400,1/11/2023
C00777,Kathy,Lynn,Female,8/3/1977,Cincinnati,Ohio,Retired,Wealth,123400,11/1/2024
C00778,Todd,Moore,Male,8/1/1969,San Antonio,Texas,Retired,Corporate,103900,2/24/2026
C00779,Wendy,Alvarez,Female,7/15/1976,Indianapolis,Indiana,Self Employed,Retail,31900,1/7/2026
C00780,Sarah,Valentine,Female,3/7/1972,Portland,Oregon,Student,Retail,41700,6/29/2023
C00781,Teresa,Lee,Female,10/3/2001,Phoenix,Arizona,Freelancer,Retail,39600,11/28/2021
C00782,Lee,Brown,Male,11/23/1991,Charlotte,North Carolina,Student,Retail,25800,5/22/2018
C00783,Colin,Rodriguez,Male,12/22/2000,Raleigh,North Carolina,Business Owner,Retail,61100,10/10/2020
C00784,William,Thompson,Male,11/27/1997,Seattle,Washington,Retired,Retail,70400,2/13/2020
C00785,Carol,Doyle,Female,7/9/1970,San Antonio,Texas,Freelancer,Premium,91700,8/13/2022
C00786,Amy,Haley,Female,11/19/1966,Denver,Colorado,Freelancer,Corporate,94300,6/15/2021
C00787,Jennifer,Beltran,Female,8/1/1970,Minneapolis,Minnesota,Self Employed,Retail,79300,12/24/2019
C00788,Robert,Daniels,Male,12/5/1971,Raleigh,North Carolina,Freelancer,Retail,39600,1/19/2020
C00789,Alexandria,Woodward,Female,7/15/1976,Cincinnati,Ohio,Salaried,Premium,223400,3/28/2022
C00790,Harold,Young,Male,2/11/1977,Tampa,Florida,Salaried,Retail,31300,12/25/2020
C00791,Tara,Jenkins,Female,10/26/2002,Minneapolis,Minnesota,Student,Wealth,68800,4/23/2023
C00792,Christina,Ellis,Female,7/11/1998,Columbus,Ohio,Salaried,Retail,65400,1/13/2018
C00793,Mercedes,Douglas,Female,7/24/2004,Sacramento,California,Student,SME,33400,12/7/2024
C00794,Samantha,Garrett,Female,7/22/1992,Portland,Oregon,Self Employed,Retail,44300,10/21/2024
C00795,Lisa,Lopez,Female,12/20/1985,Portland,Oregon,Business Owner,Corporate,247900,10/22/2024
C00796,Melissa,Maldonado,Female,9/19/1969,Cincinnati,Ohio,Self Employed,Corporate,111700,1/2/2023
C00797,Scott,Washington,Male,11/18/1990,Tampa,Florida,Student,Retail,20700,1/10/2026
C00798,Scott,Gregory,Male,6/13/1970,Minneapolis,Minnesota,Retired,Corporate,78500,2/8/2025
C00799,Diane,Crawford,Female,12/11/1965,Portland,Oregon,Self Employed,SME,93000,7/4/2020
C00800,Vanessa,Moore,Female,5/3/1967,Nashville,Tennessee,Self Employed,Retail,35200,7/7/2021
C00801,Tracey,Johns,Female,12/1/1996,Austin,Texas,Business Owner,Retail,56500,8/14/2025
C00802,Alex,Snow,Male,11/20/1993,Atlanta,Georgia,Student,Premium,148900,8/17/2025
C00803,Shannon,Ramos,Female,10/10/1969,Sacramento,California,Business Owner,Retail,111600,8/20/2023
C00804,Scott,Reyes,Male,12/19/1977,Tampa,Florida,Business Owner,Retail,94000,9/18/2019
C00805,Christine,Gibson,Female,12/24/1974,Cincinnati,Ohio,Freelancer,Retail,77400,10/15/2019
C00806,Andrew,Lopez,Male,7/11/1995,Minneapolis,Minnesota,Retired,Retail,49000,2/24/2026
C00807,Jerry,Hardin,Male,12/7/1978,Phoenix,Arizona,Freelancer,Premium,96300,5/30/2021
C00808,Roy,King,Male,3/19/2001,Sacramento,California,Freelancer,Retail,66000,3/12/2020
C00809,Larry,Miller,Male,12/28/1983,Minneapolis,Minnesota,Business Owner,Premium,59300,4/25/2023
C00810,Paul,Jackson,Male,2/17/1963,Indianapolis,Indiana,Student,Premium,112000,6/25/2023
C00811,Regina,Lopez,Female,10/6/2004,Phoenix,Arizona,Freelancer,Premium,62500,4/15/2022
C00812,Tommy,Rowe,Male,11/15/2000,Nashville,Tennessee,Retired,Retail,49300,6/4/2024
C00813,Tiffany,Galvan,Female,5/23/1990,Pittsburgh,Pennsylvania,Retired,Corporate,157100,5/28/2019
C00814,Pamela,Herrera,Female,2/23/1980,Tampa,Florida,Retired,SME,100200,1/7/2024
C00815,Donald,Richardson,Male,2/17/1991,Charlotte,North Carolina,Freelancer,SME,87300,4/26/2019
C00816,Alexander,Yu,Male,12/6/1998,Indianapolis,Indiana,Freelancer,Retail,47300,10/23/2019
C00817,Olivia,Smith,Female,5/28/1995,Denver,Colorado,Freelancer,Corporate,136500,12/28/2023
C00818,Jerry,Rowe,Male,10/16/1968,Sacramento,California,Freelancer,Premium,422800,2/10/2019
C00819,Brian,Gibson,Male,1/7/1975,Salt Lake City,Utah,Retired,Retail,78100,1/10/2022
C00820,Amanda,Gallegos,Female,12/20/1968,Nashville,Tennessee,Student,Retail,54200,12/8/2018
C00821,Danielle,Lewis,Female,7/23/2003,Nashville,Tennessee,Retired,Retail,23900,5/16/2025
C00822,Jason,Larson,Male,3/14/1998,Charlotte,North Carolina,Salaried,SME,31500,1/11/2021
C00823,Thomas,Jensen,Male,2/22/1994,Tampa,Florida,Business Owner,Retail,41900,2/10/2018
C00824,Tiffany,Goodwin,Female,4/13/1984,Tampa,Florida,Salaried,Wealth,206900,12/7/2023
C00825,Mary,Deleon,Female,10/28/2004,Raleigh,North Carolina,Student,Retail,40000,1/11/2020
C00826,Damon,Young,Male,9/18/2003,Raleigh,North Carolina,Freelancer,Premium,172100,10/5/2023
C00827,Joshua,Ellis,Male,3/5/2002,Atlanta,Georgia,Freelancer,Retail,64300,10/29/2024
C00828,Nicholas,Copeland,Male,3/15/1989,San Antonio,Texas,Business Owner,Wealth,268800,2/16/2025
C00829,Chelsea,Anderson,Female,7/25/1979,Denver,Colorado,Freelancer,Retail,85200,9/15/2023
C00830,Donald,Huynh,Male,8/17/1990,Atlanta,Georgia,Retired,Premium,130800,2/18/2020
C00831,Andrew,Hughes,Male,12/18/1987,Minneapolis,Minnesota,Retired,Corporate,45500,1/12/2023
C00832,Maria,Velazquez,Female,9/8/2003,Indianapolis,Indiana,Student,Retail,44000,4/2/2022
C00833,Cassidy,Dennis,Female,2/11/1983,Indianapolis,Indiana,Business Owner,SME,42700,6/2/2023
C00834,Nicholas,Olson,Male,4/1/1976,Phoenix,Arizona,Student,Corporate,121600,12/5/2024
C00835,Ricky,Cummings,Male,6/1/1963,Portland,Oregon,Student,Premium,71300,12/23/2021
C00836,Melissa,Ramirez,Female,7/16/1966,Minneapolis,Minnesota,Salaried,Retail,66700,9/30/2019
C00837,Howard,Sparks,Male,8/13/1974,Nashville,Tennessee,Student,Retail,20700,5/12/2025
C00838,Jonathan,Weaver,Male,3/12/1970,Sacramento,California,Student,Corporate,139700,9/21/2022
C00839,Ariel,Kennedy,Female,3/22/1962,Columbus,Ohio,Student,Retail,48000,3/3/2024
C00840,Curtis,Kennedy,Male,12/5/2003,Portland,Oregon,Salaried,Retail,52100,3/18/2019
C00841,Kristin,Hernandez,Female,3/12/1968,Minneapolis,Minnesota,Retired,Retail,70800,2/2/2018
C00842,Patrick,Ellis,Male,5/10/1990,San Antonio,Texas,Self Employed,Retail,70600,2/25/2021
C00843,Richard,Powers,Male,12/8/1976,Tampa,Florida,Self Employed,Premium,80700,8/18/2024
C00844,John,Mays,Male,2/5/1974,Atlanta,Georgia,Retired,Retail,39100,3/28/2020
C00845,Brittney,Jimenez,Female,7/14/1963,Denver,Colorado,Freelancer,Retail,32200,7/31/2018
C00846,Steven,Ramos,Male,5/12/1967,Phoenix,Arizona,Salaried,Retail,40000,1/3/2018
C00847,Austin,Jackson,Male,12/11/2002,Salt Lake City,Utah,Business Owner,Retail,38100,7/6/2023
C00848,Christina,Ruiz,Female,5/4/1981,Raleigh,North Carolina,Self Employed,Retail,84800,4/17/2025
C00849,William,Pearson,Male,10/13/1973,Nashville,Tennessee,Retired,Retail,20700,5/4/2025
C00850,Susan,Warner,Female,12/15/1972,Cincinnati,Ohio,Self Employed,SME,29400,12/26/2023
C00851,Darren,Montgomery,Male,3/7/1962,Atlanta,Georgia,Student,Retail,55500,10/5/2018
C00852,Lee,Gregory,Male,9/17/1986,Portland,Oregon,Retired,Corporate,72600,9/7/2018
C00853,Alexandra,Nguyen,Female,8/22/1985,Cincinnati,Ohio,Retired,Retail,51600,5/18/2022
C00854,Melissa,Duran,Female,5/7/1998,Austin,Texas,Retired,Retail,33800,12/8/2025
C00855,Juan,Stewart,Male,5/28/1976,Charlotte,North Carolina,Retired,Retail,78900,9/2/2020
C00856,Joshua,Gomez,Male,11/5/1962,Phoenix,Arizona,Self Employed,SME,55900,12/30/2023
C00857,Kelly,Williams,Female,11/12/1960,Tampa,Florida,Freelancer,Premium,177100,7/2/2019
C00858,Emily,Oconnell,Female,5/11/1999,San Antonio,Texas,Salaried,Wealth,92000,1/11/2024
C00859,Cody,Luna,Male,12/24/1966,Pittsburgh,Pennsylvania,Student,Premium,161300,6/22/2020
C00860,Elizabeth,Carroll,Female,4/19/1977,Columbus,Ohio,Business Owner,Premium,160200,8/31/2019
C00861,John,Ramirez,Male,8/6/1965,Portland,Oregon,Freelancer,Retail,73000,3/1/2021
C00862,Lisa,Foster,Female,3/6/1979,Minneapolis,Minnesota,Self Employed,SME,88600,2/7/2023
C00863,Franklin,Lane,Male,12/17/1966,Austin,Texas,Self Employed,Retail,27600,10/14/2020
C00864,Cameron,Terrell,Male,3/21/1977,Denver,Colorado,Self Employed,Premium,167100,7/25/2019
C00865,Priscilla,Hughes,Female,8/27/1996,Portland,Oregon,Freelancer,Retail,42200,2/5/2024
C00866,Erin,Tate,Female,1/4/1961,Tampa,Florida,Freelancer,Retail,36300,3/20/2021
C00867,Jason,Bennett,Male,7/22/2003,Orlando,Florida,Salaried,SME,100400,2/28/2021
C00868,Yvonne,Mora,Female,10/11/1964,Raleigh,North Carolina,Retired,Retail,130700,1/13/2020
C00869,Jeanne,Mills,Female,11/22/1969,San Antonio,Texas,Freelancer,Retail,80600,2/20/2022
C00870,Patricia,Meyer,Female,1/28/1964,Nashville,Tennessee,Student,SME,29000,2/2/2026
C00871,Jeffery,Roach,Male,2/19/1964,Portland,Oregon,Student,Retail,65300,12/15/2021
C00872,Mark,Cortez,Male,7/16/1991,Columbus,Ohio,Student,Premium,61800,9/11/2022
C00873,April,Shea,Female,9/18/1991,Kansas City,Missouri,Retired,Retail,53200,6/24/2024
C00874,Mario,White,Male,2/8/2004,Orlando,Florida,Business Owner,Retail,39800,1/18/2022
C00875,Matthew,Schultz,Male,8/5/1978,Atlanta,Georgia,Self Employed,SME,144600,8/17/2018
C00876,Joseph,Murray,Male,12/23/1967,Atlanta,Georgia,Freelancer,Retail,104900,3/11/2019
C00877,Timothy,Mccormick,Male,8/27/1964,Pittsburgh,Pennsylvania,Salaried,Premium,62700,2/21/2018
C00878,Kara,Walsh,Female,3/25/1986,Pittsburgh,Pennsylvania,Student,Retail,126700,2/7/2026
C00879,Brian,Martin,Male,11/23/1988,Columbus,Ohio,Salaried,Retail,71400,6/12/2022
C00880,Stephanie,Ramos,Female,8/18/2003,San Antonio,Texas,Self Employed,Premium,53700,1/18/2021
C00881,Alexander,Owens,Male,7/5/1993,Denver,Colorado,Freelancer,Corporate,101300,4/3/2023
C00882,Bradley,Miller,Male,11/21/1980,Portland,Oregon,Business Owner,Retail,45200,3/21/2019
C00883,Larry,Joyce,Male,6/20/1964,Tampa,Florida,Salaried,Corporate,91300,5/17/2020
C00884,Jim,Morales,Male,5/7/1960,Seattle,Washington,Retired,Premium,104800,6/5/2023
C00885,Rodney,Joyce,Male,6/3/1963,Salt Lake City,Utah,Business Owner,SME,34600,5/20/2022
C00886,Juan,Arroyo,Male,12/22/1968,Raleigh,North Carolina,Salaried,Retail,36300,8/2/2024
C00887,Allen,Brown,Male,10/28/1990,Austin,Texas,Freelancer,SME,56400,8/6/2020
C00888,Shannon,Frye,Female,11/5/2003,Cincinnati,Ohio,Student,Corporate,118500,6/22/2019
C00889,George,Hodge,Male,6/20/1978,Columbus,Ohio,Self Employed,SME,39200,11/5/2024
C00890,James,Phillips,Male,3/19/1964,Seattle,Washington,Student,Premium,90500,1/21/2019
C00891,Derek,Pineda,Male,3/10/1980,Sacramento,California,Freelancer,Retail,36700,3/3/2023
C00892,Sierra,Collins,Female,5/25/1990,Nashville,Tennessee,Salaried,SME,84000,1/28/2022
C00893,Hannah,Thomas,Female,7/28/1985,Phoenix,Arizona,Business Owner,Premium,124200,12/8/2018
C00894,Alec,Miller,Male,8/9/1992,San Antonio,Texas,Salaried,SME,177500,4/5/2021
C00895,Catherine,Sawyer,Female,10/13/1970,Austin,Texas,Salaried,SME,91000,12/18/2018
C00896,Kristen,Woods,Female,7/25/1966,Indianapolis,Indiana,Self Employed,Retail,46100,11/16/2025
C00897,Tiffany,Mccormick,Female,5/15/1967,Portland,Oregon,Retired,Retail,27600,5/9/2018
C00898,Darryl,Fernandez,Male,1/26/1984,Seattle,Washington,Freelancer,Retail,44900,9/29/2022
C00899,Maria,Wilson,Female,11/6/1976,Nashville,Tennessee,Retired,Retail,25700,5/26/2020
C00900,Ryan,Bailey,Male,1/3/1971,Nashville,Tennessee,Business Owner,SME,29000,9/13/2022
C00901,Destiny,Rogers,Female,9/23/1990,Portland,Oregon,Salaried,Corporate,244200,4/16/2024
C00902,Shawn,Williams,Male,2/24/1972,Seattle,Washington,Self Employed,Premium,107700,2/22/2023
C00903,Cindy,Andersen,Female,6/4/1991,Atlanta,Georgia,Self Employed,Corporate,139800,2/11/2025
C00904,Jacob,Gibson,Male,10/4/2000,Sacramento,California,Retired,Retail,67700,3/27/2022
C00905,Brandon,Gonzalez,Male,4/7/1982,Cincinnati,Ohio,Business Owner,Wealth,164300,6/11/2021
C00906,Carrie,Smith,Female,12/16/1967,Charlotte,North Carolina,Retired,Premium,85400,10/7/2021
C00907,Mary,Chang,Female,8/14/1971,Tampa,Florida,Freelancer,Retail,54000,9/21/2025
C00908,Jeremy,Gonzalez,Male,5/23/2000,San Antonio,Texas,Student,Premium,37300,12/30/2024
C00909,Austin,Lin,Male,11/15/1966,Kansas City,Missouri,Self Employed,Retail,121300,2/6/2023
C00910,Theresa,Perez,Female,2/7/1984,Kansas City,Missouri,Freelancer,SME,137100,11/22/2025
C00911,Lucas,Walker,Male,6/26/1960,Austin,Texas,Salaried,Retail,20700,8/26/2022
C00912,Cheryl,Jackson,Female,1/5/1960,Salt Lake City,Utah,Business Owner,Corporate,218400,11/30/2019
C00913,Stephanie,Clarke,Female,4/18/1987,Pittsburgh,Pennsylvania,Self Employed,Wealth,67500,2/19/2025
C00914,Paul,Williams,Male,7/11/1971,Austin,Texas,Freelancer,Retail,47600,6/21/2024
C00915,Jeffrey,Rose,Male,5/27/2000,Austin,Texas,Salaried,Premium,46300,12/6/2024
C00916,David,Holt,Male,10/13/1965,Kansas City,Missouri,Business Owner,Retail,90000,3/4/2020
C00917,Nicholas,Kemp,Male,12/25/1975,Kansas City,Missouri,Self Employed,SME,61000,1/13/2025
C00918,Ashley,King,Female,10/28/2000,Minneapolis,Minnesota,Business Owner,Retail,46200,1/10/2020
C00919,Patricia,Kramer,Female,8/28/1964,Denver,Colorado,Salaried,Retail,85900,6/16/2023
C00920,Brian,Roberts,Male,11/14/1973,Denver,Colorado,Salaried,Retail,72600,11/5/2021
C00921,James,Conway,Male,10/20/1990,Raleigh,North Carolina,Retired,Retail,20700,5/2/2018
C00922,James,Hunt,Male,9/17/1961,Kansas City,Missouri,Business Owner,Corporate,73400,7/22/2019
C00923,Jennifer,Wise,Female,12/23/1965,Orlando,Florida,Student,SME,46700,7/24/2023
C00924,Rebecca,Johnson,Female,7/7/1992,San Antonio,Texas,Student,Retail,56200,10/2/2022
C00925,Kyle,Little,Male,6/20/1977,Seattle,Washington,Student,Retail,44300,11/17/2019
C00926,Ruth,Harrison,Female,5/19/1992,Salt Lake City,Utah,Salaried,Retail,113100,4/15/2019
C00927,Samuel,Johnson,Male,7/26/1980,Indianapolis,Indiana,Business Owner,Retail,37500,5/16/2019
C00928,Gregory,Parker,Male,12/1/1980,Minneapolis,Minnesota,Student,Premium,49000,3/7/2021
C00929,Traci,Duran,Female,9/7/1973,Seattle,Washington,Freelancer,Retail,29800,11/18/2022
C00930,David,Fernandez,Male,4/7/1980,Columbus,Ohio,Salaried,Retail,50600,1/29/2023
C00931,Anthony,Miller,Male,6/19/1998,Indianapolis,Indiana,Student,Retail,56300,3/10/2021
C00932,Leah,Graham,Female,1/18/1985,Atlanta,Georgia,Student,SME,199800,11/23/2018
C00933,Ana,Burns,Female,8/20/1980,Kansas City,Missouri,Retired,Retail,50000,2/25/2019
C00934,Dennis,Smith,Male,1/27/1974,Minneapolis,Minnesota,Self Employed,Retail,29300,12/27/2018
C00935,Brandon,Peterson,Male,9/1/1983,Cincinnati,Ohio,Salaried,SME,113900,5/31/2021
C00936,Renee,Baker,Female,6/23/1976,Denver,Colorado,Salaried,Premium,137100,6/2/2019
C00937,Eric,Johnson,Male,10/28/1969,Columbus,Ohio,Retired,Wealth,131700,5/12/2023
C00938,Jennifer,Wilson,Female,6/25/1977,Portland,Oregon,Retired,Corporate,78800,9/19/2020
C00939,Kristin,Norris,Female,2/3/2004,Cincinnati,Ohio,Business Owner,Wealth,109900,12/12/2025
C00940,Evelyn,Phillips,Female,3/28/2001,Sacramento,California,Retired,Retail,83900,10/5/2023
C00941,Carlos,Munoz,Male,4/3/1985,Cincinnati,Ohio,Self Employed,Retail,32200,3/4/2023
C00942,Jacob,Olson,Male,4/1/1967,Tampa,Florida,Business Owner,SME,94200,11/3/2022
C00943,Jason,Hernandez,Male,7/17/1969,Cincinnati,Ohio,Freelancer,Retail,38400,4/16/2022
C00944,Rebecca,Rogers,Female,5/7/1972,San Antonio,Texas,Salaried,Retail,61400,8/22/2025
C00945,Nathan,Gomez,Male,4/4/2001,Salt Lake City,Utah,Retired,Retail,40200,11/5/2025
C00946,Julian,Charles,Male,7/4/1985,Austin,Texas,Self Employed,Retail,137200,11/24/2021
C00947,Jeffrey,Navarro,Male,5/24/1998,Phoenix,Arizona,Business Owner,Retail,79100,8/23/2025
C00948,David,Davis,Male,3/11/1970,Denver,Colorado,Self Employed,SME,68700,8/14/2025
C00949,Thomas,Ellis,Male,6/16/1998,Minneapolis,Minnesota,Retired,Premium,90200,8/17/2025
C00950,Emily,Sosa,Female,9/17/1974,Phoenix,Arizona,Retired,Retail,25300,11/20/2020
C00951,Elizabeth,Snyder,Female,6/15/1976,Portland,Oregon,Salaried,Retail,31500,1/10/2021
C00952,Kristen,Becker,Female,1/5/2000,Charlotte,North Carolina,Salaried,Wealth,409500,9/27/2020
C00953,Monica,Williams,Female,7/12/2004,Pittsburgh,Pennsylvania,Retired,Retail,44700,12/18/2019
C00954,Paul,Joyce,Male,6/11/2003,Nashville,Tennessee,Student,Retail,42200,2/7/2023
C00955,Kathryn,Crosby,Female,5/4/1982,Pittsburgh,Pennsylvania,Retired,Wealth,152100,4/5/2024
C00956,Stanley,York,Male,8/10/1979,Indianapolis,Indiana,Salaried,Retail,35700,6/24/2023
C00957,Gregory,Oliver,Male,7/12/1960,Phoenix,Arizona,Salaried,Premium,75200,12/31/2025
C00958,Chelsea,Johnson,Female,12/7/1969,Nashville,Tennessee,Self Employed,Retail,88800,8/11/2025
C00959,Julia,Walsh,Female,7/4/1987,Austin,Texas,Freelancer,SME,190500,8/13/2021
C00960,Brian,Perkins,Male,11/25/1968,Pittsburgh,Pennsylvania,Business Owner,Retail,23500,5/10/2024
C00961,Kathryn,Duran,Female,3/13/1994,Sacramento,California,Retired,Corporate,158600,9/7/2025
C00962,Terrence,Blair,Male,6/14/1989,Raleigh,North Carolina,Student,Retail,114200,12/29/2018
C00963,Kimberly,Bryant,Female,5/26/1999,Atlanta,Georgia,Salaried,Retail,51600,5/28/2022
C00964,Jim,Martinez,Male,11/1/1985,Atlanta,Georgia,Salaried,Retail,85100,1/11/2021
C00965,David,Rodriguez,Male,10/4/1981,Tampa,Florida,Freelancer,SME,87000,7/22/2024
C00966,James,Garcia,Male,12/7/1963,Charlotte,North Carolina,Business Owner,Retail,304500,1/17/2025
C00967,Steven,Gomez,Male,8/20/1960,Phoenix,Arizona,Salaried,Premium,102400,4/25/2023
C00968,Ashley,Castro,Female,8/13/1992,Minneapolis,Minnesota,Retired,Retail,27900,8/22/2025
C00969,Matthew,Chen,Male,10/4/2002,Sacramento,California,Retired,Retail,59600,11/5/2025
C00970,Justin,Munoz,Male,8/16/1972,Kansas City,Missouri,Student,Retail,49900,9/4/2022
C00971,Brenda,Henry,Female,1/10/1969,San Antonio,Texas,Salaried,Retail,54100,12/23/2021
C00972,Bryan,Kim,Male,12/15/1989,Atlanta,Georgia,Business Owner,Retail,103300,12/2/2025
C00973,Leslie,Salas,Female,9/3/1984,Charlotte,North Carolina,Freelancer,Retail,20700,7/28/2019
C00974,Guy,Davis,Male,5/13/2002,Nashville,Tennessee,Retired,Retail,94600,12/12/2025
C00975,Jesse,Galvan,Male,9/9/2002,Charlotte,North Carolina,Salaried,Retail,35000,10/14/2019
C00976,Daniel,Ellis,Male,11/4/1966,Orlando,Florida,Self Employed,Retail,65300,3/2/2026
C00977,Mary,Garrett,Female,2/2/1986,Austin,Texas,Salaried,Premium,172100,11/1/2025
C00978,Michael,Barry,Male,3/21/1984,Sacramento,California,Self Employed,Premium,62700,10/26/2019
C00979,Aaron,Melton,Male,4/3/1993,San Antonio,Texas,Salaried,Premium,132300,1/12/2022
C00980,Judy,Hansen,Female,9/28/1996,San Antonio,Texas,Self Employed,Retail,20700,4/29/2020
C00981,Mark,Alvarado,Male,9/12/1990,Pittsburgh,Pennsylvania,Retired,Retail,84500,11/17/2018
C00982,Bradley,Hill,Male,5/4/1993,Atlanta,Georgia,Business Owner,Retail,26900,10/26/2020
C00983,Tracie,Lee,Female,2/28/1982,Austin,Texas,Student,SME,115600,12/8/2024
C00984,David,Montes,Male,12/4/1994,Salt Lake City,Utah,Business Owner,Premium,106300,9/1/2018
C00985,Jordan,Morris,Male,9/27/1973,Atlanta,Georgia,Business Owner,Corporate,178500,10/17/2018
C00986,Christopher,Navarro,Male,12/20/1998,San Antonio,Texas,Salaried,SME,143700,5/26/2018
C00987,Thomas,Gutierrez,Male,4/21/1992,Portland,Oregon,Salaried,Retail,46200,4/18/2018
C00988,Pamela,Joyce,Female,10/28/1994,Cincinnati,Ohio,Freelancer,Retail,49500,10/15/2022
C00989,Mary,Stephens,Female,2/15/1968,Kansas City,Missouri,Student,Retail,157700,8/26/2018
C00990,Douglas,Middleton,Male,2/19/1974,Orlando,Florida,Salaried,Retail,36500,1/27/2026
C00991,Steve,Tate,Male,2/2/1963,Orlando,Florida,Retired,Retail,33700,6/18/2022
C00992,Robert,Lee,Male,2/22/2002,Portland,Oregon,Student,Retail,30400,12/30/2025
C00993,Ashley,Kennedy,Female,9/10/1983,Phoenix,Arizona,Student,SME,49100,11/29/2025
C00994,Maria,Miranda,Female,5/3/1991,Seattle,Washington,Freelancer,Retail,20700,8/5/2019
C00995,Heather,Young,Female,12/15/1975,Salt Lake City,Utah,Business Owner,Premium,87200,8/6/2024
C00996,Mary,Mooney,Female,2/2/1979,Austin,Texas,Student,Retail,62500,7/1/2018
C00997,Nancy,Anderson,Female,7/6/1973,Orlando,Florida,Salaried,Premium,100200,10/29/2024
C00998,Jesus,Knight,Male,10/7/1976,Columbus,Ohio,Salaried,Corporate,46500,3/16/2024
C00999,Samantha,Anderson,Female,5/28/2003,Austin,Texas,Self Employed,Wealth,161600,4/11/2022
C01000,Betty,Scott,Female,3/1/1975,Sacramento,California,Business Owner,Retail,64500,5/28/2024
C01001,Nathaniel,Tucker,Male,10/9/1962,Austin,Texas,Salaried,Retail,101500,6/11/2021
C01002,Jennifer,Chapman,Female,6/27/2002,Pittsburgh,Pennsylvania,Salaried,Retail,28900,1/9/2022
C01003,Jessica,Nichols,Female,9/7/2000,Portland,Oregon,Salaried,Retail,55200,12/10/2022
C01004,Scott,Mitchell,Male,5/9/1976,Indianapolis,Indiana,Self Employed,SME,29000,4/14/2019
C01005,Anthony,Lee,Male,11/17/1971,Salt Lake City,Utah,Freelancer,SME,77100,11/27/2020
C01006,Taylor,Nguyen,Female,11/28/1961,Nashville,Tennessee,Salaried,SME,43600,11/14/2018
C01007,Matthew,Olson,Male,2/17/1988,Charlotte,North Carolina,Freelancer,Retail,26600,10/13/2022
C01008,Bobby,Kelly,Male,1/11/1969,Phoenix,Arizona,Self Employed,Premium,166800,2/17/2022
C01009,Kimberly,Williams,Female,3/19/1978,Salt Lake City,Utah,Self Employed,Retail,87000,4/1/2022
C01010,Rhonda,Rhodes,Female,11/24/1962,Pittsburgh,Pennsylvania,Retired,Retail,103100,5/12/2019
C01011,Diana,Rodriguez,Female,10/16/1963,Charlotte,North Carolina,Self Employed,Premium,94200,9/8/2021
C01012,Ryan,James,Male,4/15/1983,Orlando,Florida,Business Owner,Retail,20700,4/14/2024
C01013,Nicholas,Ramos,Male,6/21/1964,Charlotte,North Carolina,Retired,Retail,20700,9/30/2020
C01014,Daniel,Garrett,Male,10/22/2003,San Antonio,Texas,Student,Retail,37000,9/21/2022
C01015,Brandon,Hart,Male,10/16/1969,Charlotte,North Carolina,Self Employed,Premium,56300,5/20/2018
C01016,Patricia,Griffin,Female,12/6/1961,San Antonio,Texas,Salaried,Wealth,121300,10/11/2021
C01017,Erica,Pena,Female,10/20/1997,Columbus,Ohio,Student,Retail,63800,1/27/2025
C01018,James,Mack,Male,5/25/1987,Sacramento,California,Self Employed,Retail,33400,2/1/2018
C01019,Catherine,Cox,Female,6/22/1997,Pittsburgh,Pennsylvania,Salaried,Premium,74800,8/9/2020
C01020,Alicia,Vaughn,Female,6/2/1991,Phoenix,Arizona,Business Owner,Premium,223500,4/23/2022
C01021,Rebecca,Wallace,Female,3/2/1971,Columbus,Ohio,Salaried,SME,40400,11/23/2021
C01022,Erik,Jackson,Male,2/10/1970,Phoenix,Arizona,Self Employed,Retail,30800,6/22/2025
C01023,Kenneth,Sharp,Male,2/7/1969,Nashville,Tennessee,Salaried,Premium,92500,6/24/2023
C01024,Hailey,Shah,Female,4/10/1983,Minneapolis,Minnesota,Business Owner,SME,91500,3/25/2019
C01025,Jose,Miller,Male,7/16/1988,Tampa,Florida,Freelancer,Retail,65200,11/1/2018
C01026,Sara,Boyd,Female,9/11/1970,Columbus,Ohio,Salaried,Retail,65500,11/11/2022
C01027,Jimmy,Cohen,Male,6/7/1993,Tampa,Florida,Self Employed,SME,246600,7/29/2024
C01028,George,Gray,Male,11/7/1974,Austin,Texas,Salaried,Retail,69200,11/14/2022
C01029,Danielle,Brooks,Female,9/20/1991,Denver,Colorado,Freelancer,Retail,30200,7/19/2024
C01030,Mary,Jackson,Female,6/16/2000,Orlando,Florida,Retired,Retail,69400,5/25/2023
C01031,Brandon,Proctor,Male,4/4/1966,Phoenix,Arizona,Self Employed,Wealth,133100,3/19/2023
C01032,Emily,Young,Female,2/12/2002,Columbus,Ohio,Freelancer,Premium,215100,8/19/2020
C01033,Christina,Clark,Female,5/17/1978,Minneapolis,Minnesota,Freelancer,Retail,89100,7/24/2021
C01034,Shannon,Harris,Female,8/14/1985,San Antonio,Texas,Freelancer,Retail,86600,7/6/2018
C01035,Anna,Nicholson,Female,7/8/1988,Phoenix,Arizona,Self Employed,Premium,61600,10/13/2024
C01036,Lori,Snyder,Female,12/1/1961,Kansas City,Missouri,Retired,SME,82300,3/23/2020
C01037,Cassandra,Glenn,Female,7/28/1994,Indianapolis,Indiana,Self Employed,Premium,72300,3/14/2024
C01038,Patty,Dunn,Female,1/28/1960,Orlando,Florida,Salaried,Retail,42200,7/31/2020
C01039,Benjamin,Edwards,Male,5/24/1962,Orlando,Florida,Salaried,Retail,110700,10/30/2018
C01040,Tracey,Young,Female,1/1/1986,Charlotte,North Carolina,Self Employed,Corporate,181900,10/16/2024
C01041,Jenna,White,Female,7/17/1980,Phoenix,Arizona,Student,Corporate,79300,4/7/2021
C01042,Nathan,Jimenez,Male,4/14/1965,San Antonio,Texas,Student,Premium,77300,3/12/2018
C01043,Randall,Holland,Male,6/25/1985,Portland,Oregon,Student,Retail,31600,2/23/2022
C01044,Nathan,Green,Male,2/21/1996,Portland,Oregon,Self Employed,Retail,20700,6/30/2023
C01045,Gregory,Williams,Male,2/5/1975,Pittsburgh,Pennsylvania,Salaried,Retail,99400,7/15/2023
C01046,Melinda,Lopez,Female,5/24/1986,Nashville,Tennessee,Salaried,Retail,31300,1/3/2021
C01047,Todd,Davis,Male,8/18/1995,Cincinnati,Ohio,Salaried,Retail,89700,10/10/2022
C01048,Jesse,Douglas,Male,3/25/1984,Denver,Colorado,Salaried,Retail,52000,10/4/2022
C01049,Taylor,Johnson,Female,11/26/1970,Portland,Oregon,Freelancer,Retail,47100,8/3/2025
C01050,Michael,Ramos,Male,6/20/1993,Nashville,Tennessee,Retired,SME,76600,1/5/2026
C01051,Jesus,Ramos,Male,10/9/1993,Raleigh,North Carolina,Retired,Retail,33800,1/7/2026
C01052,Benjamin,Wilson,Male,6/14/1960,Portland,Oregon,Salaried,Retail,37200,1/3/2025
C01053,Zachary,Evans,Male,3/3/1998,Sacramento,California,Business Owner,Retail,54700,3/10/2021
C01054,Jason,Brown,Male,12/10/1997,San Antonio,Texas,Salaried,Retail,59800,3/12/2026
C01055,Mikayla,Curry,Female,3/9/1977,Cincinnati,Ohio,Retired,Premium,43800,8/22/2024
C01056,Joseph,Townsend,Male,12/28/1977,Seattle,Washington,Salaried,Premium,149200,11/23/2024
C01057,Debra,Davis,Female,3/16/1969,Atlanta,Georgia,Student,SME,29000,6/16/2025
C01058,Elizabeth,Blair,Female,5/17/1980,Portland,Oregon,Business Owner,Corporate,74800,6/30/2021
C01059,Carrie,Larson,Female,9/3/1980,Charlotte,North Carolina,Freelancer,SME,247500,10/23/2020
C01060,Sara,Wilson,Female,7/21/1995,Tampa,Florida,Self Employed,Retail,25100,12/2/2024
C01061,Kimberly,Holmes,Female,7/12/1972,Kansas City,Missouri,Business Owner,Retail,45300,1/21/2019
C01062,Mark,Young,Male,9/1/1976,Raleigh,North Carolina,Freelancer,Premium,49900,11/24/2025
C01063,Douglas,Perkins,Male,11/2/1977,Nashville,Tennessee,Salaried,Wealth,195000,2/22/2022
C01064,Janice,Frey,Female,12/5/1999,Minneapolis,Minnesota,Salaried,Premium,48000,2/7/2024
C01065,Eric,Ramos,Male,11/20/1972,Nashville,Tennessee,Retired,Corporate,69200,2/5/2026
C01066,Corey,Ramos,Male,1/22/1993,Raleigh,North Carolina,Freelancer,Retail,133500,12/28/2020
C01067,Mary,Vaughn,Female,8/2/1971,Denver,Colorado,Business Owner,Retail,28600,4/15/2024
C01068,Phillip,Morales,Male,6/15/1967,Raleigh,North Carolina,Salaried,Premium,140400,1/18/2020
C01069,Joshua,Wilson,Male,6/19/1971,Denver,Colorado,Freelancer,Premium,67500,6/28/2019
C01070,Eric,Austin,Male,7/23/1963,Phoenix,Arizona,Business Owner,Retail,31500,3/27/2020
C01071,Rebecca,Prince,Female,5/23/1978,Indianapolis,Indiana,Freelancer,Retail,28000,9/15/2025
C01072,Patrick,Erickson,Male,10/13/1962,Indianapolis,Indiana,Business Owner,Retail,42700,11/5/2025
C01073,Evelyn,Morales,Female,12/26/1995,Charlotte,North Carolina,Salaried,Retail,51700,4/18/2019
C01074,Paul,Page,Male,11/6/2002,Charlotte,North Carolina,Business Owner,Retail,48600,11/12/2025
C01075,Nicholas,Nguyen,Male,6/28/2000,Tampa,Florida,Business Owner,SME,38600,6/8/2021
C01076,Jamie,Rojas,Female,9/6/1989,Indianapolis,Indiana,Freelancer,Corporate,96300,6/24/2022
C01077,Allen,Rodgers,Male,5/24/1975,Portland,Oregon,Retired,Retail,31600,3/18/2019
C01078,Patrick,Castaneda,Male,5/19/1987,San Antonio,Texas,Retired,Retail,20700,7/26/2019
C01079,Nicole,Gregory,Female,6/26/2002,Atlanta,Georgia,Student,Wealth,290200,6/10/2022
C01080,Robert,Lee,Male,1/22/1989,Indianapolis,Indiana,Self Employed,Retail,85300,11/24/2022
C01081,Emily,Hernandez,Female,3/22/1975,Denver,Colorado,Student,Premium,99000,12/2/2025
C01082,Amber,Adams,Female,7/5/1966,Orlando,Florida,Retired,Retail,100900,6/2/2022
C01083,Stephanie,Morton,Female,6/16/1964,Kansas City,Missouri,Business Owner,Premium,142600,8/16/2023
C01084,Aaron,Wells,Male,10/25/1999,Minneapolis,Minnesota,Self Employed,Retail,30300,5/21/2021
C01085,Mark,Lin,Male,6/13/1965,San Antonio,Texas,Business Owner,Premium,83000,9/24/2022
C01086,Kerry,Ramirez,Male,7/22/1970,Indianapolis,Indiana,Self Employed,Retail,29600,7/30/2021
C01087,Ashley,Morris,Female,9/13/1996,Atlanta,Georgia,Business Owner,Premium,120900,2/10/2025
C01088,Michael,Sharp,Male,8/17/1998,Tampa,Florida,Self Employed,Retail,49000,10/3/2022
C01089,Michele,Dominguez,Female,11/3/1984,Kansas City,Missouri,Student,Retail,56600,7/18/2018
C01090,Rachel,Schwartz,Female,1/4/1978,Sacramento,California,Student,SME,68500,10/14/2021
C01091,Alan,Spencer,Male,9/9/1961,Phoenix,Arizona,Retired,Retail,44300,4/3/2019
C01092,Jennifer,Taylor,Female,9/24/1962,Raleigh,North Carolina,Student,Retail,26300,1/30/2021
C01093,Scott,Smith,Male,12/20/1989,Raleigh,North Carolina,Business Owner,Retail,80700,3/7/2022
C01094,Michelle,Robinson,Female,10/24/1969,Salt Lake City,Utah,Freelancer,Premium,164100,5/21/2021
C01095,Alison,Brown,Female,1/6/1985,San Antonio,Texas,Salaried,Wealth,78800,2/24/2020
C01096,Amanda,Hernandez,Female,5/20/1976,Pittsburgh,Pennsylvania,Retired,Retail,79200,4/22/2023
C01097,Anna,Montes,Female,5/24/1987,Cincinnati,Ohio,Self Employed,Premium,50500,8/9/2025
C01098,Jennifer,Smith,Female,1/14/1977,Phoenix,Arizona,Retired,Retail,110600,2/13/2025
C01099,Alyssa,Thomas,Female,4/8/1966,Columbus,Ohio,Retired,Retail,42600,9/20/2022
C01100,Madison,Ross,Female,9/13/1981,Seattle,Washington,Self Employed,Retail,55300,3/8/2023
C01101,Matthew,Paul,Male,9/23/1973,Portland,Oregon,Freelancer,Retail,42800,6/16/2023
C01102,Patricia,Krause,Female,2/7/1982,Kansas City,Missouri,Freelancer,Corporate,116500,3/30/2023
C01103,Tara,Stewart,Female,10/19/1969,Minneapolis,Minnesota,Retired,Retail,39800,7/4/2023
C01104,Elizabeth,Porter,Female,9/5/1984,Orlando,Florida,Self Employed,Retail,44900,10/14/2019
C01105,Jonathan,Smith,Male,7/12/1995,Austin,Texas,Freelancer,Corporate,92300,9/14/2025
C01106,Lorraine,Lambert,Female,9/18/1992,Columbus,Ohio,Self Employed,Retail,99500,12/29/2019
C01107,Tabitha,Carr,Female,1/18/1978,Austin,Texas,Retired,SME,146600,4/29/2025
C01108,Alan,Campos,Male,7/7/1986,San Antonio,Texas,Retired,Premium,104300,5/26/2024
C01109,Charles,Brown,Male,6/20/1961,San Antonio,Texas,Freelancer,Retail,57600,9/29/2024
C01110,Paul,Miller,Male,9/28/1995,Austin,Texas,Student,Retail,104400,12/29/2025
C01111,David,Peck,Male,3/10/1980,Cincinnati,Ohio,Student,Retail,45000,8/11/2023
C01112,Daniel,Fox,Male,6/28/1998,Tampa,Florida,Freelancer,SME,39200,8/4/2025
C01113,Anthony,Choi,Male,8/28/1993,San Antonio,Texas,Student,Retail,111200,5/24/2023
C01114,Ashley,Bradford,Female,7/27/1978,Salt Lake City,Utah,Student,SME,106100,5/24/2019
C01115,Elizabeth,Ruiz,Female,5/25/1969,Tampa,Florida,Freelancer,SME,93200,10/23/2021
C01116,Alan,Jackson,Male,8/7/1975,Atlanta,Georgia,Business Owner,Retail,30100,11/3/2021
C01117,Ronnie,Stewart,Male,8/11/2004,Phoenix,Arizona,Self Employed,Corporate,173100,11/8/2023
C01118,Stephanie,Adkins,Female,4/12/1961,Phoenix,Arizona,Student,Premium,122500,12/30/2025
C01119,Michelle,Barry,Female,5/5/2003,Sacramento,California,Freelancer,Corporate,138900,7/22/2020
C01120,Susan,Cannon,Female,10/10/1973,Minneapolis,Minnesota,Student,Retail,24700,12/8/2024
C01121,Stephen,Eaton,Male,11/5/1982,Indianapolis,Indiana,Retired,Premium,91800,5/29/2023
C01122,Jesse,Anderson,Male,7/1/1990,Indianapolis,Indiana,Business Owner,Premium,53900,10/28/2024
C01123,Luis,Navarro,Male,4/12/2001,Tampa,Florida,Freelancer,Retail,61000,4/9/2020
C01124,Andrew,Morgan,Male,1/13/2002,Raleigh,North Carolina,Salaried,Premium,217700,1/4/2023
C01125,Stephen,Proctor,Male,4/8/1993,Pittsburgh,Pennsylvania,Freelancer,Retail,105400,1/17/2026
C01126,Paul,Short,Male,1/20/1971,Sacramento,California,Retired,Retail,22500,5/25/2021
C01127,Brianna,Roth,Female,4/8/1973,Salt Lake City,Utah,Freelancer,Premium,105700,10/27/2018
C01128,Jennifer,Wilson,Female,2/15/1990,Cincinnati,Ohio,Business Owner,Retail,27300,5/20/2024
C01129,Ashley,York,Female,7/28/1997,Minneapolis,Minnesota,Salaried,SME,103400,10/28/2020
C01130,Tiffany,Hopkins,Female,5/16/1998,San Antonio,Texas,Retired,Premium,67000,10/16/2020
C01131,Kelsey,Gillespie,Female,11/18/1977,Columbus,Ohio,Salaried,Retail,58200,7/31/2021
C01132,Sherri,Owens,Female,8/6/1990,Charlotte,North Carolina,Freelancer,Retail,107900,9/14/2025
C01133,Emily,Branch,Female,4/25/1971,Kansas City,Missouri,Salaried,Retail,35300,9/5/2025
C01134,Jacob,Foley,Male,4/19/1999,Phoenix,Arizona,Retired,Premium,74500,6/6/2025
C01135,Stephanie,Griffin,Female,9/16/1980,Indianapolis,Indiana,Student,Premium,315500,5/28/2021
C01136,Elizabeth,Holland,Female,5/11/1969,Raleigh,North Carolina,Student,Premium,144200,1/24/2018
C01137,James,Dominguez,Male,7/12/1963,Austin,Texas,Self Employed,Premium,49000,6/4/2025
C01138,Donald,Terry,Male,6/1/1978,Nashville,Tennessee,Retired,Retail,76400,8/23/2023
C01139,Amber,Garcia,Female,2/3/1977,Sacramento,California,Salaried,Retail,37100,5/24/2025
C01140,Matthew,Taylor,Male,12/16/2004,Austin,Texas,Student,Retail,36900,7/5/2019
C01141,Travis,Jones,Male,12/14/1980,Denver,Colorado,Student,SME,168400,10/1/2020
C01142,Robert,Church,Male,9/25/1996,Columbus,Ohio,Salaried,Premium,122700,11/4/2025
C01143,Julia,Avila,Female,8/24/1983,Columbus,Ohio,Self Employed,SME,40700,8/7/2025
C01144,Amanda,Martin,Female,10/24/1976,Nashville,Tennessee,Salaried,SME,29000,12/5/2023
C01145,Rachel,Gray,Female,6/1/1992,Salt Lake City,Utah,Retired,Premium,154500,9/29/2021
C01146,Donald,Little,Male,10/3/1964,Denver,Colorado,Retired,Wealth,268700,4/3/2023
C01147,Charles,Murray,Male,4/25/2001,Seattle,Washington,Freelancer,Retail,131900,9/15/2021
C01148,Joel,Fuller,Male,11/19/1971,Denver,Colorado,Student,Retail,55400,6/12/2024
C01149,Thomas,Smith,Male,10/27/1960,Phoenix,Arizona,Retired,Retail,25700,7/25/2025
C01150,Martin,Brown,Male,8/21/1994,Columbus,Ohio,Self Employed,Premium,166600,8/31/2019
C01151,Amy,Mills,Female,3/4/1979,Cincinnati,Ohio,Salaried,Retail,94500,9/3/2021
C01152,Pamela,White,Female,11/7/1974,Columbus,Ohio,Student,Retail,77600,3/24/2020
C01153,David,Wyatt,Male,10/27/1984,Cincinnati,Ohio,Self Employed,Retail,124800,5/8/2020
C01154,Mary,Taylor,Female,12/20/1991,Tampa,Florida,Student,Retail,113100,11/11/2020
C01155,Angela,Weeks,Female,8/1/1967,Charlotte,North Carolina,Business Owner,Retail,82000,6/23/2021
C01156,Barbara,Clarke,Female,11/10/1987,Denver,Colorado,Salaried,Retail,87600,1/30/2021
C01157,Marie,Thomas,Female,3/28/1962,Columbus,Ohio,Salaried,Retail,54600,9/8/2018
C01158,Jason,Houston,Male,12/22/1973,Seattle,Washington,Retired,Retail,95300,9/13/2019
C01159,Melissa,Barber,Female,2/26/1983,Indianapolis,Indiana,Retired,Retail,50700,8/8/2021
C01160,Aaron,Stevens,Male,6/1/1961,Minneapolis,Minnesota,Salaried,SME,53400,3/3/2018
C01161,Sharon,Brown,Female,2/14/1974,Raleigh,North Carolina,Self Employed,Wealth,76000,10/6/2024
C01162,George,Davis,Male,8/16/1979,Minneapolis,Minnesota,Student,SME,50800,7/12/2023
C01163,Kevin,Dougherty,Male,3/8/1972,Pittsburgh,Pennsylvania,Freelancer,Retail,71200,7/13/2022
C01164,Jennifer,Lynch,Female,2/8/1999,Phoenix,Arizona,Self Employed,Retail,21200,9/5/2021
C01165,Adrian,Nguyen,Male,11/5/1983,San Antonio,Texas,Salaried,Premium,170700,8/9/2019
C01166,Lisa,Taylor,Female,3/13/1975,Salt Lake City,Utah,Student,Retail,58000,5/29/2020
C01167,Katelyn,Skinner,Female,5/18/1999,Sacramento,California,Self Employed,Retail,99500,11/11/2020
C01168,Jesse,Rodriguez,Male,9/15/1991,Columbus,Ohio,Business Owner,Premium,116500,10/14/2022
C01169,William,Torres,Male,3/4/1994,Minneapolis,Minnesota,Business Owner,Retail,48600,6/11/2021
C01170,Scott,Douglas,Male,9/3/1987,Sacramento,California,Self Employed,Wealth,154500,12/20/2021
C01171,Brian,Kennedy,Male,3/19/1998,Charlotte,North Carolina,Freelancer,SME,80200,12/15/2023
C01172,Tonya,Schmidt,Female,3/4/1983,Indianapolis,Indiana,Self Employed,Premium,225800,2/14/2021
C01173,Don,Mcdaniel,Male,5/13/1985,Salt Lake City,Utah,Business Owner,SME,68800,12/11/2025
C01174,Keith,Miller,Male,5/7/2002,Kansas City,Missouri,Self Employed,SME,35200,5/22/2022
C01175,Jacob,Thornton,Male,7/13/2001,Indianapolis,Indiana,Student,Premium,63600,5/21/2019
C01176,Stacy,Fernandez,Female,3/7/2003,Pittsburgh,Pennsylvania,Retired,Retail,100300,2/25/2019
C01177,Kevin,Weber,Male,4/22/1990,Seattle,Washington,Salaried,Retail,98700,1/28/2026
C01178,Derrick,Austin,Male,1/13/1977,Columbus,Ohio,Freelancer,SME,38400,10/3/2025
C01179,Sarah,Torres,Female,4/17/1978,Portland,Oregon,Student,Retail,58900,8/21/2018
C01180,Sandra,Rodriguez,Female,12/24/1977,Tampa,Florida,Salaried,Retail,31600,2/22/2018
C01181,Yesenia,Navarro,Female,4/19/1991,Tampa,Florida,Retired,Retail,65800,10/27/2023
C01182,Shari,Madden,Female,10/4/1962,Austin,Texas,Retired,Premium,99300,7/18/2025
C01183,William,Davis,Male,7/23/1986,Seattle,Washington,Student,Corporate,56700,1/16/2025
C01184,Kimberly,Nelson,Female,1/7/2002,San Antonio,Texas,Freelancer,Premium,262100,11/10/2021
C01185,Anthony,Clay,Male,5/15/1975,Raleigh,North Carolina,Self Employed,Corporate,64600,4/6/2024
C01186,Daniel,Lopez,Male,6/24/2001,Kansas City,Missouri,Business Owner,Retail,23500,12/11/2021
C01187,Dawn,Rogers,Female,12/26/1994,Seattle,Washington,Self Employed,SME,86300,12/20/2020
C01188,Kyle,Ochoa,Male,6/26/1982,Portland,Oregon,Salaried,Retail,43600,2/17/2020
C01189,Jonathan,Nguyen,Male,9/23/1979,Pittsburgh,Pennsylvania,Self Employed,Premium,59200,1/18/2019
C01190,Shawn,Kerr,Male,11/13/1998,Denver,Colorado,Student,SME,42900,3/1/2019
C01191,Cynthia,Ortiz,Female,10/3/1999,Phoenix,Arizona,Self Employed,Retail,38300,10/18/2025
C01192,David,Curry,Male,4/15/1975,Orlando,Florida,Student,Premium,176000,2/2/2020
C01193,Traci,White,Female,7/21/1997,Charlotte,North Carolina,Student,Premium,170100,2/25/2022
C01194,Christina,Nguyen,Female,6/18/1975,Raleigh,North Carolina,Retired,Retail,30300,7/8/2021
C01195,Stephen,Perez,Male,4/24/1998,Tampa,Florida,Student,Retail,75200,12/9/2024
C01196,Ashley,Simmons,Female,10/14/1991,Sacramento,California,Freelancer,Retail,44300,8/29/2019
C01197,Alexandria,Gibson,Female,6/3/2003,Denver,Colorado,Student,Wealth,115100,11/24/2025
C01198,Amy,Newton,Female,4/22/1985,Atlanta,Georgia,Self Employed,Retail,56900,1/20/2024
C01199,Michael,Ross,Male,1/20/1980,Pittsburgh,Pennsylvania,Retired,Retail,91000,8/22/2022
C01200,Rebekah,Davis,Female,4/20/1972,Indianapolis,Indiana,Student,Corporate,154600,4/11/2022
C01201,Laura,Thornton,Female,6/6/1968,Portland,Oregon,Salaried,Retail,31900,1/26/2020
C01202,Sharon,Martinez,Female,4/8/1985,Nashville,Tennessee,Salaried,Retail,59200,10/18/2024
C01203,Todd,Salazar,Male,1/22/1995,Salt Lake City,Utah,Retired,Retail,52300,4/26/2024
C01204,Kyle,Arellano,Male,3/7/1964,Raleigh,North Carolina,Retired,Premium,91200,3/13/2022
C01205,Brian,Nguyen,Male,8/23/1971,Pittsburgh,Pennsylvania,Retired,SME,119900,6/8/2018
C01206,Elizabeth,Davis,Female,5/10/1967,Kansas City,Missouri,Self Employed,Retail,77500,10/7/2024
C01207,William,Mooney,Male,6/15/1999,Atlanta,Georgia,Business Owner,SME,76700,10/5/2020
C01208,William,Sanchez,Male,4/27/1969,Raleigh,North Carolina,Retired,Retail,45200,1/8/2019
C01209,Stephanie,Hardin,Female,10/19/1993,Columbus,Ohio,Business Owner,Premium,99600,7/9/2019
C01210,Luke,Smith,Male,5/21/1972,Sacramento,California,Business Owner,Retail,47600,4/17/2024
C01211,Jonathan,Floyd,Male,7/10/1999,Portland,Oregon,Self Employed,Retail,74300,1/1/2019
C01212,Jeffrey,Wilson,Male,12/19/1997,Phoenix,Arizona,Business Owner,Retail,84700,4/26/2022
C01213,George,Garza,Male,9/2/1982,Cincinnati,Ohio,Retired,SME,96800,2/27/2022
C01214,Cody,Garza,Male,2/15/1973,Salt Lake City,Utah,Salaried,SME,42900,4/12/2022
C01215,Zachary,Duncan,Male,2/10/2004,Cincinnati,Ohio,Student,Retail,20700,7/24/2020
C01216,Alicia,Henry,Female,1/5/1985,Raleigh,North Carolina,Self Employed,Retail,24700,4/30/2025
C01217,Cynthia,Rose,Female,12/1/1986,Nashville,Tennessee,Business Owner,Retail,45400,9/24/2024
C01218,Timothy,Crosby,Male,12/13/2000,Minneapolis,Minnesota,Freelancer,Retail,67900,4/14/2019
C01219,Angela,Lopez,Female,8/3/1970,Tampa,Florida,Retired,Retail,24800,3/19/2021
C01220,Michele,Navarro,Female,5/4/1996,Phoenix,Arizona,Self Employed,Corporate,47000,6/5/2019
C01221,Alex,Vega,Male,8/16/1962,Charlotte,North Carolina,Student,Retail,20700,11/25/2024
C01222,Steven,Conrad,Male,12/5/1988,Raleigh,North Carolina,Freelancer,Retail,108100,7/26/2021
C01223,Rachel,Gray,Female,1/5/1996,Salt Lake City,Utah,Student,Retail,42600,9/20/2019
C01224,Debra,Grant,Female,2/8/1992,Phoenix,Arizona,Salaried,Retail,21900,10/3/2020
C01225,Kimberly,Fowler,Female,5/18/1993,Seattle,Washington,Retired,Retail,54300,12/29/2023
C01226,Paul,Hubbard,Male,12/6/1999,Minneapolis,Minnesota,Salaried,Premium,76900,4/11/2022
C01227,Todd,Flores,Male,1/27/1996,Minneapolis,Minnesota,Salaried,Retail,79100,4/11/2025
C01228,Donna,Davidson,Female,11/13/1996,Portland,Oregon,Retired,Retail,62100,10/21/2020
C01229,Jordan,Stewart,Male,8/16/2000,Raleigh,North Carolina,Business Owner,SME,35200,2/22/2025
C01230,Patrick,Gregory,Male,5/6/1984,Indianapolis,Indiana,Student,Retail,27300,5/28/2019
C01231,Kristen,Gonzales,Female,7/14/1973,Raleigh,North Carolina,Business Owner,SME,66600,8/28/2021
C01232,Christina,Parks,Female,12/17/1968,Austin,Texas,Student,Retail,36600,2/24/2024
C01233,Sandra,Duncan,Female,11/10/1983,San Antonio,Texas,Salaried,Retail,62500,3/27/2020
C01234,Joshua,Peters,Male,9/6/1981,Cincinnati,Ohio,Student,Premium,189200,5/13/2024
C01235,Julian,Cole,Male,12/22/1977,Indianapolis,Indiana,Student,Premium,53200,7/20/2021
C01236,Joseph,Mills,Male,12/5/1975,Sacramento,California,Freelancer,Corporate,108400,2/2/2019
C01237,Amy,Jackson,Female,1/1/1965,Denver,Colorado,Self Employed,SME,120000,9/9/2019
C01238,Monica,Tucker,Female,2/12/1979,Cincinnati,Ohio,Salaried,Premium,84900,4/20/2024
C01239,Deanna,Smith,Female,3/14/1969,Indianapolis,Indiana,Freelancer,Retail,98000,2/25/2021
C01240,Michael,Graham,Male,11/5/1967,Orlando,Florida,Retired,SME,140700,9/19/2025
C01241,Jason,Schmidt,Male,10/19/1988,Raleigh,North Carolina,Business Owner,Retail,134600,10/10/2018
C01242,Sandy,Bolton,Female,10/10/1968,Indianapolis,Indiana,Retired,Premium,41900,7/20/2023
C01243,Benjamin,Jensen,Male,10/14/1999,Minneapolis,Minnesota,Student,Wealth,128700,7/28/2021
C01244,Sergio,Daniels,Male,11/8/1963,Indianapolis,Indiana,Business Owner,Premium,74200,3/8/2024
C01245,Ashley,Thomas,Female,10/1/1968,Salt Lake City,Utah,Student,Corporate,53800,5/28/2018
C01246,Holly,Thomas,Female,7/11/2004,Nashville,Tennessee,Self Employed,Retail,330400,11/19/2021
C01247,Sydney,Moore,Female,4/16/1995,Nashville,Tennessee,Retired,Retail,24900,4/10/2019
C01248,Alexander,Allen,Male,2/8/1968,Minneapolis,Minnesota,Salaried,Retail,44200,2/9/2018
C01249,Rodney,Nguyen,Male,10/3/1981,Minneapolis,Minnesota,Retired,Retail,128300,5/15/2019
C01250,Carolyn,Anderson,Female,4/24/1968,Salt Lake City,Utah,Freelancer,SME,29000,8/12/2020
C01251,Ashley,Anderson,Female,12/3/1963,Cincinnati,Ohio,Retired,Retail,58900,12/2/2025
C01252,Brandon,Watkins,Male,5/24/1990,Indianapolis,Indiana,Freelancer,Premium,62600,5/23/2019
C01253,Michelle,Nicholson,Female,3/28/1972,Denver,Colorado,Self Employed,Retail,69600,10/14/2022
C01254,Daniel,Nelson,Male,12/8/1982,Nashville,Tennessee,Student,Retail,20700,11/10/2021
C01255,Michaela,Thompson,Female,7/3/1999,Salt Lake City,Utah,Retired,Premium,180600,1/20/2022
C01256,Madeline,Fletcher,Female,2/19/2003,Seattle,Washington,Student,Retail,91200,5/14/2021
C01257,Jennifer,Wilson,Female,9/24/1980,Portland,Oregon,Student,Retail,55400,8/21/2021
C01258,Vanessa,Butler,Female,8/15/1989,Austin,Texas,Student,Retail,73300,2/2/2025
C01259,Kristine,Mcdonald,Female,6/1/1985,Atlanta,Georgia,Student,Retail,49100,10/11/2019
C01260,Angela,Stewart,Female,5/8/1995,Phoenix,Arizona,Freelancer,Retail,62200,9/2/2018
C01261,Nicholas,Wilson,Male,2/11/1966,Raleigh,North Carolina,Student,Premium,103100,7/3/2023
C01262,Phillip,Anderson,Male,11/6/1979,Minneapolis,Minnesota,Retired,Retail,31900,2/28/2021
C01263,Sharon,Butler,Female,12/28/1983,Columbus,Ohio,Student,Retail,57200,10/5/2020
C01264,Jessica,Harris,Female,12/8/1980,Cincinnati,Ohio,Retired,SME,201000,10/27/2021
C01265,Julian,Alexander,Male,12/7/1981,Pittsburgh,Pennsylvania,Self Employed,SME,153800,6/25/2023
C01266,Evelyn,Li,Female,1/11/1990,Pittsburgh,Pennsylvania,Salaried,Retail,57800,1/16/2023
C01267,Shannon,Meyer,Female,5/23/1972,Austin,Texas,Retired,Retail,26500,8/22/2019
C01268,Brian,Parsons,Male,8/11/1980,Nashville,Tennessee,Business Owner,Premium,111300,9/6/2018
C01269,Samantha,Christian,Female,9/10/1993,Cincinnati,Ohio,Business Owner,Retail,34400,4/16/2020
C01270,Heather,Williams,Female,1/1/1978,Atlanta,Georgia,Freelancer,Premium,119800,4/14/2022
C01271,Elizabeth,Grant,Female,10/15/1970,Kansas City,Missouri,Business Owner,Corporate,67200,10/30/2019
C01272,Jennifer,Rodriguez,Female,6/1/1968,Pittsburgh,Pennsylvania,Freelancer,Retail,110500,3/17/2022
C01273,Patricia,Martin,Female,11/14/1961,Kansas City,Missouri,Business Owner,Premium,79100,5/5/2024
C01274,Kenneth,Diaz,Male,9/2/1962,Pittsburgh,Pennsylvania,Self Employed,Premium,136700,2/23/2019
C01275,Tasha,Wolfe,Female,12/8/1970,Charlotte,North Carolina,Salaried,Retail,41400,7/11/2023
C01276,Ronald,Rodriguez,Male,1/17/1994,Austin,Texas,Student,Retail,124500,10/14/2019
C01277,Jared,Hodge,Male,4/8/1976,Tampa,Florida,Self Employed,Retail,79400,8/10/2020
C01278,Christina,Bryan,Female,9/11/1968,Atlanta,Georgia,Student,Retail,105800,4/7/2018
C01279,Anne,Cook,Female,2/2/1995,San Antonio,Texas,Retired,Retail,50300,11/4/2019
C01280,Sarah,Stone,Female,3/18/1973,Austin,Texas,Retired,Retail,70000,5/10/2022
C01281,Kathryn,Thomas,Female,10/9/1972,Indianapolis,Indiana,Salaried,Retail,40800,12/30/2022
C01282,James,Tucker,Male,11/17/2001,Seattle,Washington,Self Employed,Corporate,81800,5/24/2024
C01283,Lisa,Salas,Female,11/7/2004,Phoenix,Arizona,Self Employed,SME,113900,9/25/2023
C01284,Sherry,Taylor,Female,1/7/1979,Minneapolis,Minnesota,Student,SME,109300,5/20/2022
C01285,Nathan,Gonzales,Male,8/16/1970,Seattle,Washington,Salaried,Premium,143400,12/11/2024
C01286,Jeffrey,Johnston,Male,5/1/1960,Salt Lake City,Utah,Business Owner,Retail,39300,5/31/2020
C01287,Douglas,Anderson,Male,12/12/1987,Cincinnati,Ohio,Business Owner,Retail,47000,8/4/2019
C01288,Matthew,Tucker,Male,4/4/1989,Nashville,Tennessee,Salaried,SME,147000,4/7/2019
C01289,Donna,Fischer,Female,8/28/1975,Denver,Colorado,Salaried,SME,91700,3/15/2026
C01290,Margaret,Green,Female,2/13/1973,Atlanta,Georgia,Self Employed,Premium,37900,2/24/2018
C01291,Nancy,Riley,Female,11/3/1962,Pittsburgh,Pennsylvania,Self Employed,Wealth,197800,8/19/2020
C01292,Tyler,Harvey,Male,11/2/1960,Sacramento,California,Freelancer,SME,124800,7/13/2018
C01293,Gabriel,Leon,Male,2/20/1983,Phoenix,Arizona,Business Owner,Retail,98900,3/3/2025
C01294,Judy,Adams,Female,3/19/1986,Raleigh,North Carolina,Freelancer,Retail,48500,1/31/2024
C01295,Julia,Welch,Female,7/3/1983,San Antonio,Texas,Retired,Premium,157800,8/18/2025
C01296,David,Ali,Male,6/17/1962,Indianapolis,Indiana,Self Employed,SME,47400,10/10/2025
C01297,Kimberly,Robertson,Female,7/4/1965,Austin,Texas,Retired,Wealth,166400,6/15/2025
C01298,Linda,Flowers,Female,11/23/1974,Indianapolis,Indiana,Retired,Corporate,110200,5/14/2025
C01299,Michael,Clarke,Male,10/12/1974,Austin,Texas,Retired,Corporate,54100,3/18/2019
C01300,Travis,Khan,Male,2/23/1969,Portland,Oregon,Self Employed,Wealth,101300,4/7/2018
C01301,Traci,Allen,Female,5/4/1961,Minneapolis,Minnesota,Salaried,Retail,133900,9/25/2022
C01302,Laura,Webb,Female,7/1/2002,Raleigh,North Carolina,Retired,Premium,67300,8/12/2024
C01303,Joseph,Schmidt,Male,10/19/2000,Portland,Oregon,Business Owner,Retail,50400,11/9/2025
C01304,Robert,James,Male,9/25/1984,Portland,Oregon,Student,Retail,81300,6/8/2018
C01305,Jordan,Baker,Female,8/9/1965,Portland,Oregon,Salaried,Retail,42900,8/15/2021
C01306,Cody,Frye,Male,12/28/1995,Phoenix,Arizona,Retired,Retail,57300,12/26/2022
C01307,Donna,Smith,Female,3/15/1992,Denver,Colorado,Retired,Retail,69300,4/27/2019
C01308,Matthew,Hunt,Male,3/15/1991,Charlotte,North Carolina,Freelancer,Retail,32500,9/27/2019
C01309,April,Williams,Female,8/16/1972,Denver,Colorado,Salaried,Retail,33600,5/23/2021
C01310,John,Morales,Male,6/28/1974,Indianapolis,Indiana,Self Employed,Premium,139800,7/25/2019
C01311,Kerry,Baker,Female,10/1/1998,Atlanta,Georgia,Freelancer,Retail,33500,2/5/2024
C01312,Elizabeth,Henry,Female,8/2/1986,Tampa,Florida,Freelancer,Retail,55900,1/4/2022
C01313,Karina,Davis,Female,9/8/1985,Portland,Oregon,Freelancer,SME,33900,2/15/2024
C01314,Joshua,Reyes,Male,5/16/1995,Raleigh,North Carolina,Self Employed,Retail,71200,4/9/2020
C01315,Joshua,Terry,Male,3/24/1979,Atlanta,Georgia,Business Owner,Premium,124400,7/16/2019
C01316,Jeffrey,Mitchell,Male,8/26/1975,Columbus,Ohio,Student,Retail,68400,3/15/2024
C01317,Robert,Krause,Male,3/22/1964,Kansas City,Missouri,Retired,Retail,54400,11/6/2019
C01318,Jessica,Good,Female,7/27/2000,Orlando,Florida,Salaried,Premium,64100,2/28/2020
C01319,Anthony,Griffin,Male,8/20/1985,Raleigh,North Carolina,Self Employed,SME,48500,9/19/2024
C01320,Mark,Tanner,Male,8/25/1978,Charlotte,North Carolina,Freelancer,Retail,59800,6/13/2018
C01321,Katherine,Lowe,Female,7/9/1977,Raleigh,North Carolina,Retired,Retail,34100,6/21/2023
C01322,Mark,Richardson,Male,10/23/2004,Austin,Texas,Student,Premium,140600,10/12/2021
C01323,Melissa,Robinson,Female,8/11/2004,Denver,Colorado,Business Owner,Retail,57200,8/31/2024
C01324,Erin,Graham,Female,6/11/1974,Charlotte,North Carolina,Retired,SME,78400,8/1/2025
C01325,Sierra,Long,Female,5/20/1977,San Antonio,Texas,Self Employed,Retail,97300,9/15/2025
C01326,David,King,Male,9/11/1994,Raleigh,North Carolina,Self Employed,Retail,47300,9/15/2024
C01327,Jasmine,Thomas,Female,11/26/1971,Columbus,Ohio,Retired,Retail,31900,10/30/2021
C01328,Jennifer,Aguilar,Female,10/3/1976,Atlanta,Georgia,Retired,Retail,106700,5/13/2024
C01329,Jessica,Welch,Female,5/2/1972,San Antonio,Texas,Student,Wealth,193400,7/6/2021
C01330,Kimberly,Walsh,Female,3/4/1968,Tampa,Florida,Self Employed,Retail,80100,1/28/2019
C01331,Renee,Jackson,Female,1/22/1973,San Antonio,Texas,Student,Premium,45600,9/12/2020
C01332,James,Moreno,Male,10/20/1974,Orlando,Florida,Salaried,Premium,56000,3/17/2024
C01333,Edward,Patel,Male,4/6/1980,Pittsburgh,Pennsylvania,Salaried,SME,104700,5/28/2024
C01334,Richard,Taylor,Male,8/4/1977,Seattle,Washington,Self Employed,Retail,77300,6/21/2020
C01335,Carly,Mcdaniel,Female,1/8/1966,Nashville,Tennessee,Self Employed,Premium,59000,8/9/2020
C01336,Sharon,Page,Female,7/23/1965,Tampa,Florida,Business Owner,Retail,21700,3/26/2018
C01337,Wendy,Richardson,Female,10/13/1992,Portland,Oregon,Self Employed,SME,83600,7/13/2022
C01338,Evelyn,Lee,Female,6/12/1973,Cincinnati,Ohio,Salaried,Retail,36400,9/12/2025
C01339,Elizabeth,Greene,Female,11/23/1975,Pittsburgh,Pennsylvania,Freelancer,Retail,56500,12/30/2022
C01340,Joe,Jones,Male,7/9/1965,San Antonio,Texas,Salaried,Retail,38900,4/12/2022
C01341,Nicole,Carey,Female,4/3/1963,Raleigh,North Carolina,Salaried,Premium,39600,11/22/2023
C01342,Melissa,Huff,Female,3/10/1988,Nashville,Tennessee,Business Owner,Retail,31800,11/14/2019
C01343,Michael,Taylor,Male,4/28/1964,Charlotte,North Carolina,Salaried,Retail,111000,3/11/2020
C01344,Erin,Crosby,Female,2/25/1964,Seattle,Washington,Freelancer,Retail,73300,1/3/2020
C01345,William,Mclaughlin,Male,3/8/1994,Atlanta,Georgia,Retired,Corporate,91700,8/29/2023
C01346,Judith,Hernandez,Female,3/6/1985,Salt Lake City,Utah,Retired,Retail,35000,2/17/2021
C01347,Darren,Taylor,Male,8/6/1975,Sacramento,California,Student,Premium,116500,7/11/2019
C01348,Pamela,Wells,Female,8/17/1978,Minneapolis,Minnesota,Freelancer,Corporate,147600,10/30/2023
C01349,Gregory,Swanson,Male,10/23/1998,Raleigh,North Carolina,Retired,SME,63200,8/9/2023
C01350,Holly,Thornton,Female,4/3/1962,Atlanta,Georgia,Student,Premium,76600,5/11/2021
C01351,Melissa,Lowe,Female,6/16/1961,Raleigh,North Carolina,Retired,Retail,22700,7/27/2019
C01352,Monique,Reed,Female,4/5/1985,Phoenix,Arizona,Freelancer,Retail,32100,3/21/2023
C01353,Jill,Benitez,Female,8/5/1973,Raleigh,North Carolina,Salaried,Retail,41500,9/16/2024
C01354,Ryan,Jones,Male,9/18/1982,Phoenix,Arizona,Salaried,Retail,49400,2/19/2019
C01355,Robin,Stanley,Female,5/2/1995,Atlanta,Georgia,Business Owner,Retail,29200,11/15/2024
C01356,Lisa,Wilkinson,Female,10/11/1982,Sacramento,California,Student,Retail,21200,10/7/2023
C01357,Joel,Brown,Male,9/24/2002,Salt Lake City,Utah,Self Employed,Corporate,63900,3/15/2020
C01358,Anna,Alvarez,Female,7/9/1999,Denver,Colorado,Retired,Retail,27400,3/4/2020
C01359,Hannah,Browning,Female,7/18/1969,San Antonio,Texas,Salaried,Premium,129500,11/24/2018
C01360,Deborah,Johnson,Female,10/24/1981,Sacramento,California,Retired,Wealth,91000,9/30/2019
C01361,Alicia,Smith,Female,11/9/1993,Pittsburgh,Pennsylvania,Student,SME,100900,1/19/2021
C01362,Michael,Miller,Male,5/16/1992,Columbus,Ohio,Retired,Wealth,236100,7/4/2020
C01363,Shannon,Johnson,Female,8/5/1975,Orlando,Florida,Retired,SME,103800,9/18/2021
C01364,Christine,Lara,Female,4/6/1965,Phoenix,Arizona,Student,Premium,45300,5/6/2018
C01365,Charles,French,Male,2/10/1983,Columbus,Ohio,Student,Retail,102900,10/28/2022
C01366,Michael,Rowe,Male,4/20/1978,Orlando,Florida,Salaried,SME,48500,12/3/2018
C01367,George,Henry,Male,3/18/1960,Denver,Colorado,Student,Retail,127100,12/29/2019
C01368,Robert,Parrish,Male,5/27/1968,Salt Lake City,Utah,Salaried,Retail,139900,11/8/2019
C01369,Nicole,Rogers,Female,2/2/1981,Phoenix,Arizona,Retired,Wealth,278200,11/25/2023
C01370,Robert,Waters,Male,5/5/1999,Denver,Colorado,Student,Retail,58300,10/20/2024
C01371,Erika,Davidson,Female,5/2/2004,Orlando,Florida,Retired,Retail,42400,6/9/2021
C01372,Mercedes,Newton,Female,12/27/2001,Phoenix,Arizona,Self Employed,Retail,74300,9/12/2020
C01373,Mark,Roberts,Male,12/5/1969,Sacramento,California,Freelancer,Retail,37400,5/27/2023
C01374,Crystal,Vincent,Female,2/21/1986,San Antonio,Texas,Freelancer,Premium,166600,5/19/2018
C01375,Elizabeth,Jenkins,Female,7/7/1970,Raleigh,North Carolina,Freelancer,Retail,81300,6/17/2022
C01376,Jeremy,Kirby,Male,3/27/1988,Columbus,Ohio,Salaried,Retail,109000,11/4/2019
C01377,Amy,Brown,Female,2/16/1986,Nashville,Tennessee,Business Owner,SME,60500,4/8/2020
C01378,Briana,Barron,Female,1/25/1986,Indianapolis,Indiana,Salaried,Retail,41700,3/5/2019
C01379,Elizabeth,Wilson,Female,4/7/1992,Portland,Oregon,Retired,Retail,168300,5/20/2022
C01380,Melinda,Waller,Female,10/20/1997,Charlotte,North Carolina,Retired,Retail,131200,2/13/2023
C01381,Terry,Brown,Female,6/1/1978,Salt Lake City,Utah,Retired,Retail,90500,5/31/2024
C01382,Patricia,Atkins,Female,10/8/1980,Orlando,Florida,Student,Retail,29600,12/22/2020
C01383,Michael,Wood,Male,4/2/1993,Minneapolis,Minnesota,Salaried,Retail,75800,1/25/2021
C01384,Danielle,Reyes,Female,7/1/1994,Kansas City,Missouri,Retired,Retail,61500,5/24/2020
C01385,Anthony,Hayes,Male,9/10/2002,Kansas City,Missouri,Salaried,Corporate,76400,9/7/2025
C01386,Samuel,Williams,Male,6/21/1965,San Antonio,Texas,Freelancer,Retail,49800,4/12/2021
C01387,Janice,Jordan,Female,3/14/1986,Nashville,Tennessee,Retired,Retail,35800,10/3/2025
C01388,Brian,Mcdowell,Male,2/3/2000,Kansas City,Missouri,Student,Wealth,548400,10/14/2021
C01389,Crystal,Garcia,Female,9/15/1992,Tampa,Florida,Salaried,Retail,48600,12/17/2021
C01390,Jordan,Williams,Male,4/18/1984,Indianapolis,Indiana,Student,SME,43900,1/30/2025
C01391,Hector,Bishop,Male,6/28/1961,Raleigh,North Carolina,Self Employed,Retail,66700,2/18/2020
C01392,Connie,Garcia,Female,8/25/2000,Seattle,Washington,Student,Premium,369500,8/12/2021
C01393,Shannon,Duke,Female,1/2/1972,Raleigh,North Carolina,Student,Retail,24600,1/31/2018
C01394,Ian,Porter,Male,2/5/1989,Columbus,Ohio,Student,SME,87300,7/18/2023
C01395,Victor,Montes,Male,12/25/1995,Kansas City,Missouri,Business Owner,Retail,57500,1/9/2024
C01396,Rebecca,Black,Female,1/28/1978,San Antonio,Texas,Salaried,Retail,20700,8/3/2023
C01397,Chad,Johnson,Male,7/1/1979,Phoenix,Arizona,Business Owner,Retail,39700,4/10/2019
C01398,Michael,Dougherty,Male,6/11/1976,Tampa,Florida,Salaried,SME,48700,2/6/2021
C01399,Yvonne,Williams,Female,9/28/1995,Phoenix,Arizona,Salaried,Retail,109900,7/12/2022
C01400,Richard,Turner,Male,7/3/1979,Salt Lake City,Utah,Salaried,Premium,72800,5/8/2023
C01401,James,Robinson,Male,6/13/1990,Salt Lake City,Utah,Business Owner,Retail,29500,11/21/2019
C01402,Kevin,Mclaughlin,Male,10/23/2001,Indianapolis,Indiana,Freelancer,SME,80800,8/27/2025
C01403,Carol,Marquez,Female,7/1/1975,Charlotte,North Carolina,Retired,Premium,211300,9/1/2020
C01404,Ashley,Gray,Female,4/20/1987,Salt Lake City,Utah,Retired,Premium,49500,8/13/2022
C01405,Angela,Thomas,Female,5/8/1978,Pittsburgh,Pennsylvania,Retired,Premium,51000,2/23/2020
C01406,James,Jackson,Male,3/19/2004,Nashville,Tennessee,Freelancer,Retail,59200,6/14/2018
C01407,Zachary,Wilson,Male,12/2/1975,Orlando,Florida,Retired,Corporate,136800,1/12/2018
C01408,Bianca,Miller,Female,12/1/1967,Cincinnati,Ohio,Business Owner,Retail,38800,8/11/2022
C01409,Sarah,Roth,Female,9/22/2002,Austin,Texas,Business Owner,Retail,150100,2/10/2020
C01410,Patrick,Clark,Male,8/9/1991,Orlando,Florida,Freelancer,Retail,33700,2/23/2023
C01411,Nicholas,Burgess,Male,4/14/1978,Charlotte,North Carolina,Student,Retail,38400,12/10/2023
C01412,Christina,Foster,Female,8/12/1997,Denver,Colorado,Student,Retail,36700,1/9/2021
C01413,Robert,Thomas,Male,4/15/1990,Indianapolis,Indiana,Salaried,SME,70000,1/1/2021
C01414,Justin,Medina,Male,5/23/1993,Raleigh,North Carolina,Salaried,Retail,103100,5/12/2024
C01415,James,Beard,Male,5/9/1975,Tampa,Florida,Freelancer,SME,148300,7/29/2023
C01416,Theodore,Sweeney,Male,3/1/1960,Charlotte,North Carolina,Student,Retail,76000,3/3/2020
C01417,Carl,Nelson,Male,12/10/1966,Indianapolis,Indiana,Freelancer,Premium,72500,7/5/2022
C01418,Cameron,Burton,Male,10/12/1996,Seattle,Washington,Business Owner,Retail,49200,1/1/2022
C01419,James,Houston,Male,9/11/1975,Portland,Oregon,Retired,Retail,43800,7/16/2019
C01420,Rose,Mclean,Female,1/7/1986,Orlando,Florida,Freelancer,Retail,57700,7/10/2019
C01421,Russell,Ho,Male,4/12/1973,Orlando,Florida,Business Owner,Retail,173100,8/27/2020
C01422,Ronald,Avila,Male,2/26/1967,Seattle,Washington,Student,Retail,73400,9/23/2025
C01423,Amanda,Mann,Female,3/22/1994,Nashville,Tennessee,Salaried,Corporate,45500,12/30/2018
C01424,Steven,Griffin,Male,4/19/1997,Charlotte,North Carolina,Salaried,Retail,45800,2/4/2019
C01425,Patrick,Crawford,Male,11/9/1961,Pittsburgh,Pennsylvania,Self Employed,Retail,75700,3/20/2020
C01426,Jennifer,Bush,Female,8/2/1978,Atlanta,Georgia,Freelancer,Premium,67900,5/12/2021
C01427,Michael,Warren,Male,12/3/1969,San Antonio,Texas,Retired,SME,42500,12/19/2019
C01428,Tyler,Cruz,Male,2/25/1966,San Antonio,Texas,Business Owner,Retail,25600,1/2/2026
C01429,Jeffrey,Crawford,Male,11/17/1995,Charlotte,North Carolina,Student,SME,109800,10/7/2022
C01430,Robert,Thompson,Male,8/9/1999,Indianapolis,Indiana,Student,Retail,198000,4/25/2021
C01431,Kyle,Callahan,Male,8/3/1994,Austin,Texas,Freelancer,SME,29000,11/8/2025
C01432,Anthony,Zavala,Male,9/16/1967,Kansas City,Missouri,Retired,Retail,83100,1/7/2020
C01433,Devon,Larson,Male,3/8/1974,Kansas City,Missouri,Retired,SME,72700,3/12/2024
C01434,Jon,Zamora,Male,9/18/1981,Denver,Colorado,Student,Retail,30900,7/3/2023
C01435,Kevin,Diaz,Male,4/23/1968,Cincinnati,Ohio,Freelancer,Premium,95800,8/11/2021
C01436,Thomas,Tran,Male,11/9/1970,Sacramento,California,Freelancer,Wealth,130300,5/5/2018
C01437,Gail,Martinez,Female,3/25/1980,Denver,Colorado,Salaried,Corporate,128800,12/4/2022
C01438,Katherine,Mccormick,Female,6/2/2001,Kansas City,Missouri,Business Owner,Corporate,202600,4/2/2022
C01439,Kimberly,Williams,Female,11/10/1992,Tampa,Florida,Business Owner,Corporate,87500,7/5/2023
C01440,Laura,Osborne,Female,3/6/1964,Charlotte,North Carolina,Student,SME,42100,6/15/2018
C01441,Robert,Cooper,Male,8/1/1987,Charlotte,North Carolina,Business Owner,Retail,91300,2/13/2026
C01442,Paul,Spencer,Male,9/5/1977,Charlotte,North Carolina,Business Owner,Retail,55000,2/22/2022
C01443,Bethany,Tucker,Female,5/27/1983,Salt Lake City,Utah,Salaried,Retail,66500,7/24/2022
C01444,Kyle,Long,Male,7/20/1975,Cincinnati,Ohio,Self Employed,SME,82300,9/22/2018
C01445,Jonathan,Woodward,Male,1/4/1977,Salt Lake City,Utah,Business Owner,SME,43400,1/6/2025
C01446,Marilyn,Rodriguez,Female,3/18/2001,Nashville,Tennessee,Freelancer,SME,69700,2/8/2020
C01447,Ashley,Williams,Female,2/13/2001,Charlotte,North Carolina,Student,Retail,82800,5/3/2021
C01448,Anna,Cervantes,Female,4/14/1961,Indianapolis,Indiana,Salaried,Corporate,198300,3/8/2023
C01449,Bradley,Thompson,Male,5/21/1984,Salt Lake City,Utah,Self Employed,Retail,29400,7/10/2022
C01450,Parker,Todd,Male,6/11/2003,Orlando,Florida,Student,Retail,35300,3/26/2022
C01451,Gregory,Wilson,Male,5/28/1986,Phoenix,Arizona,Freelancer,Retail,74800,3/23/2019
C01452,Charles,Watts,Male,9/23/1975,Raleigh,North Carolina,Business Owner,Retail,42000,9/14/2025
C01453,Kristy,Simmons,Female,4/7/1978,Salt Lake City,Utah,Retired,SME,29000,7/14/2021
C01454,Madison,Wilkinson,Female,12/8/1985,Tampa,Florida,Retired,SME,97800,3/26/2023
C01455,Audrey,Carrillo,Female,1/20/1994,Tampa,Florida,Self Employed,Wealth,116600,7/6/2019
C01456,Deanna,Moreno,Female,6/8/2001,Austin,Texas,Business Owner,Retail,46400,5/14/2022
C01457,Jacob,Knapp,Male,9/28/1989,Tampa,Florida,Self Employed,Retail,73300,5/4/2020
C01458,Timothy,Mcclain,Male,10/4/1961,Minneapolis,Minnesota,Self Employed,Retail,42600,9/20/2025
C01459,Michele,Long,Female,8/21/1981,Austin,Texas,Salaried,Premium,67100,12/18/2024
C01460,Jaclyn,Forbes,Female,6/20/1985,Cincinnati,Ohio,Salaried,Corporate,92400,1/18/2024
C01461,Joseph,Bridges,Male,4/13/1974,Phoenix,Arizona,Self Employed,Retail,43700,2/9/2026
C01462,Michele,Robinson,Female,10/20/1973,Indianapolis,Indiana,Salaried,Retail,24400,1/13/2019
C01463,Leslie,Wilkinson,Female,12/24/1962,Nashville,Tennessee,Freelancer,SME,47500,3/29/2018
C01464,Danielle,Dunn,Female,8/13/1975,Columbus,Ohio,Salaried,Retail,51900,6/22/2018
C01465,Erin,Anderson,Female,9/7/1963,Cincinnati,Ohio,Self Employed,Retail,39800,9/6/2025
C01466,Brian,Mccormick,Male,6/24/1964,Sacramento,California,Student,Retail,35800,6/1/2024
C01467,Matthew,Turner,Male,11/28/1991,Tampa,Florida,Retired,Retail,102200,12/16/2020
C01468,Donna,Hill,Female,2/8/1962,Phoenix,Arizona,Business Owner,Retail,65300,8/30/2020
C01469,Joshua,Foster,Male,9/24/2002,Portland,Oregon,Salaried,SME,47700,6/25/2025
C01470,Louis,Hernandez,Male,12/23/1988,Raleigh,North Carolina,Business Owner,Retail,94300,3/16/2021
C01471,Jodi,Martin,Female,1/23/1971,Pittsburgh,Pennsylvania,Retired,Wealth,62100,6/3/2024
C01472,Todd,Wood,Male,5/27/2002,Austin,Texas,Retired,Premium,117200,4/25/2021
C01473,Jose,Figueroa,Male,6/19/1994,Atlanta,Georgia,Business Owner,Retail,89700,3/29/2018
C01474,Tamara,Pearson,Female,10/20/1979,Charlotte,North Carolina,Retired,Corporate,45500,4/12/2024
C01475,Deanna,Copeland,Female,10/23/1986,Salt Lake City,Utah,Student,Retail,54300,5/6/2018
C01476,Ann,Taylor,Female,12/7/1971,Sacramento,California,Freelancer,Retail,52100,9/26/2020
C01477,Cindy,Moreno,Female,11/18/1968,Charlotte,North Carolina,Business Owner,Corporate,73500,5/3/2018
C01478,Allen,Carrillo,Male,7/19/1969,Kansas City,Missouri,Retired,Corporate,117600,4/16/2022
C01479,Kerry,Curry,Female,6/14/1984,Pittsburgh,Pennsylvania,Salaried,Premium,152500,7/15/2025
C01480,Timothy,Nunez,Male,9/11/1972,Atlanta,Georgia,Self Employed,Premium,68500,8/3/2024
C01481,Debbie,Ortega,Female,5/21/1992,Phoenix,Arizona,Retired,SME,29000,5/20/2022
C01482,Joshua,Anderson,Male,1/4/1964,Austin,Texas,Retired,SME,117500,10/3/2021
C01483,John,Watkins,Male,2/13/1963,Minneapolis,Minnesota,Freelancer,Retail,58900,8/9/2021
C01484,Elizabeth,Mcclure,Female,7/25/1989,Salt Lake City,Utah,Freelancer,Retail,59200,8/12/2019
C01485,Mary,Lara,Female,4/21/1983,Salt Lake City,Utah,Student,Retail,20700,10/27/2019
C01486,Jamie,Joyce,Female,3/24/1988,Salt Lake City,Utah,Salaried,Retail,144300,3/25/2024
C01487,Gabriela,Anderson,Female,12/21/1991,Denver,Colorado,Business Owner,SME,42300,1/7/2026
C01488,James,Walker,Male,6/13/1972,Indianapolis,Indiana,Freelancer,Retail,53300,2/21/2019
C01489,Kristin,Tran,Female,3/1/1998,Denver,Colorado,Self Employed,Retail,32200,3/31/2023
C01490,Shannon,Hill,Female,10/12/1994,Portland,Oregon,Business Owner,Retail,30000,12/19/2020
C01491,Michael,Li,Male,12/6/1963,Pittsburgh,Pennsylvania,Salaried,SME,58600,11/2/2022
C01492,Jonathan,Williams,Male,1/8/1978,Nashville,Tennessee,Self Employed,Retail,141400,3/13/2023
C01493,Jordan,Harris,Male,9/6/2002,Portland,Oregon,Salaried,SME,209100,1/17/2025
C01494,Brandi,Garrett,Female,9/14/1976,Cincinnati,Ohio,Self Employed,Retail,59900,10/11/2022
C01495,Richard,Dillon,Male,4/4/1994,Orlando,Florida,Business Owner,SME,29000,7/26/2020
C01496,Kristen,Griffin,Female,12/1/1988,Pittsburgh,Pennsylvania,Freelancer,Retail,77500,5/3/2019
C01497,Jeffrey,Lowe,Male,12/2/1990,Sacramento,California,Salaried,Retail,87400,2/4/2022
C01498,Sara,Lucas,Female,9/5/1984,Minneapolis,Minnesota,Freelancer,Retail,75300,10/15/2019
C01499,Jennifer,Reeves,Female,11/28/1985,Denver,Colorado,Student,Premium,46000,5/21/2024
C01500,Taylor,Lee,Male,9/21/1964,Atlanta,Georgia,Retired,Corporate,50900,8/16/2024
C01501,John,Neal,Male,5/8/2003,Kansas City,Missouri,Self Employed,Retail,58800,6/4/2018
C01502,Patricia,Carrillo,Female,10/23/1962,Columbus,Ohio,Retired,Premium,128000,4/10/2021
C01503,Andrea,Gonzalez,Female,10/11/1979,Atlanta,Georgia,Business Owner,SME,89800,1/25/2023
C01504,Melissa,Miller,Female,8/26/1992,Kansas City,Missouri,Self Employed,Corporate,64700,1/18/2024
C01505,Jamie,Marsh,Female,10/15/1961,Indianapolis,Indiana,Retired,Retail,123200,9/7/2019
C01506,Steven,Smith,Male,7/17/1996,Seattle,Washington,Freelancer,Retail,24700,12/20/2023
C01507,Richard,Ortega,Male,9/1/2003,Columbus,Ohio,Freelancer,Retail,23100,1/8/2021
C01508,Christopher,Torres,Male,6/25/2002,Minneapolis,Minnesota,Salaried,Wealth,113600,7/19/2025
C01509,Gail,Wright,Female,5/18/1970,Tampa,Florida,Retired,Retail,38900,6/3/2022
C01510,Linda,Perry,Female,6/27/1968,Cincinnati,Ohio,Student,SME,41600,6/29/2020
C01511,Susan,King,Female,10/4/1994,Cincinnati,Ohio,Self Employed,Retail,65600,11/7/2021
C01512,Angela,Hardin,Female,10/6/1970,Austin,Texas,Salaried,Retail,96400,7/4/2020
C01513,Megan,Ruiz,Female,9/23/1966,Charlotte,North Carolina,Salaried,Retail,50200,11/3/2024
C01514,Ronald,Allen,Male,11/10/1991,Columbus,Ohio,Freelancer,SME,51600,9/30/2023
C01515,Martin,Meza,Male,2/16/1964,Pittsburgh,Pennsylvania,Business Owner,Premium,61700,6/4/2018
C01516,Daniel,Riley,Male,4/13/1983,Denver,Colorado,Salaried,Retail,37600,6/6/2020
C01517,Jason,Lopez,Male,10/7/1983,Indianapolis,Indiana,Student,SME,61400,1/7/2023
C01518,Jennifer,Walsh,Female,1/20/1962,Columbus,Ohio,Salaried,Retail,149800,5/25/2018
C01519,David,Campbell,Male,8/13/1971,Raleigh,North Carolina,Student,Premium,107900,1/28/2018
C01520,Dennis,James,Male,3/8/1983,Nashville,Tennessee,Self Employed,SME,84900,9/17/2021
C01521,Karla,Williams,Female,7/2/1987,Kansas City,Missouri,Business Owner,Wealth,348200,5/8/2021
C01522,Toni,Greene,Female,8/23/1968,Indianapolis,Indiana,Freelancer,Retail,28100,8/6/2024
C01523,Jeffrey,Stewart,Male,6/26/1983,San Antonio,Texas,Salaried,Premium,104300,10/10/2025
C01524,Jon,Newton,Male,1/5/1981,San Antonio,Texas,Salaried,SME,44600,8/26/2020
C01525,Heidi,Williams,Female,2/26/2001,Atlanta,Georgia,Salaried,Retail,40900,11/8/2023
C01526,Samantha,Yu,Female,11/14/2000,Cincinnati,Ohio,Student,Premium,65600,7/30/2024
C01527,Meagan,Perkins,Female,3/16/1991,Seattle,Washington,Freelancer,Wealth,74500,8/20/2022
C01528,Alexander,Wood,Male,3/12/1960,Atlanta,Georgia,Self Employed,SME,124100,12/8/2025
C01529,Elizabeth,Parrish,Female,12/5/1966,Kansas City,Missouri,Retired,Retail,30400,1/15/2019
C01530,Christopher,Ford,Male,12/1/1984,Salt Lake City,Utah,Freelancer,SME,73500,3/14/2024
C01531,Michael,Moore,Male,1/18/1982,Sacramento,California,Self Employed,Retail,48100,12/4/2021
C01532,Kristin,Guzman,Female,6/9/1989,Portland,Oregon,Self Employed,Corporate,79100,5/28/2024
C01533,William,James,Male,3/20/1980,Salt Lake City,Utah,Freelancer,Retail,73600,2/23/2019
C01534,Jeffrey,Ruiz,Male,9/28/1963,Austin,Texas,Student,Retail,47700,9/16/2025
C01535,Scott,Browning,Male,8/26/1972,Cincinnati,Ohio,Business Owner,Premium,49600,1/15/2020
C01536,Julie,Gibson,Female,10/19/1969,Indianapolis,Indiana,Business Owner,SME,45000,5/16/2025
C01537,Emma,Johnson,Female,11/10/1964,Pittsburgh,Pennsylvania,Freelancer,Retail,54200,9/28/2020
C01538,Sharon,Lane,Female,4/11/1994,Pittsburgh,Pennsylvania,Self Employed,Premium,67100,10/24/2019
C01539,Donald,Edwards,Male,4/1/1978,Austin,Texas,Self Employed,Premium,67700,1/5/2023
C01540,Chelsea,Ruiz,Female,8/1/1997,Seattle,Washington,Retired,Retail,29200,8/1/2023
C01541,John,Parker,Male,8/23/1973,Tampa,Florida,Self Employed,SME,48300,9/4/2019
C01542,Robert,Alvarez,Male,2/5/2003,Minneapolis,Minnesota,Self Employed,Corporate,70400,6/4/2018
C01543,Ashley,Fletcher,Female,9/16/1976,Salt Lake City,Utah,Freelancer,Premium,94900,5/12/2020
C01544,Kevin,Thomas,Male,9/12/2002,Raleigh,North Carolina,Salaried,Retail,63000,2/13/2021
C01545,Jennifer,Lane,Female,7/21/1975,Phoenix,Arizona,Salaried,Retail,71000,11/21/2021
C01546,Carol,Robinson,Female,12/19/1973,Indianapolis,Indiana,Freelancer,SME,32600,4/9/2018
C01547,James,Lloyd,Male,4/16/1979,Denver,Colorado,Salaried,Retail,103500,6/19/2024
C01548,Sheila,Gonzalez,Female,2/7/1990,San Antonio,Texas,Salaried,Premium,91500,2/6/2025
C01549,Mark,Thomas,Male,2/7/1969,Atlanta,Georgia,Salaried,Retail,106200,10/17/2024
C01550,James,Barnes,Male,2/13/1967,Denver,Colorado,Student,Retail,33200,7/12/2019
C01551,Dalton,Torres,Male,12/17/2002,Columbus,Ohio,Business Owner,Corporate,186200,5/31/2024
C01552,Alexander,Watkins,Male,7/11/1987,Cincinnati,Ohio,Self Employed,Retail,77800,3/1/2021
C01553,Debra,Alvarez,Female,2/10/1966,Indianapolis,Indiana,Salaried,Retail,55700,6/19/2024
C01554,Melissa,Bush,Female,3/20/1968,Columbus,Ohio,Salaried,Retail,67900,5/7/2025
C01555,Donald,Oconnor,Male,12/22/1973,Minneapolis,Minnesota,Salaried,Premium,47300,7/26/2020
C01556,Michelle,Wells,Female,3/9/1967,Sacramento,California,Business Owner,Retail,126600,6/18/2019
C01557,Larry,Hunter,Male,5/3/1961,Cincinnati,Ohio,Retired,SME,63500,7/20/2023
C01558,Tammie,Haley,Female,3/20/1963,Nashville,Tennessee,Retired,Premium,75500,4/2/2018
C01559,Amy,Smith,Female,3/5/1974,San Antonio,Texas,Business Owner,SME,121500,10/12/2019
C01560,Katrina,Reeves,Female,12/23/1974,Minneapolis,Minnesota,Retired,SME,34800,3/5/2025
C01561,Mary,Burns,Female,7/26/1983,Sacramento,California,Business Owner,Retail,24400,10/8/2022
C01562,Cody,Estrada,Male,5/16/1975,Indianapolis,Indiana,Salaried,SME,68700,10/8/2023
C01563,Mackenzie,Madden,Female,4/1/1962,Tampa,Florida,Student,SME,104200,2/5/2021
C01564,Rachel,Burton,Female,3/14/1991,Denver,Colorado,Salaried,Retail,55500,8/30/2019
C01565,David,Mooney,Male,12/4/1961,Pittsburgh,Pennsylvania,Student,Wealth,218600,1/30/2023
C01566,Autumn,Torres,Female,1/15/1975,Tampa,Florida,Business Owner,Premium,138600,3/28/2020
C01567,Jillian,Lambert,Female,2/23/1971,Austin,Texas,Student,Retail,22700,10/11/2022
C01568,Caitlin,Moreno,Female,5/16/1998,San Antonio,Texas,Self Employed,Retail,21500,12/6/2022
C01569,Philip,Jackson,Male,7/14/1987,Nashville,Tennessee,Freelancer,SME,29000,4/30/2023
C01570,Eric,Fields,Male,1/9/1962,Minneapolis,Minnesota,Salaried,Retail,45900,4/23/2019
C01571,Billy,Jackson,Male,10/16/1988,Salt Lake City,Utah,Retired,Premium,57000,3/11/2024
C01572,Seth,Lopez,Male,12/28/1996,Denver,Colorado,Business Owner,Premium,141500,12/7/2019
C01573,Kristy,Anderson,Female,10/20/1976,Salt Lake City,Utah,Student,Retail,76900,10/18/2024
C01574,Michelle,Lamb,Female,11/8/1991,Charlotte,North Carolina,Student,Premium,45800,10/5/2024
C01575,Sherry,Olson,Female,2/14/1978,Kansas City,Missouri,Self Employed,SME,52800,8/13/2020
C01576,Angela,Ellis,Female,7/6/1980,Indianapolis,Indiana,Retired,Retail,73500,5/17/2024
C01577,John,Olson,Male,8/26/1999,Tampa,Florida,Self Employed,Retail,29200,3/29/2023
C01578,Isaiah,Ford,Male,8/27/1992,Salt Lake City,Utah,Freelancer,SME,102400,6/18/2025
C01579,Amber,Mcguire,Female,11/21/2000,Minneapolis,Minnesota,Freelancer,Retail,255300,11/14/2025
C01580,Martha,Williams,Female,9/20/1996,Seattle,Washington,Freelancer,Retail,25100,9/13/2023
C01581,Julia,Buchanan,Female,9/13/1964,Minneapolis,Minnesota,Business Owner,SME,57500,11/8/2023
C01582,William,Maldonado,Male,10/15/1974,Charlotte,North Carolina,Salaried,Wealth,62100,11/28/2020
C01583,Janet,Buckley,Female,7/16/1962,Kansas City,Missouri,Retired,Retail,127400,12/15/2018
C01584,Allison,Garcia,Female,7/3/1998,Phoenix,Arizona,Self Employed,Corporate,114300,9/23/2024
C01585,Larry,Hardy,Male,9/5/1995,San Antonio,Texas,Business Owner,Retail,89500,6/26/2018
C01586,Olivia,Lang,Female,4/23/1982,Pittsburgh,Pennsylvania,Retired,Retail,55500,3/15/2025
C01587,Sarah,Gonzalez,Female,8/10/1971,Orlando,Florida,Business Owner,Premium,175700,3/15/2019
C01588,Madeline,Jones,Female,11/22/1997,Sacramento,California,Freelancer,Premium,39800,3/5/2025
C01589,Christopher,Carney,Male,7/13/1999,Phoenix,Arizona,Salaried,Retail,46500,12/24/2022
C01590,Vanessa,King,Female,9/11/1969,Minneapolis,Minnesota,Retired,Retail,28800,2/18/2024
C01591,James,Cooper,Male,9/19/1960,Atlanta,Georgia,Retired,Wealth,218400,6/18/2018
C01592,Jeffrey,Fischer,Male,5/13/1968,San Antonio,Texas,Salaried,Retail,45000,5/13/2021
C01593,Kelly,Arnold,Female,2/19/1973,Denver,Colorado,Salaried,SME,83400,8/10/2020
C01594,Samuel,Marsh,Male,12/14/1990,Cincinnati,Ohio,Student,SME,40000,9/23/2021
C01595,Emily,Hernandez,Female,6/9/1970,Minneapolis,Minnesota,Business Owner,Corporate,111300,4/17/2025
C01596,Tammy,Williams,Female,12/10/1972,Salt Lake City,Utah,Freelancer,Retail,81000,6/7/2023
C01597,William,Collins,Male,3/23/1993,Denver,Colorado,Student,Retail,58900,3/7/2023
C01598,Pamela,White,Female,2/9/1969,Kansas City,Missouri,Retired,Retail,32500,1/27/2020
C01599,Kimberly,Clark,Female,7/9/2000,Austin,Texas,Freelancer,Retail,64600,12/8/2024
C01600,Don,Le,Male,5/17/1988,Kansas City,Missouri,Salaried,Retail,28300,5/24/2019
C01601,Joseph,Ellis,Male,12/20/1968,Seattle,Washington,Business Owner,Premium,88600,4/10/2019
C01602,Robert,Nelson,Male,2/14/1990,Denver,Colorado,Student,Premium,107000,7/11/2021
C01603,Eric,Lynch,Male,12/21/1986,Orlando,Florida,Student,Retail,51800,6/12/2023
C01604,Sandra,Martin,Female,1/20/1963,Minneapolis,Minnesota,Self Employed,Premium,130500,7/12/2018
C01605,Tracey,Gutierrez,Female,7/22/1984,Phoenix,Arizona,Student,SME,201200,7/31/2023
C01606,Kimberly,Bush,Female,6/26/1963,San Antonio,Texas,Student,Retail,92100,10/24/2021
C01607,Dylan,Tyler,Male,10/15/1961,Kansas City,Missouri,Student,Corporate,85900,6/20/2019
C01608,Margaret,Williams,Female,5/26/1983,Orlando,Florida,Business Owner,Retail,44700,11/9/2025
C01609,Michael,Hardy,Male,2/13/1963,Phoenix,Arizona,Freelancer,Premium,106400,7/28/2025
C01610,Jamie,Johnston,Female,3/4/1970,San Antonio,Texas,Business Owner,Retail,83200,7/2/2022
C01611,Adam,Walter,Male,10/3/1980,Atlanta,Georgia,Business Owner,Retail,32300,8/24/2023
C01612,Annette,Tucker,Female,9/21/1994,Nashville,Tennessee,Retired,Retail,48400,6/8/2019
C01613,Lauren,Wallace,Female,3/19/1965,Cincinnati,Ohio,Student,Premium,193800,7/7/2019
C01614,Ashley,Garrett,Female,3/21/1976,San Antonio,Texas,Self Employed,SME,73800,10/28/2022
C01615,Jennifer,Wilson,Female,10/24/2004,Raleigh,North Carolina,Business Owner,Retail,354500,10/7/2023
C01616,Katelyn,Frey,Female,3/4/1979,Indianapolis,Indiana,Business Owner,Premium,116400,7/13/2018
C01617,Andrew,Torres,Male,7/9/2003,Salt Lake City,Utah,Salaried,Retail,35500,4/2/2019
C01618,Christopher,Berger,Male,3/23/1972,Atlanta,Georgia,Student,Wealth,98600,12/1/2022
C01619,Seth,Sullivan,Male,4/22/1973,Austin,Texas,Self Employed,Retail,85400,3/23/2024
C01620,John,Price,Male,11/6/1984,Kansas City,Missouri,Salaried,SME,127300,10/21/2024
C01621,Donna,Shea,Female,1/9/1975,Austin,Texas,Freelancer,Retail,58100,2/12/2024
C01622,Mark,Miller,Male,5/20/1969,Charlotte,North Carolina,Freelancer,SME,57900,2/11/2025
C01623,Jennifer,Hale,Female,2/23/1992,Tampa,Florida,Business Owner,SME,63600,12/7/2019
C01624,Michael,Reed,Male,5/22/1976,Nashville,Tennessee,Retired,Wealth,103000,1/21/2022
C01625,David,Juarez,Male,10/20/1990,Denver,Colorado,Freelancer,Retail,78300,9/6/2024
C01626,Tara,Kelley,Female,9/15/1969,Tampa,Florida,Retired,Wealth,155100,12/2/2023
C01627,Anna,Carter,Female,12/20/1969,Charlotte,North Carolina,Student,Retail,55400,8/21/2025
C01628,Fred,Oconnor,Male,7/8/1976,Atlanta,Georgia,Business Owner,Retail,73500,6/26/2019
C01629,William,Houston,Male,11/8/1995,Cincinnati,Ohio,Salaried,Premium,60400,3/31/2025
C01630,Paul,Riley,Male,1/13/1991,Kansas City,Missouri,Freelancer,SME,51200,6/25/2024
C01631,Juan,Carpenter,Male,3/5/1973,Kansas City,Missouri,Retired,Retail,42100,1/30/2025
C01632,Angela,Hill,Female,9/26/2002,Seattle,Washington,Self Employed,Premium,115400,3/7/2022
C01633,David,Brown,Male,5/2/1965,Austin,Texas,Freelancer,SME,40700,12/15/2018
C01634,Eric,Hansen,Male,1/26/1992,Pittsburgh,Pennsylvania,Self Employed,Retail,37700,7/13/2021
C01635,Danielle,Melton,Female,10/11/1986,Phoenix,Arizona,Self Employed,SME,29000,1/15/2018
C01636,Tammy,Perez,Female,6/24/1977,Raleigh,North Carolina,Student,Premium,85900,6/30/2025
C01637,Ricardo,Harmon,Male,5/3/1987,Austin,Texas,Freelancer,Retail,95500,1/5/2019
C01638,Laura,May,Female,1/26/1978,Orlando,Florida,Retired,Retail,38600,4/7/2023
C01639,Matthew,Garcia,Male,10/1/1993,Salt Lake City,Utah,Business Owner,Retail,54700,3/19/2024
C01640,Thomas,Hopkins,Male,9/24/1984,Atlanta,Georgia,Retired,Premium,105000,8/16/2020
C01641,Alexander,Joseph,Male,9/18/1987,Kansas City,Missouri,Business Owner,Retail,58800,5/6/2018
C01642,William,Davis,Male,7/6/1997,Raleigh,North Carolina,Freelancer,Retail,108100,9/1/2024
C01643,William,Hopkins,Male,1/3/1968,Orlando,Florida,Student,Retail,21000,3/2/2018
C01644,Joanne,Navarro,Female,9/28/1965,Phoenix,Arizona,Business Owner,Retail,44100,9/22/2023
C01645,Laurie,Turner,Female,8/16/1967,Columbus,Ohio,Student,Retail,91900,10/2/2024
C01646,Jeanne,Houston,Female,2/18/1964,Indianapolis,Indiana,Self Employed,Premium,185200,11/20/2022
C01647,Scott,Floyd,Male,3/5/1971,Nashville,Tennessee,Freelancer,Premium,87700,12/18/2020
C01648,Tami,Walker,Female,3/4/1977,Raleigh,North Carolina,Student,SME,58000,9/3/2023
C01649,Johnny,Jones,Male,10/5/1960,Atlanta,Georgia,Freelancer,Retail,101800,7/23/2018
C01650,Matthew,Jacobs,Male,7/8/2000,Denver,Colorado,Self Employed,SME,134700,7/12/2019
C01651,Scott,Morris,Male,3/17/1990,Nashville,Tennessee,Salaried,Retail,55300,12/31/2018
C01652,Cameron,Williams,Male,11/27/1993,Portland,Oregon,Self Employed,Retail,33000,9/16/2022
C01653,Gerald,Davis,Male,9/26/1984,Denver,Colorado,Retired,Corporate,192200,3/3/2022
C01654,Ronald,Moody,Male,3/28/1999,Minneapolis,Minnesota,Freelancer,Retail,63200,1/25/2022
C01655,Jimmy,Cox,Male,1/27/1988,Orlando,Florida,Student,Premium,45000,11/16/2020
C01656,Debbie,Griffin,Female,10/26/1992,Denver,Colorado,Student,Retail,98700,8/26/2024
C01657,Nathan,Gaines,Male,4/28/1996,Kansas City,Missouri,Student,SME,49600,12/27/2018
C01658,James,Brewer,Male,3/16/1992,Seattle,Washington,Business Owner,Retail,34600,9/23/2021
C01659,Jennifer,Ellis,Female,6/25/1969,Salt Lake City,Utah,Business Owner,Premium,104700,5/23/2020
C01660,Kerry,Arnold,Female,5/17/1988,Raleigh,North Carolina,Retired,Corporate,177500,9/5/2018
C01661,Sharon,Munoz,Female,9/14/1977,Austin,Texas,Business Owner,Retail,46800,1/29/2024
C01662,Shelley,Williams,Female,9/10/1972,Charlotte,North Carolina,Self Employed,Wealth,122200,1/22/2024
C01663,Kari,Carpenter,Female,6/2/1981,Salt Lake City,Utah,Student,Retail,47300,12/14/2024
C01664,Charles,Dean,Male,2/12/1982,Columbus,Ohio,Retired,Wealth,73000,9/27/2021
C01665,Todd,Callahan,Male,1/16/1966,Columbus,Ohio,Business Owner,Premium,92600,4/23/2021
C01666,Rachel,Diaz,Female,7/2/2003,Sacramento,California,Self Employed,Premium,39900,7/14/2021
C01667,Krista,Nguyen,Female,2/22/2004,Nashville,Tennessee,Salaried,Retail,27600,2/13/2018
C01668,Jennifer,Mills,Female,12/2/1986,Indianapolis,Indiana,Freelancer,Retail,31900,9/12/2025
C01669,Taylor,Wilson,Male,8/21/1976,Pittsburgh,Pennsylvania,Student,SME,54400,11/24/2025
C01670,Jeff,Lin,Male,8/20/1968,Cincinnati,Ohio,Salaried,Premium,104700,2/9/2018
C01671,Phillip,Johnson,Male,11/20/1978,Austin,Texas,Salaried,Retail,26200,2/10/2021
C01672,Peter,Little,Male,1/7/1968,Raleigh,North Carolina,Salaried,Retail,51900,2/2/2024
C01673,Robert,Wu,Male,10/4/2000,Phoenix,Arizona,Retired,Wealth,306700,1/11/2022
C01674,Joseph,Nguyen,Male,6/22/1975,Raleigh,North Carolina,Student,Premium,54300,6/18/2023
C01675,John,Jackson,Male,1/21/1996,Pittsburgh,Pennsylvania,Salaried,Retail,165000,2/18/2024
C01676,Danielle,Bailey,Female,8/9/1988,Austin,Texas,Freelancer,Retail,64900,8/18/2025
C01677,Gerald,Hernandez,Male,11/7/1973,Atlanta,Georgia,Salaried,Premium,56900,5/28/2022
C01678,Amber,Huff,Female,7/25/1989,Portland,Oregon,Salaried,SME,44000,10/26/2018
C01679,Debbie,White,Female,7/11/1973,Portland,Oregon,Self Employed,Retail,80700,7/12/2024
C01680,Jasmine,Davidson,Female,3/22/2000,Salt Lake City,Utah,Business Owner,SME,89200,1/26/2019
C01681,Bryan,Davidson,Male,12/26/1960,Denver,Colorado,Freelancer,Retail,40500,1/25/2024
C01682,Andrew,Williams,Male,9/9/1986,Kansas City,Missouri,Business Owner,Retail,26800,8/10/2025
C01683,Tiffany,Chen,Female,6/25/1989,Columbus,Ohio,Retired,SME,94300,2/2/2020
C01684,Jonathan,Hall,Male,10/24/1970,Denver,Colorado,Student,Premium,84000,7/11/2025
C01685,Mary,Soto,Female,12/5/1960,Indianapolis,Indiana,Salaried,Retail,42900,10/17/2025
C01686,Shane,Washington,Male,1/15/1968,Seattle,Washington,Student,Retail,20700,11/8/2025
C01687,Erik,Long,Male,11/26/1966,Indianapolis,Indiana,Retired,Premium,107700,6/4/2024
C01688,Brent,White,Male,11/12/1960,Portland,Oregon,Retired,Premium,69500,3/2/2022
C01689,Luis,Ross,Male,9/3/1995,Columbus,Ohio,Freelancer,Corporate,257600,9/30/2025
C01690,Charles,Wilson,Male,9/17/1984,Tampa,Florida,Salaried,Retail,41700,2/21/2024
C01691,Heather,Jenkins,Female,3/17/1998,Austin,Texas,Business Owner,SME,69600,8/7/2018
C01692,Dylan,Hardin,Male,3/6/1992,Tampa,Florida,Retired,Premium,89600,4/21/2021
C01693,Jonathan,Short,Male,11/27/1968,Kansas City,Missouri,Salaried,Wealth,262800,9/23/2022
C01694,Marc,Howard,Male,10/23/1996,Raleigh,North Carolina,Business Owner,Retail,57500,1/5/2026
C01695,Shawn,Brown,Male,3/5/1974,Atlanta,Georgia,Business Owner,Premium,90400,1/19/2026
C01696,Christopher,Snyder,Male,3/17/1962,Cincinnati,Ohio,Salaried,Retail,43200,8/26/2025
C01697,Michelle,Clarke,Female,12/26/1982,Salt Lake City,Utah,Retired,Premium,190600,1/29/2019
C01698,Christina,Gregory,Female,4/5/1994,Seattle,Washington,Freelancer,Corporate,184200,9/9/2025
C01699,Robert,Cook,Male,5/13/1990,Denver,Colorado,Business Owner,SME,410200,10/12/2020
C01700,Sergio,Velazquez,Male,2/20/1977,Kansas City,Missouri,Student,Retail,24300,6/18/2023
C01701,Meredith,Alexander,Female,1/12/1992,Minneapolis,Minnesota,Business Owner,Retail,33600,1/21/2022
C01702,Amy,Gray,Female,10/10/1979,Salt Lake City,Utah,Student,Corporate,164000,3/15/2020
C01703,Holly,Cooper,Female,4/23/1998,Phoenix,Arizona,Self Employed,Retail,47000,2/2/2023
C01704,Kevin,Reese,Male,3/13/1968,Cincinnati,Ohio,Freelancer,Retail,40600,11/8/2021
C01705,Samantha,Tran,Female,6/9/2004,Kansas City,Missouri,Retired,Premium,42200,9/15/2025
C01706,Ann,Madden,Female,12/20/1966,Seattle,Washington,Business Owner,SME,46000,6/22/2020
C01707,Michael,Sosa,Male,6/26/1995,Cincinnati,Ohio,Self Employed,Retail,44500,12/3/2020
C01708,Jessica,Rodriguez,Female,12/8/1962,Cincinnati,Ohio,Student,Retail,69200,4/25/2018
C01709,Christine,Crosby,Female,6/28/1977,Raleigh,North Carolina,Retired,Retail,55200,12/26/2025
C01710,Danielle,Richardson,Female,6/7/2000,Nashville,Tennessee,Student,Retail,34400,3/2/2026
C01711,Carly,Mills,Female,7/26/1992,Seattle,Washington,Business Owner,Retail,34700,2/24/2022
C01712,George,Hurley,Male,12/1/1994,Minneapolis,Minnesota,Student,Premium,161500,9/6/2024
C01713,Todd,Gutierrez,Male,6/19/1980,Atlanta,Georgia,Student,Retail,36300,2/5/2021
C01714,Lisa,Holt,Female,6/25/1975,Atlanta,Georgia,Freelancer,Premium,37300,2/9/2024
C01715,Francisco,Marquez,Male,4/26/1972,Pittsburgh,Pennsylvania,Student,SME,54100,5/9/2024
C01716,Karen,Glover,Female,11/25/1974,San Antonio,Texas,Self Employed,Retail,84800,8/5/2019
C01717,Charles,Howard,Male,6/24/1965,Tampa,Florida,Student,Retail,39800,9/2/2023
C01718,James,Frost,Male,5/28/1976,Sacramento,California,Freelancer,Premium,190700,11/2/2019
C01719,Heather,King,Female,9/14/2004,Minneapolis,Minnesota,Student,Corporate,69900,8/25/2025
C01720,Guy,Gutierrez,Male,4/7/1986,Columbus,Ohio,Student,Retail,58800,1/9/2024
C01721,Phyllis,Horne,Female,6/11/1961,Denver,Colorado,Freelancer,Premium,107100,12/31/2019
C01722,Shannon,Gomez,Female,5/6/1964,Atlanta,Georgia,Retired,Retail,62600,1/14/2025
C01723,Nicole,Rodriguez,Female,3/2/1991,Denver,Colorado,Self Employed,Retail,23900,1/31/2026
C01724,Victor,Moses,Male,11/6/1998,Minneapolis,Minnesota,Freelancer,Premium,116400,3/10/2022
C01725,Michael,Ramirez,Male,11/22/1982,Seattle,Washington,Freelancer,Retail,37600,11/27/2024
C01726,Patricia,Greene,Female,10/20/1993,Cincinnati,Ohio,Self Employed,Retail,20700,6/14/2019
C01727,Bianca,Blanchard,Female,7/3/1987,Orlando,Florida,Salaried,Retail,117800,9/26/2023
C01728,Bianca,Harper,Female,10/16/1984,Indianapolis,Indiana,Salaried,Corporate,54300,2/9/2019
C01729,Darius,Johnson,Male,2/5/1991,Minneapolis,Minnesota,Retired,Retail,20900,8/8/2025
C01730,Kayla,Montoya,Female,3/23/2000,Kansas City,Missouri,Retired,Retail,140400,11/23/2020
C01731,Curtis,Salazar,Male,4/11/1990,Austin,Texas,Self Employed,Retail,39200,12/26/2025
C01732,Steven,Burton,Male,11/4/1961,Charlotte,North Carolina,Freelancer,Corporate,243800,12/19/2021
C01733,Kenneth,Murphy,Male,7/6/1963,Austin,Texas,Freelancer,SME,32200,2/5/2026
C01734,Leah,Wallace,Female,2/28/1975,Portland,Oregon,Salaried,Premium,95400,8/25/2020
C01735,Linda,Cervantes,Female,11/11/1991,Minneapolis,Minnesota,Self Employed,Retail,55100,2/25/2018
C01736,Penny,Walls,Female,7/6/1974,Denver,Colorado,Student,Retail,62200,9/17/2018
C01737,Vanessa,Hill,Female,8/2/1977,Columbus,Ohio,Salaried,Retail,39500,10/20/2022
C01738,Paul,Johnston,Male,2/19/1964,Nashville,Tennessee,Retired,Corporate,142900,1/31/2026
C01739,Cheryl,Ellis,Female,4/19/1997,Austin,Texas,Salaried,Retail,54500,7/16/2019
C01740,Juan,Campos,Male,3/14/1976,Minneapolis,Minnesota,Self Employed,Wealth,180800,3/5/2026
C01741,Emily,Grant,Female,5/3/1969,Denver,Colorado,Student,SME,93500,12/19/2023
C01742,Suzanne,Stewart,Female,8/13/2001,Pittsburgh,Pennsylvania,Student,Retail,115200,6/5/2023
C01743,Amber,Smith,Female,10/25/1965,Orlando,Florida,Business Owner,Retail,46200,10/19/2025
C01744,Linda,Rodgers,Female,9/20/1993,Pittsburgh,Pennsylvania,Self Employed,Retail,54300,4/18/2019
C01745,Heather,Browning,Female,11/25/1965,Seattle,Washington,Self Employed,Retail,42200,8/13/2020
C01746,Sherry,Jones,Female,1/6/1969,Tampa,Florida,Retired,Retail,84200,3/6/2025
C01747,Jessica,Johnson,Female,8/1/1978,Sacramento,California,Business Owner,Premium,40600,6/20/2021
C01748,Edward,Warren,Male,7/16/2002,Kansas City,Missouri,Student,Retail,60200,4/4/2020
C01749,James,Hall,Male,7/23/1982,Austin,Texas,Business Owner,Wealth,108400,7/13/2021
C01750,Dennis,Delgado,Male,4/2/1990,Orlando,Florida,Student,Premium,79000,12/13/2022
C01751,Charles,Becker,Male,11/19/1967,Denver,Colorado,Salaried,Premium,37300,10/16/2025
C01752,Nicole,Hopkins,Female,8/24/1997,Raleigh,North Carolina,Student,Retail,44200,7/25/2025
C01753,Alejandra,Greene,Female,5/8/1987,Cincinnati,Ohio,Retired,Wealth,362100,5/31/2022
C01754,Daniel,Neal,Male,7/22/1978,Raleigh,North Carolina,Business Owner,Retail,38300,12/14/2025
C01755,Matthew,Williams,Male,5/20/1964,Nashville,Tennessee,Freelancer,Retail,60000,11/24/2020
C01756,Lucas,Thompson,Male,8/10/1997,Nashville,Tennessee,Self Employed,Retail,31800,7/8/2020
C01757,Victoria,Berger,Female,6/17/1997,Salt Lake City,Utah,Salaried,Retail,61500,10/17/2020
C01758,Michael,Mcpherson,Male,1/25/1966,Indianapolis,Indiana,Student,Premium,37300,8/31/2021
C01759,Brian,Garza,Male,6/7/1993,Phoenix,Arizona,Self Employed,Retail,71300,6/2/2018
C01760,John,Jones,Male,1/10/1960,Orlando,Florida,Freelancer,Retail,46400,11/7/2024
C01761,Lindsey,Dominguez,Female,1/27/1996,Orlando,Florida,Self Employed,Retail,39300,9/16/2021
C01762,Lucas,Ellis,Male,11/22/1981,Pittsburgh,Pennsylvania,Salaried,SME,190600,12/5/2020
C01763,Phillip,Davis,Male,5/7/1995,Raleigh,North Carolina,Retired,Retail,39000,3/5/2024
C01764,Wesley,Barber,Male,4/10/1963,Raleigh,North Carolina,Self Employed,SME,43500,3/9/2020
C01765,Stacie,Mosley,Female,5/6/1989,Phoenix,Arizona,Freelancer,Retail,37400,7/1/2024
C01766,Anthony,Warren,Male,12/23/1992,San Antonio,Texas,Retired,Premium,181200,4/21/2025
C01767,Kayla,Cole,Female,10/28/1969,Columbus,Ohio,Self Employed,Retail,45700,6/3/2018
C01768,Todd,Gomez,Male,6/2/1973,Phoenix,Arizona,Self Employed,Retail,60000,4/9/2024
C01769,Jorge,Fox,Male,7/13/1977,Seattle,Washington,Self Employed,Retail,47300,7/1/2019
C01770,Joshua,Navarro,Male,10/26/1969,Charlotte,North Carolina,Self Employed,Retail,34200,4/17/2020
C01771,Rachel,Flores,Female,1/8/1974,Minneapolis,Minnesota,Student,Retail,43600,2/4/2022
C01772,Aaron,Garcia,Male,7/5/1988,Minneapolis,Minnesota,Freelancer,Corporate,131200,8/21/2018
C01773,Matthew,Yu,Male,11/12/1977,Indianapolis,Indiana,Salaried,Retail,54600,6/6/2020
C01774,Kenneth,Zavala,Male,1/5/1968,Nashville,Tennessee,Salaried,Retail,24400,2/4/2023
C01775,Kimberly,Jordan,Female,11/26/1970,Indianapolis,Indiana,Freelancer,Retail,25900,2/17/2024
C01776,Johnny,Dalton,Male,8/21/1966,Sacramento,California,Business Owner,Premium,89200,7/24/2018
C01777,Benjamin,Mcpherson,Male,11/18/1983,Austin,Texas,Business Owner,Retail,95400,9/3/2023
C01778,Tonya,Harris,Female,3/11/1971,Denver,Colorado,Student,Premium,182200,12/27/2023
C01779,Angela,Burns,Female,9/24/1976,Phoenix,Arizona,Retired,Corporate,254100,11/9/2018
C01780,Gary,Garrett,Male,3/3/1966,Indianapolis,Indiana,Freelancer,Retail,20700,11/20/2021
C01781,Daniel,Cunningham,Male,12/20/1986,Kansas City,Missouri,Retired,Retail,98900,9/11/2019
C01782,Anne,Hernandez,Female,10/20/1966,Raleigh,North Carolina,Salaried,Premium,114500,12/9/2019
C01783,James,Gomez,Male,8/13/1969,Indianapolis,Indiana,Business Owner,Corporate,65600,3/30/2021
C01784,Donna,Garrett,Female,2/13/1969,Atlanta,Georgia,Self Employed,Retail,87000,3/10/2020
C01785,Stacy,Wood,Female,9/27/2004,Minneapolis,Minnesota,Retired,Retail,96200,10/26/2023
C01786,Nathan,Grant,Male,10/19/1992,Portland,Oregon,Business Owner,SME,30100,11/19/2024
C01787,Margaret,Washington,Female,11/12/1992,Austin,Texas,Business Owner,Retail,73300,12/30/2024
C01788,Jennifer,Gilbert,Female,7/21/1985,Indianapolis,Indiana,Student,Premium,135000,4/27/2023
C01789,Robert,Williams,Male,3/12/1970,Columbus,Ohio,Salaried,Premium,74400,5/3/2025
C01790,Christopher,Montes,Male,12/6/1996,Raleigh,North Carolina,Salaried,Retail,40900,9/14/2019
C01791,Ricky,Foster,Male,6/25/1980,Pittsburgh,Pennsylvania,Freelancer,Premium,101200,8/1/2022
C01792,Kyle,Yu,Male,12/10/1999,Indianapolis,Indiana,Freelancer,Premium,76900,7/2/2025
C01793,Lawrence,Huerta,Male,2/7/1981,Kansas City,Missouri,Business Owner,Retail,20700,6/8/2024
C01794,Jamie,Sullivan,Female,12/28/1974,Kansas City,Missouri,Retired,Retail,42900,9/22/2019
C01795,Brian,Campos,Male,7/18/1994,San Antonio,Texas,Retired,Retail,21200,8/31/2021
C01796,William,Mills,Male,9/2/1995,Nashville,Tennessee,Retired,Retail,134900,8/21/2023
C01797,Lisa,Roberts,Female,11/17/1988,Portland,Oregon,Business Owner,Retail,97800,6/24/2022
C01798,Seth,Edwards,Male,10/14/1967,Phoenix,Arizona,Freelancer,Premium,42000,11/22/2022
C01799,Lori,Moss,Female,2/7/1971,Atlanta,Georgia,Retired,Retail,41800,6/7/2020
C01800,Jonathan,Eaton,Male,12/16/1978,Tampa,Florida,Student,SME,177200,11/24/2024
C01801,Jordan,Chambers,Male,7/19/1969,Sacramento,California,Freelancer,Premium,170700,10/21/2019
C01802,Steven,Hernandez,Male,4/4/2004,Charlotte,North Carolina,Salaried,Corporate,100400,1/23/2018
C01803,Gregory,Acosta,Male,12/6/1972,Raleigh,North Carolina,Business Owner,Retail,31500,1/31/2025
C01804,Martha,Smith,Female,3/9/1980,Salt Lake City,Utah,Retired,Retail,52800,9/23/2025
C01805,Jennifer,Logan,Female,10/6/1986,Indianapolis,Indiana,Retired,Premium,107100,10/27/2025
C01806,John,Johnson,Male,8/25/1970,San Antonio,Texas,Retired,Retail,37200,11/1/2024
C01807,Robert,Griffin,Male,4/7/2003,Austin,Texas,Freelancer,SME,50400,1/31/2024
C01808,Scott,Lee,Male,7/15/1971,Austin,Texas,Salaried,Retail,46500,2/17/2020
C01809,William,Fischer,Male,9/26/2002,Atlanta,Georgia,Business Owner,Retail,20700,2/5/2020
C01810,Ashley,Sawyer,Female,12/28/1998,Sacramento,California,Student,Retail,47200,7/13/2023
C01811,Seth,Hardin,Male,11/2/1966,Austin,Texas,Freelancer,Retail,61700,1/14/2024
C01812,Ariel,Jacobs,Female,11/27/1966,Charlotte,North Carolina,Student,Retail,99800,4/24/2019
C01813,Nicole,Cain,Female,12/4/1992,Sacramento,California,Business Owner,Retail,62700,5/30/2025
C01814,Virginia,Pearson,Female,12/22/1971,Portland,Oregon,Business Owner,Retail,108900,10/21/2025
C01815,Kayla,Marquez,Female,7/25/1994,Austin,Texas,Student,Retail,115600,4/16/2020
C01816,Wendy,Mahoney,Female,9/19/1999,Phoenix,Arizona,Freelancer,Premium,175500,11/18/2022
C01817,Ashley,Carrillo,Female,12/10/1988,Minneapolis,Minnesota,Self Employed,SME,86200,12/3/2024
C01818,Eugene,Miller,Male,10/10/1987,San Antonio,Texas,Retired,Retail,43600,9/4/2024
C01819,Jasmine,Howe,Female,11/22/1979,Sacramento,California,Student,Retail,60800,2/3/2021
C01820,Marc,Forbes,Male,4/26/1992,Denver,Colorado,Business Owner,Premium,92100,2/21/2023
C01821,Amy,Henry,Female,6/7/2000,Charlotte,North Carolina,Retired,Retail,76000,12/27/2023
C01822,Blake,Dickson,Male,5/11/1976,Minneapolis,Minnesota,Business Owner,Retail,68200,12/2/2019
C01823,Joshua,Phillips,Male,3/13/1962,Tampa,Florida,Salaried,Retail,47700,2/8/2024
C01824,Joseph,Henderson,Male,9/27/1977,Indianapolis,Indiana,Freelancer,Retail,55300,6/18/2018
C01825,Janet,Alvarez,Female,5/22/1990,Columbus,Ohio,Freelancer,SME,80800,3/11/2019
C01826,Andrew,Rhodes,Male,7/28/1982,Kansas City,Missouri,Retired,Retail,93200,9/9/2024
C01827,Megan,Torres,Female,4/1/2001,Raleigh,North Carolina,Retired,SME,142500,2/24/2020
C01828,Michelle,Jimenez,Female,11/28/1994,Sacramento,California,Freelancer,SME,50100,3/21/2018
C01829,Brittany,Jensen,Female,8/6/1993,Tampa,Florida,Business Owner,Retail,58500,9/18/2025
C01830,Michelle,Ballard,Female,4/9/1963,Tampa,Florida,Business Owner,SME,30200,6/17/2025
C01831,Matthew,Watkins,Male,9/13/1987,Columbus,Ohio,Self Employed,SME,60100,4/24/2019
C01832,Kenneth,Cooper,Male,10/20/1982,Columbus,Ohio,Self Employed,Retail,49300,5/27/2019
C01833,Kayla,Thomas,Female,6/8/1960,Seattle,Washington,Student,Retail,74000,6/12/2021
C01834,Melanie,Campbell,Female,5/18/1984,Portland,Oregon,Business Owner,Retail,78100,12/1/2019
C01835,Mary,Warren,Female,9/8/1974,Tampa,Florida,Freelancer,Retail,50300,11/25/2021
C01836,Michael,Shepherd,Male,3/23/1966,Cincinnati,Ohio,Salaried,SME,103700,1/16/2026
C01837,Connor,Cruz,Male,11/5/1975,Portland,Oregon,Retired,Premium,87900,11/20/2021
C01838,Patrick,Harper,Male,12/22/1980,Kansas City,Missouri,Freelancer,Retail,41600,11/19/2021
C01839,Jody,Davis,Female,2/13/1980,Atlanta,Georgia,Salaried,Retail,51100,8/13/2018
C01840,Dawn,Sanchez,Female,9/28/1963,Columbus,Ohio,Business Owner,Premium,66400,1/7/2021
C01841,Pamela,Yu,Female,6/21/1974,Portland,Oregon,Salaried,Retail,73400,3/5/2023
C01842,Jesse,Jacobs,Male,10/10/1982,Tampa,Florida,Salaried,Premium,211700,9/27/2021
C01843,Shane,Washington,Male,9/18/1991,Orlando,Florida,Freelancer,Retail,27600,4/3/2020
C01844,Alexander,Lane,Male,9/20/2001,Orlando,Florida,Retired,Wealth,142100,10/7/2018
C01845,David,Kennedy,Male,8/18/1971,Raleigh,North Carolina,Salaried,Retail,46500,12/29/2022
C01846,William,Anderson,Male,6/27/1986,Phoenix,Arizona,Retired,Premium,84200,5/1/2024
C01847,Katherine,Nelson,Female,7/22/1982,Tampa,Florida,Student,Retail,20700,4/1/2022
C01848,Angela,Lopez,Female,7/19/1997,Indianapolis,Indiana,Student,SME,100300,1/20/2025
C01849,Edwin,Tran,Male,6/2/1976,San Antonio,Texas,Salaried,Premium,128400,12/21/2023
C01850,Nicholas,Tran,Male,6/16/1995,Seattle,Washington,Freelancer,Retail,137300,12/15/2018
C01851,Jordan,Kelly,Female,7/22/1998,Kansas City,Missouri,Freelancer,Retail,80600,10/9/2023
C01852,Lori,Thompson,Female,10/25/1979,Charlotte,North Carolina,Student,SME,163700,12/1/2019
C01853,Mark,Chambers,Male,8/11/1983,Kansas City,Missouri,Retired,Premium,120300,7/30/2018
C01854,Don,Martin,Male,2/15/1969,Indianapolis,Indiana,Business Owner,Corporate,103700,12/7/2023
C01855,Deborah,Wood,Female,11/20/1972,Kansas City,Missouri,Business Owner,SME,67800,9/8/2021
C01856,Patrick,Wilson,Male,4/14/1977,Tampa,Florida,Salaried,Retail,106600,1/17/2020
C01857,Jacob,Black,Male,1/7/2000,Cincinnati,Ohio,Retired,Retail,39100,10/3/2020
C01858,Michael,Turner,Male,9/3/1991,Seattle,Washington,Salaried,Retail,128600,12/29/2022
C01859,Michael,Hunt,Male,1/12/1996,Sacramento,California,Self Employed,Retail,56200,3/11/2022
C01860,Tyler,Butler,Male,11/11/2000,Denver,Colorado,Freelancer,Corporate,116200,7/28/2021
C01861,Zachary,Lara,Male,11/13/1968,Cincinnati,Ohio,Salaried,Retail,66200,10/15/2020
C01862,Melissa,Smith,Female,10/16/1968,Kansas City,Missouri,Salaried,Retail,62200,6/8/2024
C01863,Tyler,Pearson,Male,9/11/2004,Salt Lake City,Utah,Business Owner,SME,88200,5/19/2020
C01864,Walter,Alexander,Male,7/3/1973,Sacramento,California,Student,SME,73900,11/20/2018
C01865,Matthew,Wright,Male,6/17/2004,Cincinnati,Ohio,Freelancer,Premium,80900,1/30/2018
C01866,Madison,Freeman,Female,6/28/1994,Columbus,Ohio,Freelancer,Wealth,268700,10/5/2020
C01867,Cynthia,Short,Female,6/28/2001,Denver,Colorado,Business Owner,Retail,38300,4/19/2019
C01868,Patrick,Warner,Male,5/8/1984,Tampa,Florida,Student,Retail,60700,6/15/2023
C01869,Kimberly,Brown,Female,1/28/1989,Indianapolis,Indiana,Self Employed,Retail,64700,11/5/2023
C01870,Rebecca,Davis,Female,5/9/1984,Denver,Colorado,Business Owner,Retail,70700,2/12/2025
C01871,Wendy,Hopkins,Female,9/28/1981,Cincinnati,Ohio,Salaried,SME,139200,6/3/2018
C01872,Jordan,Garrett,Female,9/18/2002,Cincinnati,Ohio,Student,Retail,50300,5/4/2020
C01873,Nicholas,Smith,Male,9/28/1968,San Antonio,Texas,Retired,Retail,75100,7/22/2021
C01874,Andrew,Martin,Male,10/14/1961,Cincinnati,Ohio,Retired,Premium,39100,12/13/2019
C01875,Mary,Webb,Female,9/25/1992,Indianapolis,Indiana,Business Owner,SME,165500,4/4/2019
C01876,Stephen,Haynes,Male,9/24/1981,Orlando,Florida,Salaried,SME,36300,3/13/2025
C01877,Nathan,Moore,Male,9/4/1995,San Antonio,Texas,Retired,Corporate,88700,7/15/2023
C01878,Brian,Austin,Male,8/15/1995,Cincinnati,Ohio,Student,Premium,69700,3/9/2021
C01879,Fred,Butler,Male,1/27/1988,Portland,Oregon,Self Employed,Retail,96600,2/11/2024
C01880,Vincent,Smith,Male,3/12/1985,Atlanta,Georgia,Retired,Retail,26500,5/23/2018
C01881,Jessica,Henry,Female,8/5/1988,Raleigh,North Carolina,Salaried,Retail,66000,5/3/2024
C01882,Tracey,Holland,Female,5/12/1970,Cincinnati,Ohio,Freelancer,Wealth,88400,11/28/2024
C01883,Monica,Reynolds,Female,11/5/1966,Phoenix,Arizona,Self Employed,Retail,54300,1/21/2020
C01884,Jeffrey,Dunn,Male,2/16/1983,Indianapolis,Indiana,Self Employed,SME,100100,9/14/2022
C01885,Aaron,Joyce,Male,9/27/1966,Tampa,Florida,Freelancer,Premium,48700,4/12/2022
C01886,Taylor,Lang,Male,8/1/1963,Cincinnati,Ohio,Salaried,Retail,37300,5/11/2018
C01887,Derek,May,Male,4/13/1981,Seattle,Washington,Student,SME,64900,2/6/2024
C01888,John,Simmons,Male,1/11/1961,Pittsburgh,Pennsylvania,Self Employed,Retail,56300,9/28/2021
C01889,Whitney,Adams,Female,1/26/1960,Pittsburgh,Pennsylvania,Self Employed,Retail,57300,10/19/2019
C01890,Bonnie,Neal,Female,4/18/1966,Denver,Colorado,Student,SME,90900,8/7/2019
C01891,Leslie,Harris,Female,1/26/1967,Indianapolis,Indiana,Salaried,SME,194800,5/21/2024
C01892,Randall,Young,Male,2/16/1995,Indianapolis,Indiana,Self Employed,SME,67000,5/20/2021
C01893,Aaron,Griffin,Male,3/12/1968,Phoenix,Arizona,Self Employed,Retail,42100,3/20/2026
C01894,Janet,Elliott,Female,5/10/1997,Minneapolis,Minnesota,Retired,Corporate,81000,4/3/2018
C01895,Stephanie,Joyce,Female,3/14/2003,Cincinnati,Ohio,Student,Premium,78600,11/20/2018
C01896,Mary,Smith,Female,5/24/1998,Sacramento,California,Salaried,Premium,65800,4/15/2022
C01897,Rebekah,Mora,Female,2/4/1968,Salt Lake City,Utah,Retired,Premium,143500,7/16/2022
C01898,Jennifer,White,Female,9/14/1998,Phoenix,Arizona,Self Employed,Retail,65500,5/26/2020
C01899,Andre,Gaines,Male,1/1/1984,Sacramento,California,Student,Retail,34100,5/16/2025
C01900,Jonathan,Morris,Male,10/4/1965,Kansas City,Missouri,Student,Premium,89500,5/16/2021
C01901,Jonathan,Beltran,Male,7/19/1963,Salt Lake City,Utah,Business Owner,Corporate,54600,8/1/2020
C01902,Matthew,Jordan,Male,5/17/1994,Nashville,Tennessee,Self Employed,Retail,20700,6/9/2024
C01903,Frank,Floyd,Male,6/9/1986,Charlotte,North Carolina,Business Owner,Retail,20700,9/8/2021
C01904,Mary,Randall,Female,4/1/1973,Minneapolis,Minnesota,Self Employed,Retail,36400,8/28/2024
C01905,Lindsay,Galloway,Female,1/1/1999,Tampa,Florida,Salaried,Retail,69000,7/22/2022
C01906,William,Gregory,Male,10/28/1961,Minneapolis,Minnesota,Self Employed,SME,45800,9/8/2025
C01907,Benjamin,Cooper,Male,8/24/1972,Portland,Oregon,Student,SME,81500,2/6/2018
C01908,Melissa,Douglas,Female,5/18/1981,Kansas City,Missouri,Self Employed,Wealth,327900,6/16/2018
C01909,Christine,Wilson,Female,10/27/1961,Salt Lake City,Utah,Salaried,SME,80100,2/1/2019
C01910,Doris,Henry,Female,2/4/1988,Orlando,Florida,Retired,Retail,67100,8/3/2019
C01911,Carolyn,Campbell,Female,3/1/1979,Pittsburgh,Pennsylvania,Self Employed,Retail,20700,8/19/2021
C01912,Rachel,Washington,Female,7/14/1977,Orlando,Florida,Student,Retail,58200,12/14/2022
C01913,Johnny,Simmons,Male,2/2/1963,Atlanta,Georgia,Freelancer,Premium,49400,9/8/2023
C01914,Megan,Walker,Female,11/8/1968,Atlanta,Georgia,Self Employed,Retail,75200,5/18/2018
C01915,Joann,Griffin,Female,9/3/1982,Charlotte,North Carolina,Business Owner,Retail,44000,10/17/2019
C01916,Michael,Jones,Male,8/1/1982,Orlando,Florida,Retired,Retail,20700,11/12/2025
C01917,Steven,Moses,Male,9/4/1966,Columbus,Ohio,Student,Premium,390300,9/30/2024
C01918,Mark,Dean,Male,1/9/1974,Indianapolis,Indiana,Salaried,Retail,57500,2/11/2026
C01919,Nicholas,Wood,Male,3/19/1972,Indianapolis,Indiana,Salaried,Corporate,225500,5/6/2025
C01920,Christine,Sanchez,Female,12/12/1994,Nashville,Tennessee,Business Owner,Retail,75400,4/13/2022
C01921,Tracey,Wheeler,Female,11/6/1979,Salt Lake City,Utah,Salaried,SME,154900,3/15/2019
C01922,Margaret,Oliver,Female,6/8/1965,Seattle,Washington,Student,Retail,50700,9/2/2019
C01923,Danny,Holder,Male,6/18/1975,Nashville,Tennessee,Student,Wealth,158700,6/29/2025
C01924,Erica,Hall,Female,8/1/1985,Indianapolis,Indiana,Self Employed,Retail,153700,6/17/2019
C01925,Cassie,Davis,Female,10/15/1964,Nashville,Tennessee,Student,SME,58900,3/29/2023
C01926,Jacqueline,Lee,Female,3/19/2002,Denver,Colorado,Retired,Retail,20700,5/5/2024
C01927,Richard,Walsh,Male,3/5/1979,Portland,Oregon,Salaried,Retail,39100,9/10/2019
C01928,Sophia,Jackson,Female,11/14/1981,Denver,Colorado,Retired,SME,105900,12/6/2019
C01929,Ryan,Bailey,Male,11/23/1985,Minneapolis,Minnesota,Freelancer,Retail,20700,12/19/2025
C01930,David,Wells,Male,4/18/1991,Seattle,Washington,Business Owner,Premium,96700,7/12/2020
C01931,Chelsea,Black,Female,10/26/2003,Columbus,Ohio,Retired,Retail,103500,9/16/2022
C01932,Andrew,Andersen,Male,7/13/1961,Kansas City,Missouri,Self Employed,Retail,75600,1/9/2019
C01933,Douglas,Johnson,Male,5/7/1983,Indianapolis,Indiana,Salaried,Premium,37300,12/10/2025
C01934,Michael,James,Male,5/20/1963,Austin,Texas,Salaried,Corporate,114900,1/1/2026
C01935,Derek,Robles,Male,1/2/1984,Charlotte,North Carolina,Salaried,Retail,25900,1/2/2019
C01936,Lauren,Duncan,Female,1/7/1962,Nashville,Tennessee,Freelancer,Retail,20700,3/22/2024
C01937,Jessica,Hunt,Female,12/4/1962,San Antonio,Texas,Salaried,SME,44000,7/11/2024
C01938,Zachary,Montes,Male,8/27/2000,Phoenix,Arizona,Business Owner,Retail,58000,12/12/2023
C01939,Alexander,Holland,Male,1/16/1967,Indianapolis,Indiana,Student,SME,84400,7/18/2019
C01940,Eric,Bowers,Male,1/23/1998,Sacramento,California,Retired,Retail,27200,4/10/2023
C01941,Jasmine,Clay,Female,4/22/1968,Atlanta,Georgia,Student,Premium,178100,5/10/2019
C01942,Eric,Stone,Male,8/11/1972,Kansas City,Missouri,Business Owner,SME,75900,2/19/2024
C01943,Alexander,Green,Male,12/23/2003,Minneapolis,Minnesota,Self Employed,Retail,84100,4/21/2025
C01944,Beverly,Norris,Female,5/7/2002,Nashville,Tennessee,Retired,Corporate,184900,12/14/2021
C01945,Nathan,Hawkins,Male,7/22/1976,Sacramento,California,Student,Retail,42200,12/13/2024
C01946,Carmen,Williams,Female,10/28/1975,Tampa,Florida,Salaried,Wealth,82800,1/19/2018
C01947,Taylor,Rodriguez,Female,4/7/1960,Portland,Oregon,Self Employed,Retail,92900,11/18/2025
C01948,Ralph,Pierce,Male,9/28/1999,Tampa,Florida,Self Employed,Retail,24100,4/7/2018
C01949,Natalie,Nixon,Female,2/24/1979,Minneapolis,Minnesota,Freelancer,Retail,94900,4/6/2021
C01950,Michael,Holt,Male,4/22/1975,Austin,Texas,Salaried,SME,83700,1/13/2018
C01951,Olivia,Wilson,Female,2/25/1961,Columbus,Ohio,Salaried,Retail,50800,8/3/2021
C01952,Tara,Thornton,Female,9/11/1975,Portland,Oregon,Retired,Retail,42600,8/1/2023
C01953,George,Anderson,Male,6/12/1966,Charlotte,North Carolina,Self Employed,Retail,56800,4/25/2021
C01954,Daniel,Joseph,Male,12/27/1987,Phoenix,Arizona,Salaried,Wealth,238000,1/6/2022
C01955,Heidi,Gilbert,Female,2/1/1988,Denver,Colorado,Business Owner,Retail,22200,4/25/2025
C01956,Emily,Erickson,Female,11/25/1994,Portland,Oregon,Business Owner,Retail,60000,7/23/2020
C01957,Alexandra,Kennedy,Female,3/15/1961,Charlotte,North Carolina,Freelancer,Retail,28600,1/12/2020
C01958,Mary,Marquez,Female,3/19/1963,Austin,Texas,Self Employed,Retail,20700,1/21/2023
C01959,Angel,Sweeney,Male,9/27/1995,Indianapolis,Indiana,Student,Retail,24400,4/27/2025
C01960,Bailey,Weaver,Female,4/5/2003,Austin,Texas,Student,Retail,33500,9/7/2022
C01961,Chase,Lee,Male,10/5/1982,Atlanta,Georgia,Student,Retail,56100,7/14/2025
C01962,Janice,Moore,Female,9/17/1976,Minneapolis,Minnesota,Self Employed,Wealth,170800,11/29/2020
C01963,Ashley,Butler,Female,1/22/1982,Minneapolis,Minnesota,Retired,Retail,48000,1/15/2023
C01964,Deborah,Wilkins,Female,1/11/1976,San Antonio,Texas,Retired,Retail,63200,9/4/2024
C01965,Jacqueline,Parks,Female,12/11/1991,Sacramento,California,Self Employed,Retail,92300,1/12/2020
C01966,Jerry,Martin,Male,7/24/1973,Portland,Oregon,Freelancer,SME,67600,8/27/2019
C01967,Sharon,Foley,Female,2/25/1966,Portland,Oregon,Retired,Retail,48300,5/10/2019
C01968,David,Krause,Male,7/6/1966,Portland,Oregon,Business Owner,Retail,30700,1/3/2021
C01969,Kathryn,Gomez,Female,10/18/1985,Kansas City,Missouri,Retired,Retail,72600,3/1/2024
C01970,Anthony,Little,Male,5/6/1966,Minneapolis,Minnesota,Salaried,Premium,37300,1/20/2023
C01971,Jacqueline,May,Female,4/26/1961,Sacramento,California,Freelancer,Wealth,135800,2/14/2018
C01972,Suzanne,Benson,Female,10/7/1978,Salt Lake City,Utah,Retired,Retail,43700,7/5/2020
C01973,Amy,James,Female,3/19/1988,Tampa,Florida,Business Owner,Retail,27900,9/7/2018
C01974,Brian,Salazar,Male,10/24/1982,Indianapolis,Indiana,Freelancer,Premium,180800,10/12/2024
C01975,Luis,Mcdowell,Male,8/23/1968,Orlando,Florida,Retired,Retail,68500,4/28/2019
C01976,Janet,Miller,Female,6/21/1974,Austin,Texas,Student,Retail,47100,3/30/2025
C01977,Angela,Andersen,Female,8/28/1970,Columbus,Ohio,Business Owner,Retail,62900,12/28/2024
C01978,Jody,Roth,Female,1/15/1983,Pittsburgh,Pennsylvania,Freelancer,Premium,92700,7/22/2023
C01979,Jerry,Wilson,Male,1/6/1986,Raleigh,North Carolina,Business Owner,Retail,113500,5/10/2021
C01980,John,Mccormick,Male,1/9/1999,Orlando,Florida,Business Owner,Retail,54600,2/28/2020
C01981,Kimberly,Dunn,Female,3/1/1973,Orlando,Florida,Business Owner,Wealth,117900,9/1/2018
C01982,Christopher,Dean,Male,12/8/1999,Tampa,Florida,Student,Wealth,62100,7/7/2024
C01983,Jesse,Williams,Male,9/10/1995,Charlotte,North Carolina,Self Employed,Premium,65100,4/21/2021
C01984,Joshua,Smith,Male,3/19/1985,Orlando,Florida,Self Employed,Retail,28800,1/8/2021
C01985,Alexander,Jennings,Male,3/19/1965,Nashville,Tennessee,Salaried,Retail,147300,4/28/2019
C01986,Antonio,Blanchard,Male,8/13/1975,Atlanta,Georgia,Salaried,Retail,49600,3/2/2018
C01987,Diana,Carney,Female,10/25/1971,Austin,Texas,Retired,SME,96800,2/5/2019
C01988,Melanie,Ellis,Female,3/13/1968,Pittsburgh,Pennsylvania,Self Employed,Retail,62900,10/1/2022
C01989,Timothy,Weaver,Male,6/5/1990,Nashville,Tennessee,Self Employed,Premium,101200,11/12/2025
C01990,Nicole,Shaw,Female,7/4/1999,Minneapolis,Minnesota,Business Owner,Retail,55100,7/17/2019
C01991,Kimberly,Carlson,Female,4/6/1963,Nashville,Tennessee,Self Employed,Premium,155000,1/27/2026
C01992,Michelle,Khan,Female,10/21/1966,Atlanta,Georgia,Freelancer,Retail,52400,7/27/2019
C01993,James,Thompson,Male,10/5/1989,Nashville,Tennessee,Retired,Retail,58900,1/9/2020
C01994,Duane,Hernandez,Male,9/16/1979,Minneapolis,Minnesota,Self Employed,Retail,42600,8/18/2020
C01995,Amanda,Bell,Female,10/18/1997,Indianapolis,Indiana,Salaried,Retail,47600,10/30/2023
C01996,Nathan,Sanchez,Male,9/26/2000,Columbus,Ohio,Business Owner,Corporate,179600,11/5/2025
C01997,Gerald,Hill,Male,3/13/1990,San Antonio,Texas,Freelancer,Corporate,45500,7/22/2024
C01998,Lori,Taylor,Female,5/7/1983,Indianapolis,Indiana,Self Employed,SME,86200,3/25/2024
C01999,Vincent,Alvarez,Male,3/28/1971,Indianapolis,Indiana,Business Owner,Retail,85200,1/6/2023
C02000,Jesse,Rose,Male,7/7/1995,Indianapolis,Indiana,Self Employed,Premium,68800,10/3/2020
C02001,Michelle,Gonzalez,Female,5/19/1965,Nashville,Tennessee,Self Employed,Premium,139200,10/12/2025
C02002,Laura,Davis,Female,3/14/1962,Sacramento,California,Student,Retail,20700,3/6/2020
C02003,Jorge,Peters,Male,8/27/1964,Indianapolis,Indiana,Self Employed,Retail,57000,2/27/2022
C02004,Randall,Walton,Male,10/6/1994,Cincinnati,Ohio,Student,Retail,35700,1/24/2018
C02005,Cathy,Anderson,Female,1/17/1986,Salt Lake City,Utah,Salaried,Retail,50200,9/7/2025
C02006,Zachary,Khan,Male,8/14/1963,San Antonio,Texas,Salaried,SME,62400,6/2/2024
C02007,Robert,Taylor,Male,8/6/1974,Columbus,Ohio,Freelancer,Retail,44700,4/1/2019
C02008,Tina,Delgado,Female,7/4/1972,Cincinnati,Ohio,Business Owner,Retail,149300,7/17/2019
C02009,Samantha,Pratt,Female,7/12/1966,Cincinnati,Ohio,Self Employed,Retail,71400,3/16/2023
C02010,Tonya,Hernandez,Female,7/17/2002,Portland,Oregon,Retired,Retail,76800,4/12/2021
C02011,Jason,Johnson,Male,1/27/1999,Indianapolis,Indiana,Retired,Retail,47300,3/4/2024
C02012,Willie,Hubbard,Male,2/27/1961,Sacramento,California,Salaried,SME,92300,11/22/2019
C02013,Jonathan,Coffey,Male,4/15/1995,Phoenix,Arizona,Business Owner,Retail,67200,11/15/2021
C02014,John,Massey,Male,4/17/1981,San Antonio,Texas,Business Owner,SME,80700,4/16/2021
C02015,Katrina,White,Female,12/8/1983,Kansas City,Missouri,Freelancer,Retail,77700,3/31/2023
C02016,Nicole,Young,Female,9/14/1972,Indianapolis,Indiana,Self Employed,Corporate,59300,8/14/2023
C02017,Dennis,Dickerson,Male,6/16/2000,Columbus,Ohio,Business Owner,Corporate,88000,8/13/2024
C02018,John,Nguyen,Male,1/19/1961,Seattle,Washington,Business Owner,Corporate,109300,6/25/2023
C02019,Nicole,Walker,Female,5/8/1966,San Antonio,Texas,Salaried,Retail,125300,6/11/2022
C02020,Wanda,Henderson,Female,9/25/1965,Austin,Texas,Student,Retail,137700,3/30/2023
C02021,Amy,Lynch,Female,7/25/2003,Atlanta,Georgia,Freelancer,Retail,66300,5/1/2021
C02022,Laura,Hunter,Female,6/27/1993,Denver,Colorado,Student,Retail,56600,10/20/2025
C02023,Michelle,Andrade,Female,2/1/1996,Indianapolis,Indiana,Salaried,Corporate,92700,4/3/2021
C02024,Hayden,Sawyer,Male,7/25/1983,Orlando,Florida,Self Employed,SME,50600,4/21/2018
C02025,Jeffrey,Perry,Male,11/15/1990,Austin,Texas,Self Employed,Premium,43000,1/22/2020
C02026,Anita,Rowe,Female,8/19/1986,San Antonio,Texas,Retired,Premium,179900,4/4/2025
C02027,Judith,Eaton,Female,6/7/1987,Charlotte,North Carolina,Student,Retail,34100,4/20/2020
C02028,Shannon,Herrera,Female,4/10/1986,Pittsburgh,Pennsylvania,Student,Premium,48100,4/9/2018
C02029,Jesse,Jensen,Male,6/28/2000,Columbus,Ohio,Freelancer,Retail,64100,2/9/2023
C02030,Elizabeth,Reeves,Female,11/28/1976,Salt Lake City,Utah,Salaried,Premium,265200,7/26/2022
C02031,Brenda,Smith,Female,3/27/1973,Austin,Texas,Self Employed,Retail,354700,7/4/2024
C02032,Christina,York,Female,9/27/1971,Pittsburgh,Pennsylvania,Salaried,Premium,133400,4/20/2024
C02033,Richard,Colon,Male,12/11/1986,Atlanta,Georgia,Student,Wealth,466900,1/25/2018
C02034,Austin,Rivera,Male,5/20/1987,Kansas City,Missouri,Salaried,Retail,44800,7/26/2025
C02035,Mary,Fitzgerald,Female,5/22/1980,Orlando,Florida,Student,Wealth,168300,4/20/2018
C02036,Megan,Munoz,Female,3/3/1998,Austin,Texas,Retired,Premium,156800,12/13/2023
C02037,Charles,Tate,Male,4/18/1977,Indianapolis,Indiana,Freelancer,SME,97800,8/24/2019
C02038,Sydney,James,Female,12/18/1989,Denver,Colorado,Freelancer,Retail,42000,1/15/2021
C02039,Mark,Vaughn,Male,2/11/2003,Orlando,Florida,Student,SME,86300,4/18/2025
C02040,David,Smith,Male,12/22/1997,Nashville,Tennessee,Student,Retail,99900,7/9/2018
C02041,Michael,Yates,Male,1/20/1990,Tampa,Florida,Salaried,Wealth,135600,10/3/2023
C02042,Laura,Johnson,Female,9/21/1962,Kansas City,Missouri,Retired,SME,48800,12/14/2019
C02043,Melanie,Robinson,Female,9/11/1979,Phoenix,Arizona,Retired,Corporate,103100,1/24/2020
C02044,Chelsea,Daugherty,Female,5/3/2000,Sacramento,California,Salaried,Retail,54300,12/4/2019
C02045,Stephanie,Watkins,Female,7/5/1985,Portland,Oregon,Self Employed,Retail,45400,7/17/2025
C02046,Alison,Reed,Female,5/7/1977,Nashville,Tennessee,Retired,Retail,64800,8/19/2025
C02047,Tiffany,Benson,Female,2/6/1960,Portland,Oregon,Self Employed,Retail,173500,5/17/2025
C02048,Joshua,Branch,Male,7/20/1973,Raleigh,North Carolina,Retired,Retail,112800,12/26/2020
C02049,Luis,Hood,Male,7/27/1988,Pittsburgh,Pennsylvania,Self Employed,SME,92100,4/17/2021
C02050,James,Bailey,Male,6/5/1984,Orlando,Florida,Freelancer,SME,121500,10/7/2022
C02051,Marcus,Reed,Male,2/23/1992,Nashville,Tennessee,Student,Retail,46500,11/14/2025
C02052,Shannon,Chambers,Female,9/5/1992,Nashville,Tennessee,Business Owner,Retail,115700,12/27/2025
C02053,Tara,Wolfe,Female,3/7/1986,Austin,Texas,Business Owner,Wealth,128700,7/25/2024
C02054,Donald,Jacobs,Male,6/19/1968,Denver,Colorado,Business Owner,Retail,139100,2/1/2020
C02055,Penny,Watkins,Female,7/6/1993,Seattle,Washington,Student,Retail,40800,10/25/2018
C02056,Jesse,Elliott,Male,10/14/1996,Sacramento,California,Retired,Retail,92200,10/6/2024
C02057,Emma,Terrell,Female,4/11/1975,Kansas City,Missouri,Retired,Corporate,92100,2/7/2020
C02058,Alec,Maldonado,Male,1/10/1987,Raleigh,North Carolina,Salaried,Retail,38500,9/2/2021
C02059,Mark,Alvarez,Male,9/24/1998,Cincinnati,Ohio,Salaried,Retail,66800,1/19/2018
C02060,Garrett,Shaw,Male,5/2/1978,Denver,Colorado,Business Owner,Premium,121100,4/24/2025
C02061,Jennifer,Andrews,Female,5/24/1962,Orlando,Florida,Business Owner,SME,39900,9/16/2019
C02062,Brandi,Ramirez,Female,3/2/1990,Kansas City,Missouri,Self Employed,Premium,101900,6/25/2025
C02063,Anthony,Yu,Male,1/11/1978,Atlanta,Georgia,Business Owner,Premium,115600,8/8/2020
C02064,Paul,James,Male,8/14/1996,Minneapolis,Minnesota,Retired,Retail,131300,2/12/2024
C02065,Ashley,Wilson,Female,6/13/2001,Salt Lake City,Utah,Retired,Retail,62100,8/1/2022
C02066,Gabriela,Finley,Female,9/14/1966,San Antonio,Texas,Self Employed,Premium,164500,6/12/2021
C02067,Michelle,Dennis,Female,2/23/1976,Portland,Oregon,Student,Retail,38500,2/2/2019
C02068,Kevin,Burgess,Male,8/16/1963,Minneapolis,Minnesota,Student,Retail,58800,12/19/2018
C02069,Christopher,White,Male,3/2/2002,Pittsburgh,Pennsylvania,Retired,Retail,33600,3/23/2020
C02070,Sherry,Smith,Female,4/7/1990,Charlotte,North Carolina,Business Owner,Retail,20700,1/12/2023
C02071,Theresa,Fitzgerald,Female,10/1/1995,Phoenix,Arizona,Self Employed,Corporate,111200,7/12/2020
C02072,Christopher,Lane,Male,1/23/1964,Columbus,Ohio,Student,SME,65200,1/23/2025
C02073,Sharon,Fox,Female,9/28/2004,Salt Lake City,Utah,Salaried,Corporate,86200,1/2/2021
C02074,John,Shaw,Male,4/9/1984,Raleigh,North Carolina,Business Owner,Retail,99500,11/19/2021
C02075,Cynthia,Thornton,Female,12/24/1965,Kansas City,Missouri,Freelancer,SME,29000,2/7/2022
C02076,David,Diaz,Male,11/4/1998,Orlando,Florida,Business Owner,SME,30700,2/16/2018
C02077,Travis,Long,Male,1/23/1975,Pittsburgh,Pennsylvania,Self Employed,Retail,94800,11/30/2018
C02078,John,Jones,Male,11/7/1961,Kansas City,Missouri,Retired,Premium,81300,3/3/2022
C02079,Bryan,Adams,Male,7/22/1995,Kansas City,Missouri,Self Employed,SME,105700,5/24/2022
C02080,James,Shannon,Male,10/23/1970,Columbus,Ohio,Self Employed,Retail,104400,2/6/2026
C02081,Luis,Gray,Male,12/14/1981,Orlando,Florida,Student,Retail,97900,6/20/2023
C02082,Cheryl,Little,Female,12/20/1992,Salt Lake City,Utah,Self Employed,Premium,152200,11/20/2018
C02083,Donna,Meyer,Female,11/28/1972,Denver,Colorado,Retired,SME,114200,10/18/2021
C02084,Megan,Reese,Female,6/6/1963,Kansas City,Missouri,Salaried,SME,34800,4/24/2021
C02085,Kathryn,Carter,Female,11/6/2003,Sacramento,California,Student,Retail,32800,1/21/2021
C02086,Lucas,Santiago,Male,5/16/1977,Raleigh,North Carolina,Salaried,Premium,120800,12/23/2022
C02087,Sylvia,Hall,Female,7/24/1978,Denver,Colorado,Student,Retail,60200,6/14/2023
C02088,David,Evans,Male,3/28/1986,Austin,Texas,Business Owner,Retail,22900,8/8/2020
C02089,Stephanie,Norris,Female,12/13/1968,Minneapolis,Minnesota,Salaried,Retail,52600,6/4/2020
C02090,Molly,Matthews,Female,7/2/1993,Austin,Texas,Self Employed,Retail,82700,11/13/2022
C02091,Adam,Thomas,Male,1/5/1983,Minneapolis,Minnesota,Salaried,Corporate,132800,6/5/2020
C02092,Katie,Bridges,Female,10/4/1962,Pittsburgh,Pennsylvania,Business Owner,Wealth,177900,10/10/2019
C02093,Lucas,Collins,Male,6/19/1989,Cincinnati,Ohio,Student,Retail,57300,6/20/2018
C02094,Kristin,Parker,Female,12/18/1999,Salt Lake City,Utah,Business Owner,Retail,23600,1/24/2021
C02095,Alyssa,Andrews,Female,1/11/1968,Pittsburgh,Pennsylvania,Self Employed,Retail,58300,10/6/2023
C02096,Ashley,Acosta,Female,9/1/1967,Denver,Colorado,Retired,Premium,41500,5/15/2020
C02097,Jesse,Oliver,Male,6/13/1978,Phoenix,Arizona,Salaried,Wealth,103400,7/14/2023
C02098,Andrew,Johnson,Male,1/11/1991,Seattle,Washington,Student,Premium,79000,7/26/2019
C02099,Sara,Marsh,Female,7/1/1994,Phoenix,Arizona,Salaried,Retail,20700,6/21/2019
C02100,Daryl,Estrada,Male,2/12/1982,Cincinnati,Ohio,Student,Retail,24900,8/1/2020
C02101,Scott,Walker,Male,8/26/1987,Denver,Colorado,Business Owner,Retail,45500,6/13/2019
C02102,Ronald,Lin,Male,5/3/1976,Indianapolis,Indiana,Freelancer,Retail,57600,3/18/2022
C02103,Kenneth,Stevens,Male,4/4/1983,Nashville,Tennessee,Retired,Premium,236000,11/24/2018
C02104,Kathleen,Ray,Female,10/18/2000,Charlotte,North Carolina,Student,Retail,88300,5/20/2019
C02105,Kelly,Fitzpatrick,Female,4/11/1975,Kansas City,Missouri,Retired,Premium,90400,1/29/2018
C02106,Cheryl,Dickerson,Female,8/2/2003,Raleigh,North Carolina,Self Employed,Corporate,372100,1/25/2018
C02107,Anthony,Horne,Male,3/6/1996,Tampa,Florida,Freelancer,Retail,39300,12/3/2025
C02108,Brandi,Wise,Female,8/7/2004,Seattle,Washington,Business Owner,Corporate,50500,6/13/2018
C02109,Alexa,Martin,Female,3/11/1995,Indianapolis,Indiana,Retired,Retail,30100,8/28/2024
C02110,Richard,Gaines,Male,3/15/1976,Indianapolis,Indiana,Salaried,Retail,20700,7/14/2019
C02111,Darlene,Cervantes,Female,3/1/2003,Orlando,Florida,Business Owner,Premium,37300,7/21/2019
C02112,Susan,Carter,Female,8/22/1979,Cincinnati,Ohio,Business Owner,Retail,56300,8/8/2021
C02113,Christopher,Nguyen,Male,5/23/1981,Denver,Colorado,Self Employed,Retail,92200,3/7/2024
C02114,Joshua,Lopez,Male,1/1/1967,Orlando,Florida,Self Employed,Premium,79600,11/7/2022
C02115,Janet,Hale,Female,8/15/1968,Atlanta,Georgia,Student,Retail,37900,5/8/2021
C02116,Donna,Cook,Female,8/1/1961,Portland,Oregon,Retired,Retail,42900,7/6/2021
C02117,Stacey,Salazar,Female,9/26/1999,Indianapolis,Indiana,Freelancer,Retail,58200,5/3/2021
C02118,Ronnie,Reynolds,Male,8/9/1968,Salt Lake City,Utah,Student,Retail,65100,2/1/2023
C02119,Garrett,Davis,Male,6/19/1968,San Antonio,Texas,Self Employed,SME,125400,12/4/2025
C02120,Angela,Jordan,Female,9/22/1972,Austin,Texas,Freelancer,Wealth,282200,10/18/2018
C02121,David,Vasquez,Male,8/9/1996,Phoenix,Arizona,Retired,Retail,49200,11/3/2025
C02122,Ashlee,Davis,Female,8/24/2003,Pittsburgh,Pennsylvania,Retired,Premium,96700,12/2/2025
C02123,Ashley,Mason,Female,1/19/1987,Charlotte,North Carolina,Business Owner,Corporate,196800,6/5/2020
C02124,Jesse,Sampson,Male,12/8/1968,Atlanta,Georgia,Freelancer,Wealth,105400,2/23/2024
C02125,Jessica,Harding,Female,11/3/1994,Pittsburgh,Pennsylvania,Self Employed,Premium,163100,10/27/2020
C02126,Ronald,Carey,Male,12/3/1960,Minneapolis,Minnesota,Self Employed,Retail,42500,8/20/2024
C02127,Margaret,Guerra,Female,8/10/1979,Charlotte,North Carolina,Freelancer,Retail,140000,8/27/2023
C02128,Steven,Frazier,Male,9/25/1964,Portland,Oregon,Business Owner,Retail,28300,5/16/2025
C02129,Grace,Jones,Female,2/13/1978,Kansas City,Missouri,Retired,Retail,45200,3/16/2025
C02130,Stephanie,Fernandez,Female,5/15/1985,Raleigh,North Carolina,Salaried,Corporate,130400,8/15/2025
C02131,Glenn,Munoz,Male,7/22/1992,Columbus,Ohio,Salaried,Retail,20700,12/18/2024
C02132,Amanda,Flowers,Female,4/13/1969,Sacramento,California,Salaried,SME,29000,4/23/2022
C02133,Jennifer,Davis,Female,1/4/1968,Austin,Texas,Business Owner,Retail,41700,9/15/2021
C02134,Ruben,Leonard,Male,9/13/2002,Portland,Oregon,Self Employed,Retail,73700,11/9/2020
C02135,Mark,Fletcher,Male,5/1/1987,Portland,Oregon,Business Owner,Retail,41900,8/30/2025
C02136,Jennifer,Fitzpatrick,Female,2/14/1982,Salt Lake City,Utah,Business Owner,Retail,39300,10/9/2018
C02137,Jennifer,Coffey,Female,10/16/1997,Charlotte,North Carolina,Salaried,SME,105600,10/1/2023
C02138,Andrea,Thornton,Female,8/28/1980,Orlando,Florida,Business Owner,Retail,37800,9/23/2019
C02139,Dwayne,Brown,Male,11/14/1992,Cincinnati,Ohio,Salaried,Retail,81800,10/29/2024
C02140,Evelyn,Cook,Female,4/9/1964,Nashville,Tennessee,Retired,Premium,191600,6/18/2023
C02141,Bob,Nunez,Male,6/5/1977,Atlanta,Georgia,Business Owner,Premium,51400,7/25/2021
C02142,Greg,Alvarez,Male,4/12/1989,Salt Lake City,Utah,Retired,Corporate,77000,8/11/2021
C02143,David,Price,Male,11/8/2000,Portland,Oregon,Self Employed,Premium,407700,5/18/2025
C02144,Jacob,Vega,Male,3/23/1960,San Antonio,Texas,Salaried,Premium,49200,12/20/2021
C02145,Denise,Prince,Female,3/11/1998,Charlotte,North Carolina,Self Employed,Retail,114200,6/17/2018
C02146,Tiffany,Cummings,Female,10/24/1966,Orlando,Florida,Retired,Retail,48200,2/5/2022
C02147,Richard,Camacho,Male,5/3/2002,Tampa,Florida,Self Employed,Retail,46200,1/16/2018
C02148,Melissa,Cooper,Female,12/5/1993,Charlotte,North Carolina,Salaried,SME,44400,5/25/2024
C02149,James,Montgomery,Male,4/21/1970,San Antonio,Texas,Student,Corporate,156800,9/17/2022
C02150,Scott,Pena,Male,9/7/1978,Portland,Oregon,Freelancer,Retail,23200,3/15/2025
C02151,Michaela,Shaw,Female,2/26/1983,Denver,Colorado,Business Owner,Retail,48000,10/24/2021
C02152,Michael,Matthews,Male,7/20/1979,Pittsburgh,Pennsylvania,Freelancer,Retail,86300,4/25/2023
C02153,Mark,Robles,Male,10/17/1988,Tampa,Florida,Salaried,SME,39600,12/11/2025
C02154,Audrey,Arnold,Female,5/28/1980,San Antonio,Texas,Student,Corporate,124900,1/4/2023
C02155,Keith,Moore,Male,12/9/1980,Pittsburgh,Pennsylvania,Retired,Retail,81700,11/20/2023
C02156,Kenneth,Newton,Male,9/20/1994,Denver,Colorado,Business Owner,Premium,332400,7/16/2024
C02157,David,Carrillo,Male,8/20/1980,Denver,Colorado,Student,Retail,57400,3/2/2024
C02158,Joshua,Lopez,Male,5/18/1992,Cincinnati,Ohio,Freelancer,Retail,42600,5/16/2023
C02159,Nathaniel,Woods,Male,3/8/1965,Austin,Texas,Freelancer,Premium,112800,9/28/2021
C02160,Thomas,Gates,Male,9/4/1995,Denver,Colorado,Retired,Retail,68700,7/3/2019
C02161,Jorge,Jacobs,Male,8/1/2001,Minneapolis,Minnesota,Salaried,SME,45800,2/6/2023
C02162,Cameron,Harris,Male,4/16/1968,Pittsburgh,Pennsylvania,Self Employed,Corporate,123500,1/30/2021
C02163,Brandy,Brooks,Female,7/22/2002,Charlotte,North Carolina,Student,Retail,35700,9/25/2023
C02164,Stacey,Miller,Female,9/26/1986,Seattle,Washington,Self Employed,Premium,55900,2/20/2019
C02165,Erica,Cervantes,Female,4/4/2002,Indianapolis,Indiana,Freelancer,Retail,43500,5/15/2018
C02166,Dana,Riley,Female,11/3/1968,Raleigh,North Carolina,Freelancer,Retail,71700,2/21/2021
C02167,Ralph,Stevens,Male,5/12/1962,Nashville,Tennessee,Business Owner,Wealth,158800,6/3/2023
C02168,Tami,Martin,Female,12/4/2001,Salt Lake City,Utah,Freelancer,Corporate,60600,5/31/2022
C02169,Catherine,Duran,Female,2/24/1998,Kansas City,Missouri,Retired,Retail,149400,8/7/2018
C02170,Sarah,Yates,Female,11/10/1974,Atlanta,Georgia,Student,SME,85900,4/22/2023
C02171,Ashley,Olson,Female,1/25/1978,Pittsburgh,Pennsylvania,Salaried,Wealth,257400,9/29/2018
C02172,Jason,Moore,Male,3/20/1973,San Antonio,Texas,Business Owner,Retail,30000,7/13/2024
C02173,Eric,Doyle,Male,8/23/1983,Portland,Oregon,Salaried,SME,98300,9/17/2023
C02174,Douglas,Maldonado,Male,12/7/1995,Austin,Texas,Self Employed,Premium,71200,7/17/2020
C02175,John,Ramos,Male,2/13/1979,Indianapolis,Indiana,Retired,SME,90500,11/8/2022
C02176,Holly,Bishop,Female,8/7/1961,Austin,Texas,Freelancer,Retail,70300,2/2/2025
C02177,Andrew,Nelson,Male,9/10/1982,Pittsburgh,Pennsylvania,Student,Premium,198900,9/18/2018
C02178,Sandra,Davis,Female,6/1/1960,Sacramento,California,Salaried,SME,92400,7/22/2020
C02179,Megan,Johnson,Female,11/16/1977,Phoenix,Arizona,Business Owner,Retail,30000,4/16/2018
C02180,Kevin,Johnson,Male,12/28/1997,Atlanta,Georgia,Self Employed,Retail,39000,10/6/2022
C02181,Antonio,Terry,Male,10/24/1961,Raleigh,North Carolina,Student,Premium,50100,3/25/2022
C02182,Victor,Wilson,Male,2/20/1989,Sacramento,California,Business Owner,Corporate,246300,6/3/2022
C02183,Shannon,Davenport,Female,3/26/1977,Orlando,Florida,Retired,Wealth,220600,8/7/2024
C02184,Dustin,Bowers,Male,2/7/1962,Kansas City,Missouri,Student,Premium,188300,1/27/2023
C02185,Antonio,Green,Male,6/5/1964,Seattle,Washington,Retired,Premium,64300,11/4/2019
C02186,Mark,Ortiz,Male,6/3/1975,Cincinnati,Ohio,Salaried,Retail,46500,3/1/2024
C02187,Donna,Wells,Female,8/25/1975,Austin,Texas,Retired,Retail,27500,2/8/2025
C02188,Brian,Mitchell,Male,10/25/1982,Columbus,Ohio,Business Owner,Retail,20700,10/25/2024
C02189,Lindsay,Schwartz,Female,4/28/1961,Salt Lake City,Utah,Business Owner,Wealth,365900,9/18/2018
C02190,George,Parker,Male,5/22/1977,Cincinnati,Ohio,Retired,Retail,55700,1/4/2018
C02191,Brittany,Stephens,Female,4/8/1990,Phoenix,Arizona,Freelancer,Retail,88500,5/30/2023
C02192,Karen,Reyes,Female,4/5/1997,Phoenix,Arizona,Retired,Retail,20700,7/21/2021
C02193,Katherine,Reyes,Female,3/28/1964,Cincinnati,Ohio,Student,Premium,56900,4/18/2025
C02194,Ronald,Wagner,Male,2/17/1987,San Antonio,Texas,Salaried,Retail,132500,2/9/2026
C02195,Joshua,Chambers,Male,4/3/1990,Kansas City,Missouri,Student,Retail,57100,5/26/2023
C02196,Jessica,Wright,Female,3/21/1986,Kansas City,Missouri,Salaried,Retail,88300,7/5/2018
C02197,Connor,Rowe,Male,7/21/2002,Seattle,Washington,Student,Retail,46800,3/15/2025
C02198,Jennifer,Fitzpatrick,Female,1/5/2001,Kansas City,Missouri,Business Owner,SME,172500,1/5/2020
C02199,Erica,Lee,Female,7/2/1960,Cincinnati,Ohio,Freelancer,Retail,35800,10/2/2025
C02200,Joshua,Burns,Male,1/22/2004,Columbus,Ohio,Business Owner,Retail,74100,9/21/2019
C02201,Alan,Watson,Male,7/16/1985,Minneapolis,Minnesota,Salaried,Retail,40200,1/26/2019
C02202,Denise,Miller,Female,4/7/1987,Austin,Texas,Salaried,SME,72700,5/10/2018
C02203,Carlos,Washington,Male,10/5/1974,Columbus,Ohio,Freelancer,Retail,31300,11/19/2024
C02204,Jacob,Carr,Male,2/25/1964,Salt Lake City,Utah,Self Employed,Retail,53000,3/13/2025
C02205,Amber,Wells,Female,3/17/1983,Indianapolis,Indiana,Freelancer,Retail,20700,3/6/2021
C02206,Jill,Myers,Female,4/10/1968,Columbus,Ohio,Student,Retail,33600,1/21/2018
C02207,Jennifer,Smith,Female,10/17/1976,Indianapolis,Indiana,Self Employed,Retail,35800,11/27/2022
C02208,Jennifer,Jones,Female,11/16/2000,Sacramento,California,Self Employed,Premium,144600,12/22/2024
C02209,Kelsey,Roberts,Female,6/13/1974,Portland,Oregon,Student,SME,43800,5/17/2022
C02210,Kenneth,Henderson,Male,4/28/1983,Indianapolis,Indiana,Self Employed,Premium,83900,7/15/2022
C02211,Michael,Reed,Male,6/6/2004,Pittsburgh,Pennsylvania,Business Owner,Retail,20700,5/3/2020
C02212,Alison,Garcia,Female,12/23/1997,Kansas City,Missouri,Freelancer,Premium,63500,10/20/2020
C02213,Joshua,Moore,Male,4/23/1978,Atlanta,Georgia,Business Owner,Corporate,45500,4/29/2023
C02214,Juan,Good,Male,11/15/1970,Denver,Colorado,Business Owner,SME,98200,1/16/2021
C02215,Benjamin,Williams,Male,5/14/2002,Cincinnati,Ohio,Student,Retail,50900,2/19/2019
C02216,Allen,Taylor,Male,3/10/1994,Austin,Texas,Student,Premium,102400,1/29/2019
C02217,Leslie,Crawford,Female,11/17/1974,Raleigh,North Carolina,Salaried,Retail,32100,4/30/2018
C02218,Barry,Warner,Male,8/26/1961,Orlando,Florida,Business Owner,Retail,113400,1/6/2024
C02219,Justin,Brown,Male,8/18/1987,Seattle,Washington,Salaried,SME,61500,3/15/2021
C02220,Charles,Kelly,Male,10/25/1972,Austin,Texas,Freelancer,Retail,78000,6/26/2024
C02221,Anthony,Allen,Male,12/10/1984,Indianapolis,Indiana,Student,Retail,20700,7/23/2019
C02222,Allen,Holland,Male,11/10/1997,Pittsburgh,Pennsylvania,Self Employed,Retail,40400,3/14/2025
C02223,Monica,Short,Female,7/23/2004,San Antonio,Texas,Freelancer,Retail,46100,3/5/2024
C02224,Aaron,Jimenez,Male,6/8/1973,Orlando,Florida,Salaried,Premium,51800,7/2/2022
C02225,Colleen,Garcia,Female,10/9/1996,Orlando,Florida,Freelancer,Corporate,76900,9/14/2022
C02226,Susan,Rowe,Female,4/22/2002,Portland,Oregon,Salaried,Retail,74900,3/3/2026
C02227,Gary,Maldonado,Male,7/16/1964,Salt Lake City,Utah,Salaried,Premium,118200,6/30/2021
C02228,David,Fowler,Male,3/17/1962,Indianapolis,Indiana,Retired,Premium,179800,10/2/2024
C02229,Martha,Dickerson,Female,5/5/1975,Salt Lake City,Utah,Retired,Retail,76500,12/5/2020
C02230,Jasmine,Owens,Female,4/11/1963,Atlanta,Georgia,Retired,Retail,40400,2/13/2019
C02231,Dawn,Kirby,Female,7/2/1994,Cincinnati,Ohio,Salaried,Retail,68700,4/12/2020
C02232,Kristin,Lynch,Female,10/22/1966,Atlanta,Georgia,Salaried,Retail,128500,5/4/2019
C02233,Lindsey,Wallace,Female,8/28/1994,Atlanta,Georgia,Student,Premium,153300,4/8/2022
C02234,Morgan,Watkins,Female,4/20/1987,Phoenix,Arizona,Retired,Retail,210000,4/1/2019
C02235,Edward,Mclaughlin,Male,10/10/1967,Austin,Texas,Freelancer,Retail,59200,8/30/2020
C02236,Cynthia,Torres,Female,4/11/1981,Denver,Colorado,Salaried,Retail,59800,7/24/2022
C02237,Michael,Morris,Male,6/11/1976,Kansas City,Missouri,Salaried,Retail,25600,7/24/2019
C02238,Rebekah,Sherman,Female,8/24/1978,Raleigh,North Carolina,Retired,SME,153500,11/24/2023
C02239,Brent,Estrada,Male,7/20/1987,Raleigh,North Carolina,Business Owner,Retail,189600,3/11/2019
C02240,Ryan,Griffin,Male,12/24/2000,Pittsburgh,Pennsylvania,Business Owner,Retail,24000,1/31/2022
C02241,Karen,Mcdaniel,Female,3/28/1978,Charlotte,North Carolina,Student,Wealth,127900,6/30/2019
C02242,Kevin,Jackson,Male,6/1/1985,Raleigh,North Carolina,Business Owner,Retail,99800,5/2/2025
C02243,Karina,Jones,Female,4/1/1967,Nashville,Tennessee,Salaried,Wealth,110100,11/8/2025
C02244,David,Mcdaniel,Male,2/1/1988,Charlotte,North Carolina,Freelancer,Retail,102100,1/18/2021
C02245,Derek,Mills,Male,3/18/1991,Tampa,Florida,Business Owner,Retail,49300,5/25/2025
C02246,Erika,Jones,Female,4/5/1968,Indianapolis,Indiana,Student,Premium,46500,8/31/2021
C02247,Juan,Nguyen,Male,4/12/1993,Atlanta,Georgia,Salaried,Wealth,172500,2/22/2026
C02248,James,Ramirez,Male,8/20/1977,Kansas City,Missouri,Business Owner,SME,34700,12/20/2022
C02249,Jordan,Austin,Female,11/17/1970,Atlanta,Georgia,Retired,Premium,162000,6/17/2018
C02250,Joseph,Mahoney,Male,9/8/1989,Seattle,Washington,Business Owner,Retail,30000,11/13/2018
C02251,Kelly,Williams,Female,3/26/1981,Seattle,Washington,Student,Corporate,147000,3/26/2024
C02252,Eric,Newman,Male,5/24/1989,San Antonio,Texas,Salaried,SME,32000,4/29/2022
C02253,Victor,Sharp,Male,8/18/1982,Orlando,Florida,Salaried,Premium,51100,6/27/2020
C02254,Katherine,Salazar,Female,5/8/1988,Seattle,Washington,Business Owner,SME,57300,7/13/2023
C02255,Kristin,Washington,Female,10/10/1997,Raleigh,North Carolina,Salaried,Premium,49900,3/26/2022
C02256,Becky,Chambers,Female,7/11/1963,Denver,Colorado,Salaried,Retail,32500,12/6/2018
C02257,Leah,Prince,Female,3/15/1980,Austin,Texas,Retired,Retail,101600,3/10/2024
C02258,Steven,Martin,Male,6/8/1968,Salt Lake City,Utah,Freelancer,Premium,92900,11/15/2024
C02259,Donald,Mitchell,Male,5/10/1978,Austin,Texas,Freelancer,Retail,95300,7/31/2019
C02260,Judy,Allen,Female,4/10/1971,Nashville,Tennessee,Salaried,Retail,72000,1/28/2026
C02261,Alicia,Anderson,Female,4/28/1981,Columbus,Ohio,Retired,Retail,23000,4/28/2018
C02262,William,Barker,Male,8/19/1971,Austin,Texas,Freelancer,SME,62400,8/15/2019
C02263,Jeremy,Anderson,Male,11/20/1981,Seattle,Washington,Retired,Retail,34600,5/4/2022
C02264,Russell,Harvey,Male,5/1/1962,Orlando,Florida,Student,SME,39000,10/9/2019
C02265,Kenneth,Greene,Male,5/6/1991,Tampa,Florida,Business Owner,Premium,44300,9/4/2025
C02266,Chad,Perry,Male,3/13/1997,Orlando,Florida,Self Employed,Retail,85800,5/12/2019
C02267,Michael,Ramirez,Male,3/17/1997,Orlando,Florida,Self Employed,Retail,82100,7/4/2018
C02268,Daniel,Phillips,Male,11/19/1966,San Antonio,Texas,Student,Retail,62300,10/10/2024
C02269,Janet,Stewart,Female,10/2/1965,Portland,Oregon,Salaried,Retail,60200,3/24/2022
C02270,Deborah,Vaughn,Female,6/13/1971,Atlanta,Georgia,Business Owner,Premium,159800,9/22/2024
C02271,Christine,Wilson,Female,12/15/1960,Phoenix,Arizona,Business Owner,Premium,283800,2/25/2026
C02272,Joshua,Walker,Male,12/8/1968,Cincinnati,Ohio,Business Owner,Retail,38000,9/19/2021
C02273,Eric,Dominguez,Male,8/24/1978,Austin,Texas,Freelancer,Retail,91600,11/21/2024
C02274,Jesse,Jones,Male,11/15/1965,Tampa,Florida,Business Owner,Wealth,135700,12/26/2019
C02275,Yvonne,Hopkins,Female,7/3/2001,Portland,Oregon,Retired,Retail,70000,8/14/2018
C02276,Nathan,Frazier,Male,2/26/2002,San Antonio,Texas,Student,Premium,87600,1/21/2025
C02277,Ashley,Johnson,Female,7/7/2000,Portland,Oregon,Retired,Retail,33100,9/29/2019
C02278,Donald,Mosley,Male,7/27/1968,Denver,Colorado,Student,Premium,165100,12/10/2018
C02279,Miguel,Morgan,Male,3/20/1978,Denver,Colorado,Self Employed,Retail,77900,11/19/2025
C02280,Amy,Martin,Female,3/9/1973,Denver,Colorado,Retired,Retail,65400,5/4/2020
C02281,Krista,Long,Female,9/23/1990,Atlanta,Georgia,Business Owner,Retail,49900,5/24/2024
C02282,Bradley,Deleon,Male,4/17/1981,Denver,Colorado,Freelancer,Retail,59900,10/19/2022
C02283,John,Yu,Male,3/14/1978,Austin,Texas,Self Employed,Retail,72500,6/22/2023
C02284,Cheryl,Robertson,Female,6/12/1977,Indianapolis,Indiana,Business Owner,Retail,74900,4/30/2022
C02285,Haley,Delgado,Female,7/9/1990,Seattle,Washington,Retired,Retail,52200,3/25/2021
C02286,Amanda,Woods,Female,1/10/1967,Raleigh,North Carolina,Student,Retail,46300,12/27/2023
C02287,Donald,Stewart,Male,3/27/1967,Columbus,Ohio,Retired,Premium,116700,12/11/2022
C02288,Todd,Santiago,Male,5/22/1973,Pittsburgh,Pennsylvania,Self Employed,SME,78900,8/27/2019
C02289,Rebecca,Keller,Female,8/15/1978,Cincinnati,Ohio,Student,Premium,183700,2/9/2026
C02290,Dylan,Ellis,Male,3/12/1989,Pittsburgh,Pennsylvania,Self Employed,Retail,54100,7/31/2020
C02291,Jeff,Livingston,Male,3/3/1993,Seattle,Washington,Student,Retail,70700,3/27/2025
C02292,Tracey,Peterson,Female,1/19/2004,Atlanta,Georgia,Student,Premium,72600,3/9/2026
C02293,Carla,Sosa,Female,7/7/1960,Sacramento,California,Self Employed,Retail,37400,1/18/2018
C02294,David,Hardin,Male,3/26/1964,Tampa,Florida,Student,SME,90000,11/2/2020
C02295,Larry,Banks,Male,4/25/1973,Kansas City,Missouri,Freelancer,Retail,140500,1/22/2024
C02296,Laura,Norris,Female,8/24/1985,Seattle,Washington,Retired,Corporate,68400,3/17/2021
C02297,Kevin,Crawford,Male,3/1/1998,San Antonio,Texas,Self Employed,Premium,74200,8/20/2019
C02298,Michael,Davis,Male,6/25/1999,Nashville,Tennessee,Salaried,SME,36200,9/21/2021
C02299,Ryan,Henry,Male,2/16/1985,Phoenix,Arizona,Retired,Retail,144100,9/19/2023
C02300,Sharon,Preston,Female,12/24/2000,Pittsburgh,Pennsylvania,Self Employed,Retail,39700,9/19/2018
C02301,Elijah,Johnson,Male,7/17/1985,Raleigh,North Carolina,Business Owner,Retail,147000,10/11/2023
C02302,Shane,Williams,Male,5/15/1990,Cincinnati,Ohio,Student,Retail,51200,10/16/2023
C02303,Brian,Nelson,Male,5/15/1984,Columbus,Ohio,Retired,Retail,91400,6/2/2018
C02304,Miranda,Fisher,Female,11/4/1989,Atlanta,Georgia,Freelancer,Retail,70600,2/26/2019
C02305,Joanne,Baker,Female,2/12/1965,San Antonio,Texas,Student,Retail,52300,12/2/2022
C02306,Joshua,Clements,Male,12/23/1997,Raleigh,North Carolina,Freelancer,Retail,61200,8/7/2021
C02307,Frances,Jimenez,Female,9/7/1981,Minneapolis,Minnesota,Student,Retail,26600,9/2/2021
C02308,Cody,Davis,Male,9/12/1969,Sacramento,California,Business Owner,Retail,61000,10/15/2019
C02309,Tracy,Smith,Female,11/5/1985,Austin,Texas,Student,Retail,43200,10/19/2022
C02310,Cathy,Nelson,Female,10/28/1991,Kansas City,Missouri,Self Employed,Retail,192000,10/8/2019
C02311,Sandra,Hill,Female,8/25/1971,Sacramento,California,Salaried,Retail,80800,2/26/2025
C02312,Ricardo,Davis,Male,3/11/1963,Raleigh,North Carolina,Salaried,Retail,68500,2/8/2024
C02313,Michelle,Stewart,Female,1/18/1972,Sacramento,California,Student,SME,56100,4/6/2023
C02314,Mia,Mccullough,Female,2/25/1967,Sacramento,California,Self Employed,Retail,34500,1/5/2018
C02315,David,Chapman,Male,1/15/1963,Seattle,Washington,Freelancer,SME,44000,8/1/2018
C02316,David,Clayton,Male,8/28/2002,Raleigh,North Carolina,Freelancer,SME,29000,7/2/2024
C02317,Veronica,Guzman,Female,8/4/2000,Pittsburgh,Pennsylvania,Student,Retail,72200,7/24/2022
C02318,Heather,Johnston,Female,10/20/1962,Phoenix,Arizona,Salaried,Premium,41400,3/13/2018
C02319,Luke,Sharp,Male,3/6/1983,Seattle,Washington,Student,SME,149300,12/31/2024
C02320,David,Carter,Male,3/5/2004,Cincinnati,Ohio,Student,SME,97400,3/29/2018
C02321,William,Ramirez,Male,5/16/2004,Raleigh,North Carolina,Salaried,Premium,67000,9/8/2021
C02322,Christie,Davis,Female,2/2/2004,Salt Lake City,Utah,Business Owner,Retail,47000,4/14/2024
C02323,Gregory,Brown,Male,11/9/1973,Pittsburgh,Pennsylvania,Self Employed,SME,186300,7/29/2021
C02324,Tiffany,Scott,Female,9/23/1992,Phoenix,Arizona,Retired,Retail,50500,7/9/2022
C02325,Caitlin,Gamble,Female,2/27/1996,Portland,Oregon,Freelancer,Retail,51300,9/10/2020
C02326,Steven,Smith,Male,4/3/1961,Atlanta,Georgia,Business Owner,SME,118100,5/29/2022
C02327,Sergio,Mack,Male,5/28/1981,Kansas City,Missouri,Freelancer,SME,71100,7/29/2025
C02328,Arthur,Ramirez,Male,9/13/1961,Atlanta,Georgia,Retired,Premium,81400,10/16/2021
C02329,Jeffery,Wilson,Male,3/16/1973,Nashville,Tennessee,Self Employed,SME,54400,8/4/2021
C02330,Nathan,Dominguez,Male,4/13/2001,San Antonio,Texas,Retired,Premium,126500,8/3/2018
C02331,Jonathan,Hendrix,Male,10/8/1998,Charlotte,North Carolina,Self Employed,Retail,47900,11/28/2023
C02332,Aaron,Miller,Male,12/9/1981,Orlando,Florida,Retired,Retail,105400,7/31/2020
C02333,Rebecca,Adams,Female,12/8/1976,Salt Lake City,Utah,Self Employed,Premium,84100,12/27/2023
C02334,Tiffany,Shaffer,Female,2/5/1992,Minneapolis,Minnesota,Student,Wealth,203600,10/27/2025
C02335,Austin,Riley,Male,1/28/1989,Nashville,Tennessee,Business Owner,Retail,63500,8/20/2025
C02336,Janice,Nelson,Female,11/25/1973,Kansas City,Missouri,Self Employed,Corporate,111600,1/23/2019
C02337,Karina,Brown,Female,2/24/1997,Kansas City,Missouri,Freelancer,Retail,76000,4/28/2018
C02338,Eric,Frye,Male,8/14/1985,Tampa,Florida,Freelancer,Retail,103000,12/15/2023
C02339,Brian,Harris,Male,7/8/1973,Kansas City,Missouri,Freelancer,Retail,54700,5/5/2025
C02340,Becky,Kelley,Female,3/15/2000,Austin,Texas,Student,SME,49300,10/10/2023
C02341,Gary,Brock,Male,10/23/1960,Charlotte,North Carolina,Self Employed,Premium,84400,3/4/2024
C02342,Steven,Hurley,Male,12/18/2003,Seattle,Washington,Self Employed,Wealth,230500,8/17/2021
C02343,Lonnie,Cohen,Male,8/16/1999,Columbus,Ohio,Retired,Retail,84800,2/21/2022
C02344,Laura,Alexander,Female,6/1/1961,Kansas City,Missouri,Student,SME,29800,3/8/2024
C02345,Steven,Mcpherson,Male,10/3/1972,Pittsburgh,Pennsylvania,Freelancer,Wealth,130700,4/13/2019
C02346,John,Thomas,Male,7/2/1993,Phoenix,Arizona,Business Owner,Retail,95700,1/9/2021
C02347,Shawn,Smith,Male,3/17/2000,Seattle,Washington,Freelancer,SME,119800,8/12/2020
C02348,Sara,White,Female,10/7/1969,Minneapolis,Minnesota,Business Owner,Retail,63600,12/2/2019
C02349,Dylan,Wilkins,Male,7/22/1961,Pittsburgh,Pennsylvania,Student,Premium,82000,11/20/2019
C02350,Melissa,York,Female,8/21/1960,Salt Lake City,Utah,Business Owner,Retail,65200,9/6/2020
C02351,Holly,Davis,Female,5/1/2000,Portland,Oregon,Business Owner,Premium,37300,5/21/2022
C02352,Meredith,Garcia,Female,7/22/1983,Seattle,Washington,Self Employed,Corporate,111500,1/22/2022
C02353,Sara,Berry,Female,6/8/1976,Phoenix,Arizona,Business Owner,Retail,68300,10/7/2023
C02354,Judith,Foley,Female,12/28/2002,Cincinnati,Ohio,Freelancer,Retail,33900,2/19/2024
C02355,Virginia,Phillips,Female,3/28/2000,San Antonio,Texas,Self Employed,Retail,50400,9/24/2019
C02356,Alexandra,Jones,Female,8/16/2002,Minneapolis,Minnesota,Self Employed,Retail,35400,10/14/2019
C02357,Brooke,Gutierrez,Female,9/7/1999,San Antonio,Texas,Retired,Premium,111900,5/10/2018
C02358,Benjamin,Ross,Male,12/26/1961,Raleigh,North Carolina,Retired,Retail,79200,1/7/2021
C02359,Brandy,Young,Female,3/24/1989,Austin,Texas,Self Employed,SME,80400,7/1/2023
C02360,Mary,Lin,Female,6/9/1997,Atlanta,Georgia,Retired,Premium,97300,12/9/2021
C02361,Tracy,Morales,Female,1/22/1982,Tampa,Florida,Self Employed,Retail,25800,9/23/2018
C02362,Priscilla,Herrera,Female,10/9/1989,Atlanta,Georgia,Retired,Corporate,195600,9/16/2021
C02363,Jason,Lee,Male,12/24/1965,Cincinnati,Ohio,Business Owner,SME,44000,11/15/2019
C02364,Angel,Fernandez,Male,3/15/1982,Austin,Texas,Freelancer,SME,39700,11/9/2021
C02365,Judy,Carroll,Female,1/17/2004,Tampa,Florida,Business Owner,Retail,36800,11/2/2021
C02366,Rhonda,Thomas,Female,11/25/1976,Denver,Colorado,Business Owner,Retail,38500,7/4/2021
C02367,William,Griffin,Male,8/23/2004,Orlando,Florida,Student,Retail,67900,2/10/2023
C02368,Breanna,Jackson,Female,8/9/1975,Cincinnati,Ohio,Freelancer,Retail,28700,2/4/2026
C02369,Sarah,Mclean,Female,5/4/1987,Indianapolis,Indiana,Student,Retail,43900,10/17/2019
C02370,Joshua,Holland,Male,10/2/1997,Minneapolis,Minnesota,Self Employed,Retail,27000,12/8/2024
C02371,Paul,Vincent,Male,2/14/1981,Seattle,Washington,Self Employed,Corporate,204700,8/5/2025
C02372,Eric,Ali,Male,4/22/1988,San Antonio,Texas,Business Owner,SME,29000,8/19/2023
C02373,Dawn,Erickson,Female,11/10/1965,Raleigh,North Carolina,Business Owner,Premium,47200,2/9/2022
C02374,Erin,Evans,Female,3/18/2003,Salt Lake City,Utah,Business Owner,Retail,64400,2/28/2022
C02375,Norman,Perkins,Male,8/6/1984,Sacramento,California,Freelancer,Premium,69700,5/10/2021
C02376,Janet,Moss,Female,10/12/1987,Orlando,Florida,Student,Retail,171400,5/2/2019
C02377,Robert,Reyes,Male,1/14/1980,Tampa,Florida,Student,Retail,241100,10/23/2021
C02378,Christopher,Hansen,Male,4/28/1988,Denver,Colorado,Freelancer,Retail,26800,8/8/2018
C02379,John,Smith,Male,4/27/1991,Charlotte,North Carolina,Business Owner,Premium,41300,12/19/2022
C02380,Eric,Harrison,Male,8/14/2003,Cincinnati,Ohio,Student,Corporate,55300,3/20/2025
C02381,Teresa,Taylor,Female,10/24/1982,Phoenix,Arizona,Business Owner,Premium,129300,7/25/2021
C02382,Kerry,Ramos,Female,3/1/1960,Salt Lake City,Utah,Retired,Retail,86900,11/15/2024
C02383,Brenda,Brown,Female,12/10/1973,Salt Lake City,Utah,Student,Premium,141100,6/13/2022
C02384,Patricia,Kim,Female,11/25/1975,Salt Lake City,Utah,Business Owner,Retail,74000,1/5/2025
C02385,Paul,Colon,Male,12/24/1994,Denver,Colorado,Self Employed,Retail,92200,2/29/2024
C02386,Stephanie,Moss,Female,3/3/1988,Atlanta,Georgia,Salaried,Retail,66100,2/16/2019
C02387,Matthew,Anderson,Male,3/5/1979,Kansas City,Missouri,Self Employed,Retail,24500,5/10/2018
C02388,David,Allen,Male,11/24/1972,Kansas City,Missouri,Student,Retail,75000,2/7/2018
C02389,Nathan,Aguilar,Male,10/22/1994,Orlando,Florida,Student,Premium,89200,9/22/2023
C02390,Philip,Mccarty,Male,11/16/1979,Pittsburgh,Pennsylvania,Student,Retail,43800,2/6/2018
C02391,Kathryn,Turner,Female,7/8/1967,Sacramento,California,Salaried,Retail,27400,1/9/2020
C02392,Linda,Taylor,Female,1/17/1989,Cincinnati,Ohio,Business Owner,Retail,55500,1/28/2022
C02393,John,Griffin,Male,8/5/1998,San Antonio,Texas,Student,Premium,72000,10/19/2022
C02394,Victoria,Adams,Female,4/15/1965,Portland,Oregon,Self Employed,Retail,61900,10/10/2022
C02395,Jeffrey,Dean,Male,6/13/1997,Orlando,Florida,Salaried,Retail,134500,3/5/2022
C02396,Marc,Long,Male,4/15/1991,Raleigh,North Carolina,Self Employed,Retail,67600,3/7/2026
C02397,Madison,Alvarez,Female,11/21/1973,Atlanta,Georgia,Business Owner,SME,100800,5/21/2022
C02398,Trevor,Jackson,Male,8/14/1971,Austin,Texas,Student,Retail,34900,9/1/2022
C02399,David,Garcia,Male,5/6/2003,Tampa,Florida,Retired,Premium,57800,6/14/2022
C02400,Destiny,Willis,Female,4/14/1986,Kansas City,Missouri,Salaried,Retail,34700,6/5/2020
C02401,Brenda,Sampson,Female,9/25/1995,Austin,Texas,Freelancer,Wealth,66300,7/18/2020
C02402,Leslie,Alexander,Female,10/6/1982,Denver,Colorado,Business Owner,Corporate,134400,9/16/2024
C02403,Michelle,Grant,Female,2/2/1977,Orlando,Florida,Self Employed,SME,108000,6/10/2019
C02404,Caitlin,Lopez,Female,5/16/1970,Charlotte,North Carolina,Freelancer,Retail,37000,8/7/2018
C02405,Ashley,Garcia,Female,11/15/1981,Portland,Oregon,Business Owner,Retail,190900,7/10/2024
C02406,Angela,Watson,Female,10/20/1988,Seattle,Washington,Business Owner,Retail,20700,10/18/2023
C02407,Caroline,Williams,Female,10/18/1995,Tampa,Florida,Self Employed,Premium,37300,1/23/2019
C02408,Matthew,Smith,Male,2/6/1972,San Antonio,Texas,Freelancer,Premium,187500,8/25/2022
C02409,Jeffrey,Ortega,Male,10/10/1986,Tampa,Florida,Student,Premium,92300,12/13/2023
C02410,Aaron,Haynes,Male,1/4/2004,Indianapolis,Indiana,Student,Corporate,55600,6/27/2020
C02411,Heather,Walsh,Female,2/26/1986,Cincinnati,Ohio,Retired,SME,29000,5/31/2018
C02412,Ariel,Baker,Female,12/20/1979,Salt Lake City,Utah,Business Owner,SME,33900,10/15/2023
C02413,Alexander,Joseph,Male,4/11/1992,Columbus,Ohio,Self Employed,Premium,49100,5/28/2023
C02414,Eric,Proctor,Male,10/21/1973,Nashville,Tennessee,Freelancer,Retail,73200,11/6/2020
C02415,Evelyn,Rodriguez,Female,3/4/1986,Portland,Oregon,Self Employed,SME,64900,5/29/2024
C02416,Jason,Collins,Male,6/9/1976,Seattle,Washington,Salaried,Retail,20700,7/9/2021
C02417,Jeremy,Marshall,Male,1/20/1973,Austin,Texas,Freelancer,Retail,61700,8/1/2024
C02418,Joseph,Carter,Male,11/10/2004,San Antonio,Texas,Retired,Retail,91700,11/8/2024
C02419,Molly,Cunningham,Female,12/4/1971,Seattle,Washington,Student,Retail,167100,9/13/2023
C02420,Carly,Mitchell,Female,4/7/1964,Denver,Colorado,Freelancer,Wealth,99900,7/12/2019
C02421,Robin,Wilcox,Female,11/8/1990,Tampa,Florida,Salaried,Premium,64700,9/20/2025
C02422,Donna,Wood,Female,12/8/1993,Seattle,Washington,Salaried,SME,29000,1/21/2019
C02423,Lee,Miller,Male,11/26/1966,Kansas City,Missouri,Freelancer,Retail,37300,6/29/2025
C02424,Ashlee,Robinson,Female,12/9/1970,Minneapolis,Minnesota,Student,Retail,84100,8/12/2022
C02425,Mary,Jackson,Female,2/4/2004,Raleigh,North Carolina,Salaried,Premium,95400,11/14/2024
C02426,Derek,Martin,Male,2/10/1978,Pittsburgh,Pennsylvania,Student,Retail,27100,6/9/2018
C02427,Garrett,Walker,Male,11/5/1979,Columbus,Ohio,Retired,Retail,42400,1/4/2020
C02428,Edwin,Ramos,Male,11/27/1964,Austin,Texas,Salaried,Corporate,84000,2/10/2025
C02429,Lance,Williams,Male,8/13/1975,Indianapolis,Indiana,Self Employed,Premium,75800,5/23/2024
C02430,Dustin,Moss,Male,4/18/1974,Raleigh,North Carolina,Retired,Retail,54600,8/4/2025
C02431,Kelly,Dominguez,Female,4/26/1999,Minneapolis,Minnesota,Salaried,Corporate,45500,3/31/2022
C02432,Lee,Thomas,Male,3/17/2003,San Antonio,Texas,Self Employed,Corporate,85600,11/20/2020
C02433,Anita,Wilson,Female,6/4/1990,Cincinnati,Ohio,Freelancer,SME,102300,6/2/2018
C02434,Frank,Ellis,Male,6/26/1987,Charlotte,North Carolina,Retired,Retail,24100,9/12/2021
C02435,Emily,Johns,Female,8/9/1961,Columbus,Ohio,Retired,Retail,76500,1/19/2021
C02436,Brenda,Cook,Female,1/8/2000,Portland,Oregon,Self Employed,Premium,190500,8/14/2021
C02437,Aaron,Bray,Male,8/13/1966,Seattle,Washington,Salaried,Retail,39200,6/4/2018
C02438,Holly,Wilson,Female,6/9/1997,Pittsburgh,Pennsylvania,Freelancer,Retail,51600,3/8/2026
C02439,Monica,Fisher,Female,7/22/2001,Seattle,Washington,Student,Retail,109400,3/9/2018
C02440,Erin,Lopez,Female,2/15/2004,San Antonio,Texas,Salaried,Premium,99900,11/27/2018
C02441,Tammy,Morgan,Female,9/9/1973,Minneapolis,Minnesota,Student,Corporate,104000,3/1/2026
C02442,Megan,Hubbard,Female,11/11/1960,Columbus,Ohio,Student,Retail,73800,6/5/2025
C02443,Maria,Riley,Female,10/24/1976,Phoenix,Arizona,Retired,Premium,37300,10/20/2023
C02444,Anthony,Davis,Male,5/11/1961,Columbus,Ohio,Student,Corporate,56400,11/6/2021
C02445,Christopher,Ramos,Male,3/27/1962,Phoenix,Arizona,Business Owner,Premium,149900,12/31/2022
C02446,Sarah,Thomas,Female,1/28/1979,Tampa,Florida,Freelancer,Retail,106100,12/8/2019
C02447,Alexander,Haynes,Male,9/26/1979,Austin,Texas,Freelancer,Retail,36100,7/26/2022
C02448,Aaron,Turner,Male,11/13/1963,Kansas City,Missouri,Salaried,Retail,51600,8/2/2019
C02449,Mary,Terry,Female,10/13/1995,Sacramento,California,Business Owner,Premium,136400,11/18/2023
C02450,Timothy,Howard,Male,1/7/1990,Austin,Texas,Business Owner,Retail,46700,5/30/2021
C02451,Eric,Lopez,Male,11/20/1973,Phoenix,Arizona,Salaried,Retail,51900,1/10/2024
C02452,Natalie,Thompson,Female,3/7/2003,Denver,Colorado,Self Employed,Retail,46100,5/24/2019
C02453,Rodney,Case,Male,5/28/1979,Sacramento,California,Student,Retail,47800,9/30/2020
C02454,Karen,Hughes,Female,9/11/1988,Austin,Texas,Student,Premium,100300,12/21/2020
C02455,Emily,Duncan,Female,10/9/1983,Portland,Oregon,Self Employed,Premium,279300,1/2/2023
C02456,April,Huerta,Female,1/25/1976,Sacramento,California,Salaried,Corporate,107300,12/22/2020
C02457,Melanie,Adams,Female,8/14/1961,Atlanta,Georgia,Salaried,Retail,20700,11/8/2018
C02458,Joseph,Bradley,Male,4/21/1990,Columbus,Ohio,Retired,Corporate,45500,2/11/2021
C02459,Angela,Howe,Female,6/13/1986,Salt Lake City,Utah,Self Employed,Retail,51300,11/22/2023
C02460,Victoria,Barton,Female,11/14/2001,Columbus,Ohio,Student,Retail,42400,5/11/2018
C02461,Kylie,Johnson,Female,5/15/1962,Minneapolis,Minnesota,Salaried,Retail,104100,11/19/2018
C02462,Paul,Benson,Male,10/17/2004,Seattle,Washington,Freelancer,Premium,348200,7/27/2021
C02463,Brenda,Young,Female,12/15/1973,Charlotte,North Carolina,Student,Corporate,77500,10/8/2022
C02464,Dana,Dillon,Female,11/25/1992,Denver,Colorado,Student,Premium,94500,7/12/2025
C02465,Sarah,Garcia,Female,3/23/1995,Austin,Texas,Retired,Premium,201300,7/28/2024
C02466,Anthony,Rodriguez,Male,9/21/1961,Raleigh,North Carolina,Freelancer,Premium,71100,1/10/2020
C02467,Garrett,Ortiz,Male,8/14/1971,Pittsburgh,Pennsylvania,Retired,SME,116300,1/1/2024
C02468,Melanie,Hughes,Female,3/3/1971,San Antonio,Texas,Student,Retail,42700,5/13/2018
C02469,Jane,Galvan,Female,5/15/1991,Phoenix,Arizona,Freelancer,SME,36800,8/12/2023
C02470,Ashley,Lane,Female,5/15/1970,Columbus,Ohio,Business Owner,Retail,41100,2/27/2019
C02471,David,Castillo,Male,3/24/2003,Minneapolis,Minnesota,Retired,Retail,51500,8/25/2025
C02472,Rebekah,Edwards,Female,5/28/1986,San Antonio,Texas,Salaried,SME,69700,9/2/2023
C02473,Taylor,Mosley,Female,3/12/1960,Cincinnati,Ohio,Freelancer,Retail,52700,11/19/2019
C02474,Antonio,Walker,Male,9/20/1991,Tampa,Florida,Retired,Retail,20700,3/17/2022
C02475,Michael,Johnson,Male,9/27/1983,Columbus,Ohio,Self Employed,SME,123800,1/13/2024
C02476,Paul,Larson,Male,10/8/1966,Cincinnati,Ohio,Self Employed,Retail,90700,12/23/2023
C02477,Rose,Brock,Female,7/7/1976,Denver,Colorado,Freelancer,Retail,20700,9/18/2020
C02478,Jordan,Cooper,Female,12/4/1997,Salt Lake City,Utah,Salaried,Retail,51700,12/23/2018
C02479,Brandon,Rogers,Male,2/7/1985,Phoenix,Arizona,Salaried,Retail,32700,8/6/2021
C02480,Nathan,Ramirez,Male,4/2/1962,Orlando,Florida,Salaried,SME,50300,11/30/2024
C02481,Brian,Hawkins,Male,10/18/1983,San Antonio,Texas,Freelancer,Retail,73800,6/5/2021
C02482,Michele,Crosby,Female,2/26/1979,Columbus,Ohio,Business Owner,Premium,48300,9/18/2019
C02483,Lindsey,Erickson,Female,5/22/1986,Salt Lake City,Utah,Salaried,Retail,77300,10/16/2025
C02484,Ray,Murray,Male,7/23/2001,Austin,Texas,Freelancer,Premium,164900,5/21/2019
C02485,Maria,Brown,Female,3/14/1994,Austin,Texas,Self Employed,SME,48900,5/5/2018
C02486,William,Ruiz,Male,11/9/1972,Charlotte,North Carolina,Business Owner,Retail,134200,5/18/2024
C02487,Kayla,Maldonado,Female,11/26/1968,Orlando,Florida,Salaried,Premium,78000,11/21/2025
C02488,Shelley,Robinson,Female,3/1/1970,Cincinnati,Ohio,Retired,Retail,65700,7/14/2023
C02489,Tracie,Young,Female,4/18/1976,Atlanta,Georgia,Self Employed,Retail,20700,1/16/2026
C02490,Erik,Mcdonald,Male,11/17/1981,Salt Lake City,Utah,Business Owner,SME,143900,3/12/2024
C02491,Sarah,Torres,Female,3/9/1971,Minneapolis,Minnesota,Salaried,Retail,83500,1/19/2026
C02492,Amy,Griffin,Female,5/28/1961,Pittsburgh,Pennsylvania,Student,Retail,51400,9/18/2025
C02493,Zachary,Massey,Male,1/4/1973,Nashville,Tennessee,Retired,SME,29000,4/8/2024
C02494,Jose,Smith,Male,9/17/1993,Portland,Oregon,Salaried,Retail,88200,4/23/2020
C02495,Matthew,Leon,Male,1/14/2002,Austin,Texas,Salaried,Premium,139600,2/25/2026
C02496,Phillip,Carter,Male,7/1/1995,Cincinnati,Ohio,Retired,SME,68300,11/25/2024
C02497,Traci,Nixon,Female,9/1/1973,Minneapolis,Minnesota,Business Owner,Retail,40800,10/28/2018
C02498,Brenda,Davis,Female,5/15/1967,Pittsburgh,Pennsylvania,Salaried,SME,45400,8/2/2022
C02499,Kathryn,Norris,Female,11/2/1973,Portland,Oregon,Salaried,SME,58100,3/29/2024
C02500,Lisa,Williams,Female,9/13/1992,Nashville,Tennessee,Freelancer,SME,80100,5/30/2025
C02501,Paul,Griffin,Male,3/12/1997,Atlanta,Georgia,Freelancer,Corporate,272800,1/7/2024
C02502,Amy,Jones,Female,9/7/1967,Minneapolis,Minnesota,Student,Retail,44900,1/2/2024
C02503,Lindsay,Hobbs,Female,7/16/2003,Phoenix,Arizona,Business Owner,SME,92700,3/9/2024
C02504,Mark,Jordan,Male,5/24/1990,Orlando,Florida,Self Employed,Retail,34500,1/3/2022
C02505,Tiffany,Davis,Female,8/11/1965,Cincinnati,Ohio,Business Owner,SME,129200,1/11/2024
C02506,Amber,Perez,Female,2/22/1977,Sacramento,California,Student,Retail,20700,8/16/2021
C02507,Whitney,Washington,Female,2/26/2001,Tampa,Florida,Business Owner,Premium,90800,7/27/2021
C02508,Chelsea,Figueroa,Female,11/14/1982,Denver,Colorado,Self Employed,Retail,27500,2/7/2026
C02509,Brenda,Little,Female,10/7/1963,Minneapolis,Minnesota,Self Employed,Retail,51100,6/4/2018
C02510,Eric,Ray,Male,10/16/1980,Denver,Colorado,Business Owner,Premium,45300,6/7/2025
C02511,James,Brooks,Male,8/13/1970,Seattle,Washington,Freelancer,Retail,79400,9/5/2023
C02512,Eric,Smith,Male,1/26/1977,Salt Lake City,Utah,Student,Retail,121000,9/18/2020
C02513,Elizabeth,Wilson,Female,7/13/1993,Raleigh,North Carolina,Student,Wealth,126800,3/6/2018
C02514,David,Walker,Male,10/5/1975,Raleigh,North Carolina,Student,SME,69800,7/12/2019
C02515,James,Crawford,Male,6/24/2000,Salt Lake City,Utah,Freelancer,Retail,32600,12/14/2023
C02516,William,Campbell,Male,8/24/1986,Raleigh,North Carolina,Salaried,Premium,219800,1/3/2022
C02517,Lisa,Robles,Female,11/7/2001,Columbus,Ohio,Retired,Premium,259900,7/23/2019
C02518,Anna,Garcia,Female,7/6/1970,Denver,Colorado,Business Owner,Retail,25800,6/8/2022
C02519,Tyler,Williams,Male,9/20/1988,Minneapolis,Minnesota,Retired,Corporate,47000,8/30/2023
C02520,Charles,Miller,Male,8/12/1989,Denver,Colorado,Business Owner,Retail,20700,10/10/2024
C02521,Daniel,Watkins,Male,4/22/1981,Indianapolis,Indiana,Retired,Retail,143500,3/23/2025
C02522,John,Vaughn,Male,10/16/2002,Columbus,Ohio,Student,Retail,47000,3/18/2018
C02523,Daniel,Lee,Male,5/24/1980,Raleigh,North Carolina,Student,Premium,148100,1/9/2024
C02524,Tara,Morton,Female,8/4/2002,Portland,Oregon,Retired,Retail,41900,8/9/2018
C02525,Kimberly,Chapman,Female,12/8/1985,Portland,Oregon,Salaried,Retail,32000,7/28/2018
C02526,Kristin,Green,Female,2/11/1967,Salt Lake City,Utah,Self Employed,Premium,71200,6/9/2025
C02527,Mackenzie,Davis,Female,5/23/2002,Denver,Colorado,Student,Retail,29800,11/8/2020
C02528,Amanda,Lee,Female,6/9/1974,Tampa,Florida,Freelancer,Premium,140200,3/13/2022
C02529,Amy,Bradley,Female,10/22/1973,Sacramento,California,Retired,Retail,38100,3/14/2018
C02530,Kristen,Vasquez,Female,8/24/1982,Pittsburgh,Pennsylvania,Student,Premium,149800,7/1/2018
C02531,Autumn,Roy,Female,5/21/1993,Atlanta,Georgia,Student,Premium,142600,1/8/2018
C02532,Patricia,Atkinson,Female,8/4/1961,Phoenix,Arizona,Freelancer,Retail,42300,10/11/2025
C02533,Eric,Smith,Male,2/18/1978,Orlando,Florida,Student,Retail,39300,3/6/2021
C02534,Brian,Cook,Male,1/4/1985,Raleigh,North Carolina,Student,Retail,32600,5/25/2018
C02535,Phillip,Fowler,Male,10/26/1989,Austin,Texas,Retired,Premium,105100,7/4/2021
C02536,Sandra,Davis,Female,2/13/2003,Columbus,Ohio,Student,SME,36400,7/4/2022
C02537,Angela,Taylor,Female,4/26/1982,Orlando,Florida,Salaried,Retail,65600,6/27/2023
C02538,Emily,Powers,Female,3/5/1989,Salt Lake City,Utah,Salaried,Retail,20700,3/5/2020
C02539,Amy,Thompson,Female,2/9/1960,Seattle,Washington,Freelancer,Retail,152200,6/22/2021
C02540,Karen,Brewer,Female,7/13/1974,Seattle,Washington,Student,SME,127400,9/14/2018
C02541,Sabrina,Bell,Female,1/7/1993,Nashville,Tennessee,Business Owner,Premium,79000,4/15/2024
C02542,Joseph,Durham,Male,1/17/1984,Atlanta,Georgia,Freelancer,Retail,76100,4/13/2023
C02543,Whitney,Williams,Female,12/25/1976,Pittsburgh,Pennsylvania,Student,Corporate,56400,7/17/2024
C02544,David,Wells,Male,3/22/1965,Tampa,Florida,Student,Retail,20700,12/5/2018
C02545,Tonya,Arnold,Female,8/26/1997,Tampa,Florida,Business Owner,Premium,161700,1/21/2025
C02546,Donald,Thomas,Male,6/23/1984,Nashville,Tennessee,Salaried,Retail,26500,11/4/2023
C02547,Alejandra,Johnson,Female,9/22/2004,Tampa,Florida,Self Employed,SME,127400,9/25/2023
C02548,Neil,Callahan,Male,6/5/2003,Minneapolis,Minnesota,Student,Retail,58600,2/6/2026
C02549,Samantha,Cooper,Female,5/25/1992,San Antonio,Texas,Student,Retail,73300,7/10/2025
C02550,Brian,Robles,Male,1/3/1970,Atlanta,Georgia,Salaried,Retail,52200,4/1/2019
C02551,Virginia,Wyatt,Female,3/18/1988,Indianapolis,Indiana,Business Owner,Retail,44700,4/4/2023
C02552,Phillip,Schwartz,Male,12/19/1962,Portland,Oregon,Student,Retail,40800,3/26/2022
C02553,Jeffrey,Kramer,Male,6/1/1998,Atlanta,Georgia,Salaried,Retail,81200,8/6/2023
C02554,Garrett,Lara,Male,5/18/1962,Atlanta,Georgia,Retired,Retail,52700,5/17/2022
C02555,Kimberly,Ramirez,Female,1/8/1974,Pittsburgh,Pennsylvania,Business Owner,SME,92700,11/23/2024
C02556,Joel,Hall,Male,5/4/1989,San Antonio,Texas,Student,Premium,175800,10/21/2020
C02557,Cynthia,Huff,Female,10/24/1962,Pittsburgh,Pennsylvania,Freelancer,Premium,90400,4/14/2019
C02558,Tyler,Price,Male,11/2/1988,Seattle,Washington,Retired,Retail,54100,5/22/2022
C02559,Gregory,Lucas,Male,8/9/1960,Sacramento,California,Business Owner,Retail,29500,12/5/2019
C02560,Suzanne,Duran,Female,3/6/1960,Austin,Texas,Business Owner,Retail,131800,2/5/2021
C02561,Christian,Cain,Male,3/28/1960,Charlotte,North Carolina,Retired,SME,80500,5/5/2021
C02562,Anthony,Shea,Male,10/21/2003,Cincinnati,Ohio,Student,Retail,43500,6/29/2021
C02563,Gregory,Hancock,Male,7/19/1976,Columbus,Ohio,Business Owner,Retail,66900,7/12/2018
C02564,Brittany,Yu,Female,9/8/1969,Denver,Colorado,Retired,Retail,56600,6/26/2024
C02565,Kenneth,Price,Male,6/26/1974,Minneapolis,Minnesota,Student,Corporate,124700,11/4/2025
C02566,Martin,Gomez,Male,1/12/1972,Minneapolis,Minnesota,Self Employed,Retail,48500,11/4/2020
C02567,Ann,Hart,Female,6/3/1960,Austin,Texas,Self Employed,Wealth,62100,9/6/2020
C02568,Jasmine,Espinoza,Female,9/9/1984,Sacramento,California,Freelancer,Retail,64000,11/20/2022
C02569,Michael,Riddle,Male,7/9/1960,Salt Lake City,Utah,Freelancer,Retail,85400,4/20/2023
C02570,Tracy,Ross,Female,4/8/1962,Orlando,Florida,Student,Retail,58000,12/17/2020
C02571,Steven,Lane,Male,1/10/1967,Columbus,Ohio,Retired,Retail,66900,1/15/2019
C02572,Jennifer,Ortega,Female,1/28/1984,Raleigh,North Carolina,Retired,Retail,34600,1/20/2026
C02573,Amy,Mora,Female,7/27/1990,Phoenix,Arizona,Business Owner,Retail,24800,1/16/2023
C02574,Ronald,Cooper,Male,11/24/1978,Raleigh,North Carolina,Self Employed,Retail,42700,5/6/2022
C02575,Erin,Smith,Female,5/17/1973,Pittsburgh,Pennsylvania,Freelancer,Retail,90900,4/7/2022
C02576,Michael,Knapp,Male,12/14/1982,Charlotte,North Carolina,Freelancer,Retail,40600,1/19/2026
C02577,Crystal,Allen,Female,4/17/1964,San Antonio,Texas,Student,Retail,42100,2/12/2023
C02578,Adrian,Moody,Male,6/15/1998,Sacramento,California,Student,Retail,71300,7/1/2020
C02579,Ray,Williams,Male,10/6/1989,Portland,Oregon,Self Employed,SME,33800,3/18/2024
C02580,Christine,Thompson,Female,3/6/1986,Seattle,Washington,Self Employed,Premium,37300,11/3/2019
C02581,Nicole,Harris,Female,11/25/1972,Orlando,Florida,Business Owner,Retail,71900,4/2/2022
C02582,Matthew,Watson,Male,12/1/1985,Minneapolis,Minnesota,Student,SME,141400,11/11/2024
C02583,Diana,Foster,Female,3/7/2001,Raleigh,North Carolina,Salaried,Retail,53900,7/14/2019
C02584,Kelly,Edwards,Female,4/16/1981,Charlotte,North Carolina,Business Owner,Premium,145600,12/18/2023
C02585,Kurt,Cole,Male,4/4/1981,Portland,Oregon,Business Owner,Retail,68700,11/14/2019
C02586,Amanda,Porter,Female,5/5/1982,Raleigh,North Carolina,Business Owner,Retail,40800,5/3/2018
C02587,Jacob,Simmons,Male,7/18/1995,Portland,Oregon,Self Employed,Retail,132100,2/5/2026
C02588,Kim,Taylor,Female,3/4/1968,Pittsburgh,Pennsylvania,Retired,Retail,23500,7/2/2022
C02589,Julie,Sawyer,Female,10/25/1973,San Antonio,Texas,Self Employed,Premium,121000,11/5/2025
C02590,Susan,Choi,Female,3/26/1976,Denver,Colorado,Freelancer,Retail,40800,6/23/2024
C02591,Brian,Hill,Male,5/4/1979,Austin,Texas,Student,Retail,20700,1/19/2018
C02592,Sean,Austin,Male,2/23/1980,Minneapolis,Minnesota,Salaried,Retail,52800,8/26/2019
C02593,Dana,Nguyen,Female,1/3/2001,Indianapolis,Indiana,Business Owner,Premium,90200,12/11/2023
C02594,Mercedes,Mckenzie,Female,3/22/1999,Portland,Oregon,Freelancer,SME,49100,3/15/2018
C02595,Paul,Anderson,Male,3/13/1982,Tampa,Florida,Freelancer,Premium,100200,6/20/2022
C02596,Ann,Turner,Female,9/25/1990,Salt Lake City,Utah,Self Employed,Retail,73000,9/1/2020
C02597,James,Ortiz,Male,7/18/1973,Kansas City,Missouri,Self Employed,Premium,54200,7/6/2019
C02598,Anita,Alvarez,Female,2/9/1991,Austin,Texas,Salaried,Corporate,118800,1/27/2019
C02599,James,Williams,Male,12/4/1962,Raleigh,North Carolina,Retired,Premium,76200,6/13/2019
C02600,James,Henry,Male,10/5/1964,Raleigh,North Carolina,Self Employed,Retail,75100,7/18/2020
C02601,Carla,Taylor,Female,8/27/1996,Atlanta,Georgia,Retired,Retail,27400,10/24/2019
C02602,Nathaniel,Collins,Male,6/18/1966,Pittsburgh,Pennsylvania,Student,Wealth,186000,5/14/2020
C02603,Ashley,Peterson,Female,8/3/2001,Seattle,Washington,Freelancer,Retail,76500,3/30/2019
C02604,James,Peterson,Male,5/18/1971,Phoenix,Arizona,Business Owner,SME,149100,9/28/2024
C02605,Joanne,Rodriguez,Female,9/8/1993,Denver,Colorado,Self Employed,Premium,38100,3/30/2025
C02606,Toni,Lee,Female,8/6/1989,San Antonio,Texas,Business Owner,SME,53700,12/25/2024
C02607,Tiffany,Ross,Female,8/6/1993,Sacramento,California,Freelancer,Premium,157600,6/13/2021
C02608,Justin,Moreno,Male,11/21/1993,Orlando,Florida,Business Owner,Retail,32000,4/13/2023
C02609,Rhonda,Johnson,Female,1/21/1986,Pittsburgh,Pennsylvania,Freelancer,Retail,28000,12/22/2021
C02610,Eric,Lynn,Male,8/14/1974,Portland,Oregon,Business Owner,Retail,92800,12/7/2020
C02611,Monica,Moss,Female,1/8/1969,Seattle,Washington,Freelancer,Retail,56200,8/29/2018
C02612,Heather,Richardson,Female,6/5/2003,Tampa,Florida,Salaried,Retail,68100,11/25/2020
C02613,Nicholas,Gillespie,Male,7/19/1981,Portland,Oregon,Self Employed,Wealth,87400,9/13/2021
C02614,Elizabeth,Rhodes,Female,12/9/1993,Seattle,Washington,Retired,Retail,40900,9/6/2022
C02615,Daniel,Reyes,Male,8/26/2004,San Antonio,Texas,Student,Retail,28400,11/1/2019
C02616,Javier,Hobbs,Male,12/25/1989,Phoenix,Arizona,Retired,Retail,42800,6/5/2018
C02617,Jesus,Randall,Male,5/27/1987,Salt Lake City,Utah,Freelancer,Retail,41300,11/30/2025
C02618,Thomas,Cohen,Male,5/22/1980,Columbus,Ohio,Student,SME,94500,12/11/2024
C02619,Christian,Mccarty,Male,3/24/1998,Portland,Oregon,Retired,Premium,44100,3/15/2020
C02620,Frank,Vasquez,Male,11/19/1974,Phoenix,Arizona,Freelancer,Retail,26100,11/21/2021
C02621,Robert,Mccormick,Male,8/18/1992,Indianapolis,Indiana,Self Employed,Premium,75400,10/5/2020
C02622,Aaron,Johnson,Male,4/9/1990,Minneapolis,Minnesota,Self Employed,Retail,108000,9/30/2022
C02623,Brianna,Jones,Female,3/5/1966,Phoenix,Arizona,Self Employed,Retail,49300,1/5/2026
C02624,Megan,Ferguson,Female,1/8/1970,Sacramento,California,Salaried,Retail,45700,4/27/2018
C02625,Daniel,Shea,Male,6/12/1965,Portland,Oregon,Freelancer,Retail,77400,9/15/2025
C02626,Kevin,Vaughn,Male,7/10/1981,Phoenix,Arizona,Self Employed,Retail,56500,8/6/2021
C02627,Patrick,Hill,Male,1/16/1992,Orlando,Florida,Freelancer,Corporate,221500,9/21/2025
C02628,Erica,Lopez,Female,5/25/1999,Phoenix,Arizona,Business Owner,Wealth,366400,1/6/2022
C02629,Tina,Walls,Female,7/14/1967,Portland,Oregon,Student,Corporate,59300,10/4/2020
C02630,Robert,Foster,Male,2/24/1987,Minneapolis,Minnesota,Business Owner,Retail,71900,6/23/2019
C02631,Dorothy,Lopez,Female,8/14/1960,Minneapolis,Minnesota,Retired,SME,55500,1/8/2022
C02632,Bryan,Williams,Male,8/15/1998,San Antonio,Texas,Retired,SME,39800,6/22/2018
C02633,Charles,Dennis,Male,2/2/1962,Pittsburgh,Pennsylvania,Freelancer,Retail,22200,6/5/2020
C02634,Christopher,Waller,Male,8/27/1969,Seattle,Washington,Business Owner,Retail,50900,5/20/2022
C02635,Martha,Anderson,Female,4/18/1984,Tampa,Florida,Salaried,Retail,42600,12/1/2023
C02636,Alison,Smith,Female,10/2/1986,Raleigh,North Carolina,Retired,Wealth,217700,1/6/2024
C02637,Kevin,Kent,Male,8/6/1984,Indianapolis,Indiana,Freelancer,Retail,64700,7/2/2025
C02638,Justin,Austin,Male,3/21/1988,Phoenix,Arizona,Freelancer,Retail,31800,2/15/2026
C02639,Lauren,Peterson,Female,4/2/1994,Minneapolis,Minnesota,Salaried,Corporate,117400,3/12/2025
C02640,Alicia,Bradford,Female,5/20/1982,Nashville,Tennessee,Business Owner,Retail,23600,4/30/2024
C02641,Pamela,Howard,Female,7/17/1987,Salt Lake City,Utah,Student,Retail,45000,2/18/2019
C02642,Bryan,Stanley,Male,5/12/1987,Denver,Colorado,Business Owner,Retail,35600,10/16/2020
C02643,Karen,Graham,Female,1/21/1992,Denver,Colorado,Self Employed,Premium,38700,9/10/2020
C02644,Catherine,Soto,Female,8/26/1990,Portland,Oregon,Salaried,Retail,61200,8/21/2024
C02645,Brian,Hernandez,Male,2/12/1986,Indianapolis,Indiana,Business Owner,Retail,49800,6/15/2025
C02646,Jeremy,Long,Male,6/27/1968,Salt Lake City,Utah,Retired,Retail,31100,1/27/2026
C02647,Lori,Todd,Female,10/19/2002,Salt Lake City,Utah,Self Employed,SME,150600,11/2/2023
C02648,Carlos,Jenkins,Male,3/10/1990,Charlotte,North Carolina,Retired,Retail,45900,6/19/2020
C02649,Jason,Anderson,Male,1/19/1961,Salt Lake City,Utah,Salaried,Retail,37300,7/8/2023
C02650,Catherine,Brown,Female,8/19/1966,Nashville,Tennessee,Self Employed,Premium,111600,9/29/2023
C02651,Stephanie,Montes,Female,12/7/1991,Seattle,Washington,Self Employed,Retail,56400,1/27/2023
C02652,Gregory,Allen,Male,7/2/2000,Columbus,Ohio,Self Employed,Retail,25200,1/12/2022
C02653,Mark,Nelson,Male,6/17/2002,Denver,Colorado,Retired,Premium,51100,2/19/2018
C02654,Juan,French,Male,7/13/1964,Columbus,Ohio,Retired,Retail,137500,6/5/2019
C02655,Brandi,Bolton,Female,9/10/1993,Portland,Oregon,Self Employed,Corporate,108100,9/2/2022
C02656,Victoria,Meadows,Female,3/16/1980,Denver,Colorado,Business Owner,Retail,35100,9/29/2019
C02657,Wendy,Jackson,Female,3/26/1969,Minneapolis,Minnesota,Self Employed,Wealth,189300,2/14/2026
C02658,Todd,Harrison,Male,8/8/1975,Denver,Colorado,Freelancer,Retail,41800,9/17/2019
C02659,George,Sweeney,Male,7/21/2003,Austin,Texas,Freelancer,Premium,56400,6/8/2024
C02660,Gregory,Garcia,Male,7/3/1960,San Antonio,Texas,Salaried,Retail,41700,7/4/2024
C02661,Caroline,Rogers,Female,12/11/1968,Seattle,Washington,Freelancer,SME,50900,6/15/2023
C02662,Sean,Dillon,Male,9/22/1995,San Antonio,Texas,Retired,Corporate,84100,3/1/2019
C02663,Jonathan,Johnson,Male,11/4/1995,Tampa,Florida,Business Owner,Retail,96800,2/18/2025
C02664,Matthew,Forbes,Male,10/22/1988,Tampa,Florida,Retired,Retail,42300,1/30/2021
C02665,Fred,Porter,Male,8/4/1984,Salt Lake City,Utah,Self Employed,Retail,88500,3/5/2019
C02666,Wanda,Osborne,Female,7/9/1982,Nashville,Tennessee,Salaried,Retail,45200,2/7/2023
C02667,Deborah,Cox,Female,4/7/1961,Nashville,Tennessee,Salaried,SME,124900,10/11/2024
C02668,Jennifer,Gray,Female,10/4/1975,Orlando,Florida,Salaried,Premium,103100,1/18/2018
C02669,Jonathan,Newman,Male,4/6/1961,Austin,Texas,Business Owner,Retail,79700,6/26/2023
C02670,Taylor,Wood,Male,2/22/1975,Austin,Texas,Self Employed,SME,93500,8/12/2021
C02671,Amy,Burns,Female,1/13/1985,Orlando,Florida,Student,SME,38000,9/21/2024
C02672,Melissa,Long,Female,7/25/1995,Phoenix,Arizona,Retired,Premium,108000,10/12/2018
C02673,Gregory,Morales,Male,11/8/1960,Sacramento,California,Student,Retail,105700,6/15/2023
C02674,Jill,Watts,Female,8/11/2001,Orlando,Florida,Retired,Premium,73200,2/27/2019
C02675,Kenneth,Benson,Male,8/4/1964,Tampa,Florida,Self Employed,Premium,392500,1/16/2019
C02676,Tasha,Good,Female,5/3/1978,Nashville,Tennessee,Business Owner,SME,110500,7/20/2020
C02677,Angela,Anderson,Female,11/22/1974,Orlando,Florida,Self Employed,Retail,90200,7/26/2020
C02678,John,Mccoy,Male,8/25/1966,Pittsburgh,Pennsylvania,Salaried,Premium,275300,6/28/2021
C02679,Deborah,Brooks,Female,10/19/2004,Seattle,Washington,Freelancer,Retail,32800,2/13/2023
C02680,Brandon,Johnston,Male,8/7/1966,Orlando,Florida,Self Employed,Wealth,189600,4/13/2024
C02681,Cheryl,Vincent,Female,7/28/1993,Raleigh,North Carolina,Retired,Retail,128400,1/31/2023
C02682,Carol,Horton,Female,12/3/1976,Denver,Colorado,Retired,Wealth,277000,5/19/2022
C02683,Brittany,Olson,Female,7/1/1962,Sacramento,California,Student,Retail,54100,10/24/2024
C02684,Timothy,Flores,Male,12/4/1967,Atlanta,Georgia,Business Owner,Retail,39600,12/13/2020
C02685,Monica,Kennedy,Female,7/7/1979,Austin,Texas,Freelancer,SME,77300,1/17/2025
C02686,Kylie,Powers,Female,8/1/1983,Columbus,Ohio,Freelancer,SME,29000,2/10/2019
C02687,Andrea,Wright,Female,7/24/1985,Kansas City,Missouri,Salaried,Premium,56300,12/19/2024
C02688,Alex,Duncan,Male,1/1/1984,Indianapolis,Indiana,Business Owner,Retail,125700,10/4/2022
C02689,Alexander,Oliver,Male,2/28/1986,Denver,Colorado,Self Employed,Premium,61900,12/26/2018
C02690,Elizabeth,Reyes,Female,1/22/1960,Orlando,Florida,Freelancer,Corporate,115700,3/18/2022
C02691,William,Spencer,Male,1/25/1999,Pittsburgh,Pennsylvania,Salaried,Premium,89300,12/16/2020
C02692,Amy,Baker,Female,2/16/1993,Nashville,Tennessee,Business Owner,Premium,200700,7/22/2021
C02693,Christopher,Moss,Male,10/5/1964,San Antonio,Texas,Salaried,Retail,73300,11/26/2023
C02694,Johnny,Kennedy,Male,2/16/1978,Austin,Texas,Self Employed,Retail,72200,2/16/2020
C02695,Kevin,Gibson,Male,2/23/1976,San Antonio,Texas,Student,Premium,109200,3/10/2023
C02696,Robert,Reyes,Male,1/27/1977,San Antonio,Texas,Freelancer,Retail,27600,1/6/2020
C02697,Ronald,Shaffer,Male,9/5/1968,Columbus,Ohio,Student,SME,88200,10/3/2024
C02698,James,Frederick,Male,10/9/1989,Orlando,Florida,Business Owner,Premium,108900,1/28/2020
C02699,Julie,Thompson,Female,5/9/1986,Seattle,Washington,Retired,Retail,55100,4/8/2019
C02700,Ralph,Harris,Male,5/26/1964,Tampa,Florida,Business Owner,Wealth,96400,4/20/2024
C02701,Leah,Williams,Female,2/27/1990,Portland,Oregon,Freelancer,Retail,81400,11/15/2019
C02702,James,Lucas,Male,8/20/1993,Portland,Oregon,Freelancer,Retail,130500,3/8/2026
C02703,James,Torres,Male,4/15/1984,Nashville,Tennessee,Self Employed,Retail,24600,8/21/2019
C02704,Melissa,Hopkins,Female,9/10/1980,Cincinnati,Ohio,Student,Retail,71400,7/20/2020
C02705,Judith,Barber,Female,4/20/1996,Sacramento,California,Freelancer,SME,54600,1/24/2023
C02706,Misty,Rodriguez,Female,2/3/2003,Nashville,Tennessee,Self Employed,Retail,113600,12/25/2021
C02707,Joseph,Shaw,Male,8/28/2001,Austin,Texas,Self Employed,Retail,28200,5/1/2020
C02708,Matthew,Stewart,Male,9/2/1960,Minneapolis,Minnesota,Retired,Retail,55600,3/26/2023
C02709,John,Carter,Male,2/2/1970,Orlando,Florida,Freelancer,SME,102200,12/13/2022
C02710,Matthew,Wise,Male,6/25/1987,Orlando,Florida,Salaried,SME,74900,9/20/2018
C02711,Mikayla,Gaines,Female,1/18/1988,Seattle,Washington,Freelancer,Retail,53800,1/13/2026
C02712,William,Washington,Male,10/23/1991,Indianapolis,Indiana,Retired,Retail,136600,3/15/2026
C02713,Cameron,Morgan,Male,6/3/1982,Columbus,Ohio,Self Employed,Premium,54300,10/25/2022
C02714,Steven,Williams,Male,12/2/1973,Indianapolis,Indiana,Salaried,Retail,32300,11/29/2025
C02715,Aaron,Wright,Male,5/22/2002,Cincinnati,Ohio,Retired,Retail,77100,4/15/2019
C02716,Kimberly,Davis,Female,3/28/1996,San Antonio,Texas,Student,Wealth,509600,11/12/2024
C02717,Sean,Patel,Male,8/24/1995,Austin,Texas,Salaried,Premium,43200,5/15/2022
C02718,Ronald,Smith,Male,7/9/1987,Tampa,Florida,Salaried,Premium,37300,9/10/2021
C02719,Jessica,Kennedy,Female,7/10/1991,Tampa,Florida,Retired,Retail,41800,6/5/2024
C02720,Christopher,Walsh,Male,12/24/1966,San Antonio,Texas,Self Employed,Corporate,153100,5/30/2025
C02721,Michael,Hughes,Male,6/17/1963,Kansas City,Missouri,Business Owner,SME,41800,1/15/2021
C02722,Kristen,Vasquez,Female,12/10/2004,Salt Lake City,Utah,Salaried,Retail,20700,3/13/2019
C02723,Erika,Williams,Female,6/25/1967,Denver,Colorado,Student,Retail,36400,11/24/2025
C02724,Amber,Ruiz,Female,9/6/1995,Kansas City,Missouri,Business Owner,Retail,30500,12/26/2023
C02725,Donald,Garcia,Male,12/25/1960,Charlotte,North Carolina,Self Employed,Premium,41600,10/31/2024
C02726,John,Lee,Male,12/11/1983,Orlando,Florida,Salaried,Wealth,321800,8/28/2021
C02727,Michael,Jones,Male,7/15/1996,Raleigh,North Carolina,Freelancer,Retail,50400,2/11/2020
C02728,Traci,Simmons,Female,9/8/1997,Sacramento,California,Business Owner,Retail,38700,8/24/2021
C02729,Amanda,Mack,Female,7/1/1965,Tampa,Florida,Salaried,Retail,20700,2/1/2018
C02730,Nathan,Kelley,Male,5/15/1972,Charlotte,North Carolina,Salaried,Retail,66600,9/14/2025
C02731,Mary,Burton,Female,7/4/1977,Portland,Oregon,Retired,Corporate,266400,8/31/2024
C02732,Christopher,Price,Male,2/21/1989,Atlanta,Georgia,Retired,SME,54500,8/4/2025
C02733,Patricia,Aguirre,Female,9/22/1994,Portland,Oregon,Retired,Retail,96200,4/24/2025
C02734,Matthew,Burns,Male,5/25/1994,Tampa,Florida,Freelancer,Retail,57200,1/17/2018
C02735,Pamela,Thomas,Female,8/19/1975,Portland,Oregon,Business Owner,Retail,62200,3/10/2023
C02736,Ashley,Kennedy,Female,5/4/1979,Nashville,Tennessee,Self Employed,SME,34600,4/29/2022
C02737,Alexa,Johnson,Female,11/8/1978,Columbus,Ohio,Salaried,Retail,47400,11/27/2020
C02738,Manuel,Delgado,Male,10/21/1981,Orlando,Florida,Student,SME,35200,10/18/2024
C02739,Michele,Williams,Female,6/17/1987,Pittsburgh,Pennsylvania,Student,SME,58800,6/20/2025
C02740,Daniel,Berger,Male,7/16/1964,Kansas City,Missouri,Student,Retail,42100,4/25/2025
C02741,Keith,Wilson,Male,8/15/2003,Tampa,Florida,Student,Wealth,179100,9/12/2023
C02742,Katherine,White,Female,7/19/1973,Kansas City,Missouri,Salaried,Retail,20700,8/25/2020
C02743,Anthony,Rivera,Male,10/19/1986,Cincinnati,Ohio,Self Employed,Premium,41800,12/23/2018
C02744,David,Johnston,Male,7/11/2003,Atlanta,Georgia,Business Owner,Retail,48100,12/27/2024
C02745,Colleen,Fox,Female,5/20/1969,Sacramento,California,Retired,Premium,57600,9/12/2021
C02746,Austin,Thomas,Male,4/23/1997,Salt Lake City,Utah,Salaried,Retail,33800,8/11/2022
C02747,Gail,Soto,Female,5/3/1990,Tampa,Florida,Student,Retail,93600,5/24/2022
C02748,Robin,Anderson,Female,2/18/1970,Tampa,Florida,Freelancer,Premium,249000,3/19/2026
C02749,Daniel,Mack,Male,6/1/1986,Minneapolis,Minnesota,Freelancer,Retail,20700,12/18/2025
C02750,Gail,Velez,Female,7/10/1983,Minneapolis,Minnesota,Business Owner,Retail,55300,2/23/2022
C02751,Michael,Shah,Male,10/11/1981,Columbus,Ohio,Self Employed,Retail,50600,3/31/2025
C02752,Kevin,Terrell,Male,7/28/1991,Atlanta,Georgia,Salaried,Wealth,182900,10/30/2023
C02753,Christine,Marsh,Female,12/27/2004,Indianapolis,Indiana,Retired,Retail,63500,3/13/2018
C02754,Anna,Perry,Female,3/5/2003,Indianapolis,Indiana,Salaried,Retail,20700,2/19/2023
C02755,Joseph,James,Male,7/21/1962,Seattle,Washington,Self Employed,SME,46200,6/8/2018
C02756,Melissa,Fernandez,Female,10/28/1973,Salt Lake City,Utah,Self Employed,Retail,42200,4/15/2019
C02757,Christopher,Lee,Male,12/3/1971,Austin,Texas,Freelancer,Premium,62700,9/8/2024
C02758,Luke,Simmons,Male,7/26/1996,Indianapolis,Indiana,Student,Premium,78200,6/22/2018
C02759,Kathryn,Taylor,Female,3/5/1995,Salt Lake City,Utah,Salaried,Retail,65900,7/16/2021
C02760,Rick,Jackson,Male,9/11/1999,Phoenix,Arizona,Salaried,Retail,72400,6/28/2022
C02761,Jesse,Hansen,Male,3/23/1969,Cincinnati,Ohio,Student,Premium,314700,6/21/2024
C02762,Stephanie,Clark,Female,5/9/1963,Kansas City,Missouri,Student,Retail,43600,7/31/2022
C02763,Tiffany,Cooper,Female,7/27/1996,Minneapolis,Minnesota,Self Employed,Premium,41500,10/16/2025
C02764,Madeline,Robinson,Female,3/12/1981,Nashville,Tennessee,Retired,Retail,46800,1/6/2024
C02765,Angela,Mcfarland,Female,8/1/1960,Nashville,Tennessee,Student,SME,92200,8/5/2018
C02766,John,Hardy,Male,3/20/1965,San Antonio,Texas,Retired,Retail,31700,7/13/2019
C02767,Catherine,Dunn,Female,7/22/1969,Charlotte,North Carolina,Salaried,Premium,204200,1/6/2018
C02768,William,Thornton,Male,8/3/1972,Columbus,Ohio,Self Employed,Premium,62900,11/1/2018
C02769,Tracy,Duncan,Female,5/16/1984,Austin,Texas,Retired,Wealth,171300,11/16/2023
C02770,Monica,Newman,Female,3/25/1967,Cincinnati,Ohio,Freelancer,Corporate,67500,9/9/2025
C02771,Nichole,Farrell,Female,7/26/1965,Nashville,Tennessee,Retired,Retail,55100,3/22/2018
C02772,Caroline,Ramirez,Female,1/23/1988,Charlotte,North Carolina,Self Employed,Retail,72400,6/11/2018
C02773,Diane,Flores,Female,11/4/1989,Portland,Oregon,Freelancer,Premium,53400,12/19/2022
C02774,Tracey,Khan,Female,8/23/1984,Seattle,Washington,Salaried,Retail,98600,1/11/2019
C02775,Anthony,French,Male,1/2/1996,Salt Lake City,Utah,Business Owner,Premium,99400,7/16/2018
C02776,Robert,Crawford,Male,11/10/1982,Atlanta,Georgia,Salaried,Premium,137000,2/18/2018
C02777,Emma,Moon,Female,8/12/1999,Indianapolis,Indiana,Freelancer,SME,119900,7/31/2020
C02778,Wendy,Hardy,Female,6/20/1987,Seattle,Washington,Freelancer,SME,29000,8/9/2025
C02779,Joshua,Price,Male,11/21/1976,Seattle,Washington,Student,Retail,36000,4/9/2021
C02780,Traci,Ramirez,Female,6/3/2003,Salt Lake City,Utah,Student,SME,272000,12/26/2023
C02781,Jamie,Lambert,Female,7/25/2003,Tampa,Florida,Business Owner,SME,113800,9/18/2024
C02782,Frank,Ramirez,Male,9/10/1983,Salt Lake City,Utah,Retired,Premium,74300,8/27/2018
C02783,Martha,Miller,Female,9/13/1981,Cincinnati,Ohio,Business Owner,Retail,100300,4/20/2018
C02784,Tony,Tanner,Male,10/18/1999,Pittsburgh,Pennsylvania,Student,Retail,31500,8/18/2024
C02785,Elizabeth,Lloyd,Female,2/3/1966,Tampa,Florida,Student,Premium,61800,8/6/2025
C02786,Brian,Flores,Male,10/18/1992,San Antonio,Texas,Self Employed,Premium,155700,1/2/2022
C02787,Stephen,Guerra,Male,2/17/1986,Pittsburgh,Pennsylvania,Salaried,Premium,119100,10/2/2019
C02788,Gina,Sharp,Female,7/9/2002,Atlanta,Georgia,Retired,Retail,60700,11/3/2019
C02789,Katie,Ross,Female,8/26/1993,Pittsburgh,Pennsylvania,Freelancer,Retail,20700,11/12/2020
C02790,Hannah,Kelley,Female,5/15/1994,Seattle,Washington,Freelancer,Retail,32900,4/28/2023
C02791,Tracy,Carrillo,Female,5/14/1965,Indianapolis,Indiana,Self Employed,Retail,32400,12/20/2024
C02792,Nicole,Ingram,Female,8/28/1987,Indianapolis,Indiana,Retired,SME,30600,1/29/2024
C02793,Daniel,Collins,Male,8/11/1989,Charlotte,North Carolina,Self Employed,Retail,41000,2/11/2021
C02794,Christopher,Hill,Male,10/5/1967,Minneapolis,Minnesota,Freelancer,Premium,117500,9/6/2021
C02795,Christopher,Brown,Male,3/23/1987,Seattle,Washington,Business Owner,Retail,60000,3/24/2022
C02796,David,Reed,Male,10/1/1993,Orlando,Florida,Student,Retail,57600,1/23/2026
C02797,Kevin,Torres,Male,2/3/1986,Raleigh,North Carolina,Salaried,Wealth,98900,3/22/2023
C02798,Brittany,Lopez,Female,7/11/2002,Minneapolis,Minnesota,Salaried,Premium,104300,6/22/2019
C02799,Aaron,Powers,Male,11/10/1988,Atlanta,Georgia,Retired,Retail,143900,8/23/2022
C02800,Robert,Jones,Male,5/15/1978,Indianapolis,Indiana,Freelancer,SME,60000,11/10/2018
C02801,Erik,Hubbard,Male,12/1/1994,Cincinnati,Ohio,Student,Retail,106700,9/1/2022
C02802,Daniel,Waller,Male,12/10/1980,Denver,Colorado,Business Owner,Retail,84800,11/9/2022
C02803,Joseph,Jackson,Male,2/17/1978,Columbus,Ohio,Freelancer,SME,87600,11/14/2023
C02804,Erica,Hansen,Female,7/19/1984,Kansas City,Missouri,Self Employed,Retail,60600,1/8/2024
C02805,Wesley,Wood,Male,12/27/1970,Charlotte,North Carolina,Retired,Retail,42900,1/23/2024
C02806,John,Johns,Male,2/26/1989,Kansas City,Missouri,Student,Corporate,173000,4/13/2022
C02807,Todd,Sanchez,Male,5/5/1987,Charlotte,North Carolina,Student,Corporate,117600,8/13/2019
C02808,Crystal,Martin,Female,12/13/1989,Charlotte,North Carolina,Retired,Wealth,195300,7/16/2020
C02809,Michele,French,Female,2/24/1988,Nashville,Tennessee,Freelancer,Retail,26600,2/6/2025
C02810,Lisa,Holland,Female,12/12/2000,Raleigh,North Carolina,Student,Retail,39300,3/24/2025
C02811,Paul,Mitchell,Male,5/11/1963,Salt Lake City,Utah,Self Employed,Retail,56100,3/9/2023
C02812,George,Johnson,Male,11/27/2000,Orlando,Florida,Business Owner,Retail,66000,12/14/2025
C02813,Larry,Williamson,Male,1/25/1976,Indianapolis,Indiana,Retired,Premium,55600,1/17/2023
C02814,Katie,Fowler,Female,1/10/2001,Sacramento,California,Freelancer,Retail,110300,3/15/2021
C02815,Brandy,Foley,Female,8/8/2001,Austin,Texas,Freelancer,Retail,34900,7/11/2025
C02816,Amy,Gonzalez,Female,12/8/1991,San Antonio,Texas,Retired,Retail,86500,10/2/2024
C02817,Steven,Hurley,Male,9/15/1982,Columbus,Ohio,Self Employed,SME,67100,8/6/2025
C02818,Anna,Lyons,Female,6/19/1976,Seattle,Washington,Salaried,SME,89900,6/23/2023
C02819,Alexander,Munoz,Male,11/18/1961,San Antonio,Texas,Self Employed,Premium,67600,6/16/2024
C02820,Michael,Andrews,Male,12/4/1961,Charlotte,North Carolina,Retired,Retail,117700,7/5/2020
C02821,Jacob,Galvan,Male,7/18/1982,Orlando,Florida,Retired,Premium,37300,7/22/2025
C02822,Christine,Benson,Female,6/27/1967,Minneapolis,Minnesota,Student,Retail,39600,3/28/2018
C02823,Jennifer,Reese,Female,11/15/2000,Atlanta,Georgia,Retired,Retail,51900,11/3/2022
C02824,Elizabeth,Perry,Female,8/23/1983,Seattle,Washington,Retired,SME,89200,5/23/2024
C02825,Joshua,Hall,Male,1/11/1983,Raleigh,North Carolina,Student,Retail,79800,4/15/2019
C02826,Caitlin,Shah,Female,6/27/1992,Phoenix,Arizona,Self Employed,Retail,30300,6/7/2025
C02827,Aaron,Wilson,Male,1/15/1969,Raleigh,North Carolina,Student,SME,147500,4/16/2025
C02828,Christina,White,Female,2/20/1966,Columbus,Ohio,Business Owner,Premium,59900,12/20/2025
C02829,Ashley,Terry,Female,3/2/1980,Phoenix,Arizona,Student,SME,29000,4/9/2020
C02830,Andrew,Johnson,Male,12/25/1992,Minneapolis,Minnesota,Self Employed,Retail,41700,2/11/2026
C02831,Richard,Nguyen,Male,12/10/1970,Denver,Colorado,Student,SME,33000,8/14/2020
C02832,Jeffery,Boyd,Male,1/19/2001,Phoenix,Arizona,Business Owner,Retail,20700,1/21/2026
C02833,Sandra,Scott,Female,8/19/1982,Indianapolis,Indiana,Salaried,Retail,63400,7/13/2019
C02834,Rachel,Wright,Female,6/10/1969,Orlando,Florida,Student,Retail,118100,10/9/2018
C02835,Carol,Turner,Female,10/25/1973,Cincinnati,Ohio,Salaried,Premium,84800,1/31/2020
C02836,Brian,Lee,Male,5/27/1975,Portland,Oregon,Freelancer,Retail,68500,12/8/2025
C02837,James,Elliott,Male,2/8/1992,Cincinnati,Ohio,Retired,Retail,20700,11/24/2023
C02838,Jennifer,Gregory,Female,9/18/1963,Seattle,Washington,Business Owner,Premium,147000,10/9/2019
C02839,Annette,Wright,Female,10/4/1967,Cincinnati,Ohio,Retired,Premium,37300,2/26/2026
C02840,Edwin,Woods,Male,8/5/1966,Cincinnati,Ohio,Business Owner,Retail,31700,12/24/2025
C02841,Kenneth,Jones,Male,2/1/1990,Denver,Colorado,Retired,SME,39500,5/17/2023
C02842,Caitlin,Colon,Female,6/27/1962,Phoenix,Arizona,Student,SME,115900,4/24/2018
C02843,Tina,Thompson,Female,5/17/1964,Portland,Oregon,Business Owner,Retail,45600,11/20/2025
C02844,Jason,Robles,Male,12/28/1982,Atlanta,Georgia,Self Employed,Premium,58000,6/5/2025
C02845,Alexandra,Mcgee,Female,9/24/2001,Portland,Oregon,Freelancer,Retail,135000,12/6/2022
C02846,Brandon,Sawyer,Male,10/20/1972,Minneapolis,Minnesota,Salaried,Retail,66800,11/15/2021
C02847,David,Hendrix,Male,5/13/1998,Seattle,Washington,Self Employed,SME,55700,9/27/2025
C02848,Maureen,Torres,Female,1/16/1963,Sacramento,California,Salaried,Retail,72800,1/28/2021
C02849,Amy,Reed,Female,7/7/1995,Salt Lake City,Utah,Retired,Retail,36200,7/4/2023
C02850,Bobby,Mitchell,Male,12/18/1978,Phoenix,Arizona,Student,Premium,104300,10/4/2021
C02851,Gregory,Rodriguez,Male,10/16/1960,Seattle,Washington,Freelancer,Retail,62800,3/12/2022
C02852,David,Vargas,Male,12/9/1981,Kansas City,Missouri,Self Employed,Retail,57800,6/27/2021
C02853,Christopher,Griffin,Male,4/14/1970,Charlotte,North Carolina,Student,Retail,54700,4/23/2024
C02854,Janet,Marshall,Female,4/18/1969,Cincinnati,Ohio,Retired,Retail,37700,6/28/2021
C02855,Larry,Miles,Male,5/17/1986,San Antonio,Texas,Student,Retail,47600,12/28/2018
C02856,Samantha,Newton,Female,7/8/1962,Atlanta,Georgia,Student,Retail,20700,6/2/2018
C02857,Rebecca,Wilson,Female,6/17/1976,Tampa,Florida,Salaried,Retail,51600,2/23/2022
C02858,Taylor,Thompson,Male,9/4/1971,Sacramento,California,Student,Premium,179200,1/17/2024
C02859,Elizabeth,Ward,Female,2/10/1967,Austin,Texas,Freelancer,Retail,44700,4/1/2018
C02860,Desiree,Robertson,Female,6/23/1981,Columbus,Ohio,Retired,Premium,76800,10/7/2020
C02861,Darren,Long,Male,5/28/1992,Austin,Texas,Business Owner,SME,71200,8/3/2025
C02862,Ariel,Barrett,Female,11/11/2000,Nashville,Tennessee,Salaried,Retail,35800,2/6/2018
C02863,Tony,Price,Male,2/3/1960,Orlando,Florida,Freelancer,Premium,69000,2/10/2019
C02864,Kristy,Schmidt,Female,7/26/1973,Sacramento,California,Freelancer,Retail,56000,1/28/2025
C02865,Bonnie,Hall,Female,10/7/1961,Sacramento,California,Salaried,Retail,99400,2/5/2024
C02866,Haley,Lewis,Female,4/14/1964,Tampa,Florida,Self Employed,SME,29000,4/25/2023
C02867,Lindsey,Young,Female,1/23/1962,Sacramento,California,Self Employed,Retail,31800,8/29/2024
C02868,Cassandra,Miller,Female,5/20/1976,Raleigh,North Carolina,Freelancer,Corporate,101100,10/30/2025
C02869,William,Watkins,Male,3/16/1987,Raleigh,North Carolina,Freelancer,Retail,51600,1/5/2023
C02870,Thomas,Guzman,Male,5/15/1977,Cincinnati,Ohio,Self Employed,Premium,221300,7/6/2021
C02871,Jennifer,Miller,Female,12/7/1986,Tampa,Florida,Freelancer,Premium,155300,1/9/2019
C02872,Tina,Hall,Female,2/15/1963,Salt Lake City,Utah,Freelancer,Retail,135700,5/11/2025
C02873,Rachel,Terry,Female,7/3/1988,Columbus,Ohio,Self Employed,Corporate,202800,1/6/2025
C02874,Wesley,Kelley,Male,12/12/1980,Orlando,Florida,Freelancer,Corporate,177900,12/31/2023
C02875,Michele,Johns,Female,7/22/1982,Portland,Oregon,Salaried,Retail,45100,12/6/2018
C02876,Scott,Gaines,Male,9/5/1993,Columbus,Ohio,Freelancer,SME,89700,11/8/2023
C02877,Paul,Williams,Male,2/24/1977,Seattle,Washington,Salaried,SME,69300,5/16/2021
C02878,Sheila,Arellano,Female,5/13/1976,Austin,Texas,Business Owner,Premium,107200,5/27/2021
C02879,Candace,Johnston,Female,8/7/1979,Indianapolis,Indiana,Freelancer,Wealth,374400,1/27/2020
C02880,Kristen,Garcia,Female,12/22/1991,Orlando,Florida,Salaried,Retail,27900,8/20/2018
C02881,Kenneth,Shaw,Male,9/4/1995,Portland,Oregon,Salaried,Premium,76400,4/15/2025
C02882,Karen,Acosta,Female,9/6/1961,Kansas City,Missouri,Freelancer,Corporate,91000,7/21/2022
C02883,Angela,Shaffer,Female,3/18/1961,San Antonio,Texas,Salaried,Retail,54000,8/6/2022
C02884,Michael,Anderson,Male,11/17/1985,Phoenix,Arizona,Freelancer,Retail,74600,8/28/2024
C02885,Heather,Fry,Female,1/26/1988,Minneapolis,Minnesota,Freelancer,Retail,51900,11/27/2025
C02886,Patrick,Ayala,Male,4/6/1997,San Antonio,Texas,Business Owner,Retail,202200,8/29/2023
C02887,Amber,Garcia,Female,3/22/1998,Nashville,Tennessee,Freelancer,Premium,73500,12/22/2019
C02888,Ann,Johnson,Female,6/2/1986,Seattle,Washington,Business Owner,SME,168600,12/14/2022
C02889,Joseph,Shaw,Male,8/13/1987,Atlanta,Georgia,Student,Retail,20700,7/28/2024
C02890,Paul,Butler,Male,8/19/1991,Nashville,Tennessee,Self Employed,Retail,33000,11/27/2022
C02891,Sheila,Hernandez,Female,10/8/1985,Indianapolis,Indiana,Student,Retail,253400,7/1/2020
C02892,Emily,Powers,Female,10/23/1960,Orlando,Florida,Self Employed,Corporate,158800,10/4/2021
C02893,Jennifer,Ho,Female,9/11/1987,Denver,Colorado,Salaried,Retail,27400,5/28/2019
C02894,Julian,Bowman,Male,4/16/1995,Columbus,Ohio,Self Employed,Corporate,45500,7/12/2019
C02895,Zachary,Garcia,Male,4/7/1987,Portland,Oregon,Retired,Wealth,72200,8/3/2020
C02896,Ricardo,Kirby,Male,4/16/1968,Sacramento,California,Self Employed,Premium,37300,7/28/2020
C02897,Kathryn,Graham,Female,12/2/2004,Portland,Oregon,Salaried,Retail,66300,4/17/2020
C02898,Frederick,Martin,Male,5/7/1960,Sacramento,California,Retired,Retail,80100,2/24/2021
C02899,Mark,Clark,Male,11/25/1985,Raleigh,North Carolina,Business Owner,Wealth,62100,3/19/2023
C02900,Joann,Terrell,Female,2/19/1988,Orlando,Florida,Student,Retail,86600,5/29/2024
C02901,Tonya,Miller,Female,1/21/1994,Austin,Texas,Freelancer,Premium,37300,10/1/2025
C02902,Jennifer,Benjamin,Female,6/16/1966,Atlanta,Georgia,Business Owner,Premium,96100,5/4/2018
C02903,Barbara,Olson,Female,12/5/1973,Columbus,Ohio,Retired,Premium,80200,4/16/2020
C02904,Eric,Dillon,Male,9/18/1968,Nashville,Tennessee,Freelancer,Retail,65500,5/15/2020
C02905,Emma,Lynch,Female,6/1/2004,Denver,Colorado,Business Owner,Retail,23300,1/26/2022
C02906,Elizabeth,Huynh,Female,11/24/2003,Denver,Colorado,Freelancer,Retail,39100,7/11/2025
C02907,Christine,Young,Female,11/15/1985,Salt Lake City,Utah,Self Employed,Retail,36700,8/6/2019
C02908,Rachel,Johnson,Female,6/24/1997,Kansas City,Missouri,Self Employed,Premium,94600,9/18/2019
C02909,Jodi,Arroyo,Female,6/19/1980,Tampa,Florida,Self Employed,Corporate,52700,9/9/2024
C02910,Megan,Roberts,Female,10/11/1976,Seattle,Washington,Freelancer,SME,55500,3/17/2021
C02911,Carolyn,Carroll,Female,7/25/1983,San Antonio,Texas,Self Employed,Premium,80000,5/9/2018
C02912,Jacqueline,Lee,Female,12/28/1969,Salt Lake City,Utah,Freelancer,Retail,90900,3/21/2022
C02913,Joshua,Adams,Male,12/6/2003,Orlando,Florida,Freelancer,Retail,30800,4/17/2020
C02914,Juan,Boyd,Male,8/9/1992,Phoenix,Arizona,Salaried,Premium,101100,7/4/2024
C02915,Jennifer,Rodriguez,Female,10/1/1962,Tampa,Florida,Self Employed,Retail,52400,9/24/2019
C02916,Kelly,Carey,Female,5/25/1979,San Antonio,Texas,Retired,Retail,59100,1/27/2022
C02917,Tyler,Gregory,Male,8/14/1965,Nashville,Tennessee,Student,Corporate,226700,2/1/2019
C02918,Mary,Williams,Female,12/22/1978,San Antonio,Texas,Student,Premium,123200,10/8/2020
C02919,Toni,Curry,Female,7/19/1986,Nashville,Tennessee,Retired,SME,45100,8/22/2018
C02920,Bryan,Mason,Male,9/19/1968,Columbus,Ohio,Student,Retail,38400,1/31/2024
C02921,Theresa,Banks,Female,8/3/1988,Phoenix,Arizona,Self Employed,Premium,217700,12/17/2020
C02922,Jeff,Fuller,Male,10/27/1962,Raleigh,North Carolina,Freelancer,Retail,40900,8/17/2021
C02923,Michelle,Johnson,Female,4/2/1969,Salt Lake City,Utah,Student,Retail,59900,10/27/2024
C02924,Misty,Brown,Female,4/10/1976,Indianapolis,Indiana,Self Employed,Corporate,79900,4/5/2019
C02925,Gregory,Harrison,Male,11/12/1966,Indianapolis,Indiana,Self Employed,Retail,94000,9/14/2021
C02926,Heather,Powers,Female,10/10/1986,Phoenix,Arizona,Business Owner,Retail,73100,2/26/2023
C02927,Katherine,Terry,Female,2/22/1997,San Antonio,Texas,Retired,Corporate,358900,8/2/2022
C02928,Terry,Ellis,Male,2/21/2004,Charlotte,North Carolina,Business Owner,Premium,105000,11/5/2023
C02929,Patrick,Mitchell,Male,4/7/1974,Seattle,Washington,Salaried,Retail,88900,7/4/2020
C02930,Richard,Frank,Male,6/24/1980,Charlotte,North Carolina,Retired,Retail,76700,2/17/2018
C02931,Kevin,Mitchell,Male,2/6/1961,Tampa,Florida,Student,SME,30900,5/3/2025
C02932,William,Thomas,Male,5/20/1998,Denver,Colorado,Business Owner,Premium,100300,10/8/2021
C02933,Katherine,Davidson,Female,2/22/1996,Tampa,Florida,Retired,SME,103800,11/30/2022
C02934,Juan,Gilbert,Male,7/26/1992,Denver,Colorado,Freelancer,Premium,46900,10/30/2019
C02935,Joshua,Peterson,Male,1/16/1983,Kansas City,Missouri,Self Employed,SME,114700,7/30/2019
C02936,Matthew,Moore,Male,5/19/1972,Denver,Colorado,Freelancer,Retail,50500,1/13/2023
C02937,Tabitha,Fowler,Female,1/13/1994,Nashville,Tennessee,Salaried,Retail,38800,10/25/2022
C02938,Brett,Fowler,Male,11/3/1991,Columbus,Ohio,Salaried,Retail,27000,6/25/2025
C02939,Gregory,Lee,Male,12/21/2002,Atlanta,Georgia,Salaried,Corporate,280200,1/16/2020
C02940,Michael,Pena,Male,10/28/1982,Columbus,Ohio,Student,Corporate,205100,9/10/2019
C02941,Joel,Cowan,Male,5/27/1967,Orlando,Florida,Salaried,Premium,113200,7/14/2024
C02942,Joshua,Graham,Male,2/19/2000,Austin,Texas,Retired,Corporate,45500,11/13/2025
C02943,Yvonne,Kelly,Female,10/16/2004,Denver,Colorado,Student,SME,29000,4/28/2024
C02944,Nicholas,Warner,Male,5/19/1976,Columbus,Ohio,Student,SME,33800,6/24/2019
C02945,Melissa,Phillips,Female,6/13/1976,Sacramento,California,Retired,Retail,60400,5/2/2025
C02946,Randall,Chen,Male,5/5/1991,Salt Lake City,Utah,Business Owner,Premium,67400,12/15/2024
C02947,Grace,Kane,Female,11/15/1989,Raleigh,North Carolina,Student,SME,110800,10/13/2024
C02948,Paul,Miller,Male,6/7/1998,Denver,Colorado,Retired,Retail,24800,1/24/2025
C02949,Joshua,Garcia,Male,8/10/1967,Austin,Texas,Freelancer,Premium,71700,5/6/2022
C02950,Michele,Black,Female,8/13/1998,Atlanta,Georgia,Student,Retail,75700,2/2/2018
C02951,Michele,Valdez,Female,10/17/1979,Cincinnati,Ohio,Student,Retail,82600,4/18/2025
C02952,Tyler,Nixon,Male,7/12/1967,Salt Lake City,Utah,Self Employed,Retail,179400,9/15/2018
C02953,Larry,Wright,Male,3/7/1991,Raleigh,North Carolina,Business Owner,Retail,93600,9/13/2019
C02954,Brittany,Castaneda,Female,1/1/1984,Columbus,Ohio,Salaried,Retail,82600,1/28/2023
C02955,David,Wilson,Male,6/28/1966,Indianapolis,Indiana,Salaried,Retail,31100,2/11/2020
C02956,Jeffrey,Carpenter,Male,5/12/1992,Tampa,Florida,Self Employed,SME,106600,6/4/2019
C02957,Jeremy,Shannon,Male,10/3/1960,Tampa,Florida,Freelancer,SME,183000,3/23/2019
C02958,Jasmine,Ortega,Female,11/26/2004,Nashville,Tennessee,Freelancer,Retail,60400,3/17/2020
C02959,Eric,Gaines,Male,10/25/1990,Sacramento,California,Salaried,Retail,65700,10/16/2022
C02960,Marvin,Dean,Male,4/3/1969,Charlotte,North Carolina,Retired,Retail,66400,3/23/2019
C02961,Jessica,Anderson,Female,11/19/1962,Minneapolis,Minnesota,Retired,Retail,76500,11/30/2024
C02962,Allen,Burns,Male,11/11/1973,San Antonio,Texas,Student,Retail,20700,5/23/2020
C02963,Thomas,Gallegos,Male,9/18/1992,Phoenix,Arizona,Self Employed,Retail,72900,3/3/2025
C02964,Cristian,Carpenter,Male,6/4/1972,Columbus,Ohio,Business Owner,Retail,47500,7/8/2018
C02965,Eric,Cobb,Male,6/12/1976,Orlando,Florida,Business Owner,Retail,66900,12/13/2022
C02966,Kayla,Soto,Female,7/13/1990,Austin,Texas,Business Owner,SME,108500,8/7/2021
C02967,Brian,Young,Male,2/24/1988,Charlotte,North Carolina,Freelancer,Premium,41400,5/17/2022
C02968,Gary,Nelson,Male,10/7/1983,Kansas City,Missouri,Freelancer,Retail,125100,5/6/2025
C02969,Roy,Bruce,Male,5/23/1990,Salt Lake City,Utah,Retired,SME,61500,9/13/2024
C02970,Angela,Stewart,Female,6/23/1979,Austin,Texas,Salaried,Retail,38800,5/17/2019
C02971,Denise,Ellis,Female,4/27/1974,Raleigh,North Carolina,Retired,Retail,30800,3/30/2023
C02972,Susan,Gardner,Female,1/25/1965,Minneapolis,Minnesota,Retired,Retail,23900,9/22/2024
C02973,Michael,Kent,Male,12/23/1983,Portland,Oregon,Student,Retail,37600,9/28/2023
C02974,Brittany,Johnson,Female,12/26/1963,Austin,Texas,Self Employed,SME,30500,2/13/2023
C02975,Dylan,Garcia,Male,9/5/1974,San Antonio,Texas,Salaried,Retail,20700,10/19/2019
C02976,Anthony,Norris,Male,4/28/1971,Indianapolis,Indiana,Student,Premium,78900,3/25/2024
C02977,Jamie,Finley,Female,8/16/1979,Sacramento,California,Student,Premium,91300,8/11/2022
C02978,Stephen,Kerr,Male,1/1/1985,Raleigh,North Carolina,Salaried,Premium,37300,1/12/2020
C02979,Elizabeth,Bryan,Female,2/19/1968,Kansas City,Missouri,Student,SME,29000,7/2/2019
C02980,David,Jenkins,Male,12/26/1976,San Antonio,Texas,Freelancer,Retail,37000,5/31/2018
C02981,George,Hart,Male,11/13/1985,Austin,Texas,Self Employed,Retail,36600,10/30/2020
C02982,Laura,Horton,Female,6/17/1973,Nashville,Tennessee,Business Owner,SME,76100,2/6/2019
C02983,Robin,Gutierrez,Female,3/4/1976,Atlanta,Georgia,Freelancer,Retail,44400,3/19/2018
C02984,Victor,Hurley,Male,12/24/1995,Phoenix,Arizona,Freelancer,SME,102600,8/10/2022
C02985,Austin,Jones,Male,6/12/1997,Columbus,Ohio,Retired,Corporate,177900,10/7/2020
C02986,Rebecca,Harris,Female,4/4/1996,Portland,Oregon,Retired,Retail,76900,7/27/2023
C02987,Tiffany,Hull,Female,7/15/1991,Indianapolis,Indiana,Retired,Retail,50200,10/8/2022
C02988,Elizabeth,Buckley,Female,5/3/1973,Denver,Colorado,Self Employed,Retail,26700,11/6/2022
C02989,Jose,Ellis,Male,4/7/1968,Portland,Oregon,Salaried,Premium,132900,11/4/2018
C02990,Sherry,Andrews,Female,10/4/1974,Denver,Colorado,Retired,Retail,22500,10/3/2019
C02991,Thomas,Walter,Male,10/20/1976,Denver,Colorado,Business Owner,Retail,84900,1/19/2025
C02992,Sharon,Wise,Female,2/11/1996,Seattle,Washington,Student,Wealth,147000,11/16/2024
C02993,Aaron,Cook,Male,8/22/1984,Pittsburgh,Pennsylvania,Salaried,Retail,20700,1/13/2020
C02994,Michelle,Juarez,Female,3/14/1989,Cincinnati,Ohio,Self Employed,Retail,60600,12/29/2020
C02995,Michael,Ramos,Male,8/4/1999,Raleigh,North Carolina,Self Employed,Premium,133300,6/26/2023
C02996,Melissa,Gonzales,Female,2/4/1960,Sacramento,California,Self Employed,Premium,57000,1/5/2025
C02997,Laurie,Smith,Female,1/27/1986,Indianapolis,Indiana,Salaried,Wealth,136900,5/24/2018
C02998,Stacey,Chambers,Female,11/20/1981,Charlotte,North Carolina,Self Employed,Retail,117300,10/25/2025
C02999,Linda,Dennis,Female,5/9/1986,Cincinnati,Ohio,Student,SME,35900,5/18/2025
C03000,Pamela,Coleman,Female,10/13/1982,San Antonio,Texas,Student,SME,206500,12/10/2024
C03001,Kayla,Jones,Female,11/9/1997,Nashville,Tennessee,Student,Wealth,217600,11/1/2020
C03002,Charlene,Gross,Female,1/23/2001,Columbus,Ohio,Self Employed,Premium,37300,9/25/2024
C03003,Emily,Frey,Female,12/9/1995,Minneapolis,Minnesota,Business Owner,Premium,167200,4/21/2018
C03004,Eugene,Blair,Male,6/9/1988,Orlando,Florida,Self Employed,Premium,90000,3/7/2026
C03005,Suzanne,Walsh,Female,7/19/1983,Kansas City,Missouri,Business Owner,Retail,64500,11/20/2023
C03006,Seth,Le,Male,5/26/2004,Salt Lake City,Utah,Business Owner,Corporate,107100,1/6/2018
C03007,Stephanie,Blanchard,Female,3/26/1973,Austin,Texas,Freelancer,Wealth,279400,7/9/2024
C03008,Connie,Beard,Female,4/10/1973,San Antonio,Texas,Freelancer,SME,65300,6/2/2018
C03009,Angela,Warren,Female,3/16/1973,Orlando,Florida,Retired,Retail,102800,8/24/2019
C03010,Wayne,Thomas,Male,5/27/1996,Salt Lake City,Utah,Freelancer,SME,39400,9/8/2024
C03011,Erik,Taylor,Male,7/10/1967,Columbus,Ohio,Self Employed,Wealth,143400,3/30/2018
C03012,Stacey,Bishop,Female,5/9/1965,San Antonio,Texas,Retired,Retail,20700,8/13/2024
C03013,Kathryn,Campbell,Female,1/26/1981,Cincinnati,Ohio,Salaried,SME,141700,1/31/2020
C03014,Sharon,Nunez,Female,12/13/1961,Sacramento,California,Salaried,SME,67800,2/20/2025
C03015,Andrew,Huffman,Male,2/6/2003,Kansas City,Missouri,Retired,Premium,38200,3/26/2019
C03016,Justin,Clarke,Male,8/15/1972,Atlanta,Georgia,Self Employed,Retail,63700,8/3/2023
C03017,Paul,James,Male,8/1/1992,San Antonio,Texas,Salaried,Retail,116000,1/16/2025
C03018,Elizabeth,Choi,Female,6/4/2001,Austin,Texas,Retired,SME,107400,4/19/2020
C03019,Philip,Gutierrez,Male,11/10/2003,Kansas City,Missouri,Business Owner,Retail,79500,10/21/2023
C03020,Mackenzie,Cervantes,Female,4/14/1989,Raleigh,North Carolina,Business Owner,SME,56800,12/15/2024
C03021,Cathy,Welch,Female,3/17/1990,Atlanta,Georgia,Business Owner,Retail,35900,10/3/2020
C03022,Jennifer,Krause,Female,8/24/1987,Denver,Colorado,Salaried,Retail,81100,3/6/2024
C03023,Julie,Clayton,Female,10/11/2002,Kansas City,Missouri,Freelancer,Wealth,166100,3/3/2022
C03024,Renee,Larsen,Female,12/27/1960,San Antonio,Texas,Self Employed,Retail,42000,4/26/2020
C03025,Matthew,Robles,Male,10/20/1968,Salt Lake City,Utah,Self Employed,Premium,81700,1/7/2022
C03026,Michael,Anthony,Male,5/1/1982,Austin,Texas,Freelancer,Wealth,238600,3/12/2023
C03027,Ruben,Hart,Male,1/4/1970,Cincinnati,Ohio,Salaried,Retail,27700,4/11/2021
C03028,Matthew,Taylor,Male,2/22/1972,Atlanta,Georgia,Retired,SME,123600,8/30/2020
C03029,Deborah,Hurst,Female,5/17/1982,Salt Lake City,Utah,Retired,Retail,28600,1/6/2023
C03030,Antonio,Bird,Male,9/24/1997,Cincinnati,Ohio,Retired,Retail,81100,3/6/2019
C03031,Nicole,Pierce,Female,9/6/1965,Raleigh,North Carolina,Business Owner,Retail,77300,6/23/2019
C03032,Matthew,Townsend,Male,2/17/1982,Pittsburgh,Pennsylvania,Business Owner,Retail,88300,10/18/2021
C03033,Melissa,Thomas,Female,4/2/1962,Pittsburgh,Pennsylvania,Business Owner,SME,38500,12/8/2020
C03034,Katherine,Walker,Female,7/4/1989,Charlotte,North Carolina,Retired,Premium,38400,4/17/2019
C03035,Keith,Mcdonald,Male,9/19/1961,Columbus,Ohio,Business Owner,Retail,34500,4/20/2018
C03036,Sarah,Blair,Female,10/12/1986,Sacramento,California,Business Owner,Retail,32100,9/14/2023
C03037,Colleen,Bailey,Female,1/17/1964,Charlotte,North Carolina,Student,Corporate,74500,1/26/2023
C03038,Zachary,Smith,Male,5/12/1991,Portland,Oregon,Self Employed,Premium,60100,10/8/2023
C03039,Anthony,French,Male,5/24/1969,Sacramento,California,Salaried,Premium,161600,7/15/2023
C03040,Christina,Randall,Female,6/12/1978,Salt Lake City,Utah,Business Owner,Premium,37300,1/26/2026
C03041,Dustin,Jones,Male,7/5/1987,Tampa,Florida,Self Employed,Retail,67500,9/13/2021
C03042,Desiree,Bell,Female,4/11/1997,Raleigh,North Carolina,Business Owner,SME,65200,5/23/2019
C03043,Heather,Reed,Female,8/5/1969,Atlanta,Georgia,Salaried,Premium,81200,10/11/2025
C03044,Meagan,Vaughn,Female,2/16/1977,Cincinnati,Ohio,Business Owner,SME,81600,3/26/2024
C03045,Paul,Williamson,Male,6/12/1978,Orlando,Florida,Salaried,Premium,37300,10/3/2022
C03046,James,Wood,Male,4/7/2002,Kansas City,Missouri,Retired,Retail,196200,11/14/2024
C03047,Patricia,Dunn,Female,5/26/1960,Raleigh,North Carolina,Self Employed,Corporate,51600,11/22/2018
C03048,Cheryl,Fry,Female,6/11/1965,Portland,Oregon,Retired,Premium,116200,8/6/2020
C03049,Alexa,Black,Female,9/13/1985,Orlando,Florida,Salaried,SME,141200,11/15/2023
C03050,George,Miller,Male,9/18/1993,Pittsburgh,Pennsylvania,Retired,Retail,25200,11/17/2018
C03051,Michael,Horne,Male,6/27/1966,Denver,Colorado,Freelancer,Retail,24600,8/8/2025
C03052,Amanda,Nelson,Female,10/14/1973,Orlando,Florida,Retired,Retail,56300,11/26/2019
C03053,Heather,Pena,Female,9/20/1995,Denver,Colorado,Student,Retail,48300,7/14/2022
C03054,Abigail,Ellis,Female,3/24/1977,Orlando,Florida,Self Employed,Retail,30300,7/16/2022
C03055,Heather,Gibson,Female,8/9/1978,San Antonio,Texas,Student,Retail,78200,4/9/2025
C03056,Nicole,Cervantes,Female,11/25/1972,Kansas City,Missouri,Retired,Retail,49500,4/21/2025
C03057,Mark,Powers,Male,2/22/1993,Columbus,Ohio,Business Owner,Premium,79800,5/9/2022
C03058,Rachel,Morris,Female,11/3/1988,Charlotte,North Carolina,Self Employed,Retail,101300,1/12/2019
C03059,Jennifer,Smith,Female,7/13/1981,Columbus,Ohio,Retired,Retail,21300,2/15/2018
C03060,Kevin,Collier,Male,7/9/1996,Kansas City,Missouri,Salaried,Corporate,128500,6/1/2025
C03061,Diana,Meadows,Female,3/19/1971,Kansas City,Missouri,Student,Corporate,45500,4/13/2024
C03062,Kenneth,Cruz,Male,3/2/1968,Portland,Oregon,Student,Retail,29800,7/29/2025
C03063,Olivia,Gallegos,Female,9/14/1973,Denver,Colorado,Retired,Retail,20700,9/28/2020
C03064,Lindsay,Blair,Female,6/11/1976,Salt Lake City,Utah,Student,Premium,44000,8/20/2023
C03065,Angela,Thomas,Female,11/1/1995,Austin,Texas,Freelancer,Retail,43800,5/16/2023
C03066,April,James,Female,11/9/1976,San Antonio,Texas,Self Employed,SME,33900,10/26/2020
C03067,Mary,Hart,Female,1/2/1971,Nashville,Tennessee,Self Employed,Retail,46700,7/27/2018
C03068,Samantha,Reilly,Female,2/21/1980,Orlando,Florida,Student,Premium,105700,3/13/2022
C03069,Curtis,Johnson,Male,4/11/1975,Tampa,Florida,Self Employed,SME,74700,2/1/2020
C03070,Mary,Crawford,Female,8/14/1992,Pittsburgh,Pennsylvania,Self Employed,Retail,49700,4/28/2020
C03071,Walter,Warner,Male,2/1/1995,Cincinnati,Ohio,Salaried,Retail,60500,1/29/2022
C03072,Angelica,Christian,Female,10/3/1968,Atlanta,Georgia,Business Owner,Retail,20700,12/6/2024
C03073,Kelly,Cruz,Male,6/28/1961,Seattle,Washington,Business Owner,Retail,61700,8/26/2023
C03074,Juan,Nixon,Male,5/28/1962,Cincinnati,Ohio,Self Employed,Retail,48100,6/14/2018
C03075,Heather,Fisher,Female,1/20/1964,San Antonio,Texas,Self Employed,Corporate,49300,2/27/2023
C03076,Matthew,Smith,Male,8/8/1978,Tampa,Florida,Student,Wealth,96900,3/1/2021
C03077,Keith,Kent,Male,3/14/1965,Orlando,Florida,Student,Retail,20700,12/21/2018
C03078,Paige,Wallace,Female,6/17/1982,San Antonio,Texas,Self Employed,Retail,70800,9/21/2022
C03079,Tina,Clark,Female,1/22/1968,Sacramento,California,Freelancer,Retail,64100,7/10/2021
C03080,Richard,Larson,Male,1/12/1960,Tampa,Florida,Business Owner,SME,173000,3/9/2023
C03081,Randy,Estrada,Male,3/3/1964,Denver,Colorado,Self Employed,Premium,49000,9/13/2020
C03082,Shelby,Morgan,Female,10/26/1972,Raleigh,North Carolina,Retired,Retail,64700,2/28/2021
C03083,Brenda,Gutierrez,Female,6/3/2004,Pittsburgh,Pennsylvania,Self Employed,SME,61600,8/19/2019
C03084,Lori,Harvey,Female,4/2/1993,Tampa,Florida,Freelancer,Retail,20700,9/3/2025
C03085,Mary,Lopez,Female,10/1/1967,Columbus,Ohio,Salaried,Retail,40000,7/24/2018
C03086,Robert,Gentry,Male,4/10/1974,Seattle,Washington,Salaried,Retail,43000,7/17/2021
C03087,Laura,Meza,Female,12/10/1983,Portland,Oregon,Salaried,Retail,62100,7/20/2022
C03088,Katherine,Cunningham,Female,8/15/1974,Nashville,Tennessee,Student,Retail,59300,9/9/2018
C03089,Antonio,Gardner,Male,6/23/1971,Tampa,Florida,Freelancer,Premium,118500,5/4/2024
C03090,Sabrina,Hogan,Female,8/21/1965,Portland,Oregon,Retired,SME,75600,12/26/2022
C03091,Steven,Chavez,Male,6/20/1962,Raleigh,North Carolina,Salaried,Retail,88900,11/13/2025
C03092,Robert,Dennis,Male,11/12/1963,Denver,Colorado,Self Employed,Premium,225800,1/17/2026
C03093,Michelle,Miller,Female,10/7/1991,Denver,Colorado,Freelancer,Wealth,109900,5/13/2021
C03094,Caleb,Green,Male,6/23/1984,Salt Lake City,Utah,Freelancer,Premium,500600,9/30/2021
C03095,Joseph,Gibson,Male,6/15/1972,Pittsburgh,Pennsylvania,Retired,Retail,48900,12/4/2020
C03096,Sophia,Campos,Female,1/16/1971,Austin,Texas,Salaried,Retail,64900,7/7/2024
C03097,Erica,Robinson,Female,1/25/1986,Indianapolis,Indiana,Retired,Retail,33300,3/23/2018
C03098,Brenda,Gomez,Female,10/26/1961,Tampa,Florida,Retired,Retail,110400,1/15/2018
C03099,Jeffrey,Simon,Male,11/15/1964,Kansas City,Missouri,Business Owner,Retail,50800,6/30/2025
C03100,Jacqueline,Smith,Female,8/27/1989,Charlotte,North Carolina,Self Employed,Retail,50700,10/28/2025
C03101,Margaret,Lee,Female,3/4/1992,Austin,Texas,Business Owner,Retail,32800,11/13/2022
C03102,Travis,Cruz,Male,8/7/1991,Minneapolis,Minnesota,Retired,Premium,181300,11/17/2019
C03103,Carol,Parker,Female,6/28/1962,Atlanta,Georgia,Business Owner,SME,60500,3/12/2026
C03104,Dana,Gardner,Female,10/6/2002,Charlotte,North Carolina,Freelancer,Retail,26200,11/21/2023
C03105,Beth,Yu,Female,8/7/2000,San Antonio,Texas,Retired,Retail,33800,9/4/2020
C03106,David,Clark,Male,10/22/1999,Raleigh,North Carolina,Business Owner,Premium,64500,5/3/2022
C03107,Nathan,Williams,Male,10/16/1997,Seattle,Washington,Salaried,Corporate,78400,10/26/2025
C03108,Pamela,Mcpherson,Female,7/21/1976,Austin,Texas,Self Employed,Premium,76400,8/10/2025
C03109,Priscilla,Sampson,Female,11/3/1973,Salt Lake City,Utah,Retired,Retail,57200,6/28/2019
C03110,Julian,Alexander,Male,6/8/1990,Charlotte,North Carolina,Self Employed,Retail,75400,9/16/2024
C03111,John,Swanson,Male,8/9/1995,Nashville,Tennessee,Business Owner,Retail,32900,2/17/2022
C03112,Jacqueline,Atkins,Female,4/19/1988,Tampa,Florida,Freelancer,Wealth,212100,2/28/2023
C03113,Claudia,Gregory,Female,6/1/1987,Charlotte,North Carolina,Freelancer,Corporate,122300,4/9/2025
C03114,Bobby,Cantrell,Male,6/16/1980,Salt Lake City,Utah,Student,Premium,90700,5/16/2021
C03115,Charles,Duran,Male,3/22/1964,Cincinnati,Ohio,Salaried,Retail,38700,9/26/2025
C03116,Ricky,Larson,Male,6/2/1991,Columbus,Ohio,Student,SME,30500,8/19/2024
C03117,Michael,Hunt,Male,11/12/1988,Raleigh,North Carolina,Student,Wealth,71200,1/4/2024
C03118,Hailey,Horne,Female,1/26/1989,Austin,Texas,Business Owner,Retail,55900,3/11/2019
C03119,Shane,Hernandez,Male,1/10/1964,Salt Lake City,Utah,Business Owner,Retail,48400,2/14/2021
C03120,Jessica,Dunn,Female,2/1/1969,Pittsburgh,Pennsylvania,Retired,Retail,52200,12/24/2024
C03121,Joseph,Jackson,Male,3/25/1973,Tampa,Florida,Retired,SME,83600,6/10/2021
C03122,Allison,Williams,Female,2/4/2000,Charlotte,North Carolina,Business Owner,Retail,62900,6/9/2022
C03123,Brandi,Mccormick,Female,2/28/2001,Salt Lake City,Utah,Self Employed,Wealth,90400,5/21/2021
C03124,Alyssa,Miller,Female,5/14/1980,Columbus,Ohio,Retired,Wealth,96200,12/14/2025
C03125,Michael,Johnson,Male,11/8/1969,Indianapolis,Indiana,Business Owner,Premium,45100,4/26/2022
C03126,Melissa,Crawford,Female,10/11/1963,Austin,Texas,Salaried,SME,34600,10/20/2020
C03127,Ashley,Smith,Female,2/2/1993,Pittsburgh,Pennsylvania,Self Employed,Retail,105300,11/2/2018
C03128,Scott,Black,Male,12/3/2000,Nashville,Tennessee,Student,Corporate,89800,10/9/2023
C03129,Sara,Chapman,Female,6/14/1998,Salt Lake City,Utah,Salaried,Retail,98500,2/25/2020
C03130,Kimberly,Haley,Female,4/14/2003,Cincinnati,Ohio,Student,Retail,121000,10/24/2025
C03131,Matthew,James,Male,2/15/1995,Columbus,Ohio,Retired,Premium,50100,9/1/2018
C03132,Amber,Mason,Female,12/26/1971,Columbus,Ohio,Self Employed,Retail,55700,5/25/2024
C03133,Joseph,Finley,Male,5/17/1998,Pittsburgh,Pennsylvania,Business Owner,Retail,40400,11/21/2019
C03134,David,Parker,Male,3/1/1980,San Antonio,Texas,Salaried,SME,31800,12/11/2024
C03135,Maureen,Murray,Female,5/23/2001,Charlotte,North Carolina,Business Owner,Retail,63700,12/31/2024
C03136,Paul,Wallace,Male,2/23/1994,Phoenix,Arizona,Freelancer,Retail,28700,4/29/2022
C03137,Bobby,Hunt,Male,6/20/2002,Sacramento,California,Business Owner,Wealth,269000,2/23/2020
C03138,Daniel,Adams,Male,9/21/1967,Atlanta,Georgia,Self Employed,Retail,31700,2/24/2019
C03139,Aaron,Morton,Male,9/25/1985,Raleigh,North Carolina,Freelancer,Retail,94300,5/29/2019
C03140,Michael,Ruiz,Male,7/6/1976,Atlanta,Georgia,Self Employed,SME,69500,7/6/2021
C03141,Amy,Jones,Female,3/8/1976,Orlando,Florida,Salaried,Retail,48000,6/27/2021
C03142,Colleen,Mclaughlin,Female,12/7/1999,Atlanta,Georgia,Freelancer,Premium,133200,12/2/2025
C03143,Kayla,Wise,Female,8/10/1985,San Antonio,Texas,Self Employed,Retail,68600,11/4/2018
C03144,Antonio,Smith,Male,11/11/1988,Salt Lake City,Utah,Freelancer,Retail,27100,5/27/2018
C03145,John,Jackson,Male,1/23/1964,Raleigh,North Carolina,Business Owner,Premium,187000,3/8/2023
C03146,James,Williams,Male,5/6/1982,Atlanta,Georgia,Retired,Retail,41100,12/30/2019
C03147,Zachary,Chambers,Male,12/25/1987,Portland,Oregon,Retired,Premium,52400,5/17/2025
C03148,Todd,Clark,Male,3/26/1995,Tampa,Florida,Student,SME,156000,2/28/2024
C03149,Lucas,Green,Male,1/16/1993,San Antonio,Texas,Retired,SME,29000,11/20/2024
C03150,Dustin,Mclaughlin,Male,10/8/1983,Seattle,Washington,Freelancer,Retail,25500,11/28/2018
C03151,Austin,Burton,Male,4/10/1980,Cincinnati,Ohio,Student,Premium,125800,5/18/2023
C03152,Joan,King,Female,12/18/1960,Raleigh,North Carolina,Self Employed,Premium,132400,11/20/2021
C03153,James,Ho,Male,9/14/1984,Sacramento,California,Business Owner,Premium,64600,6/28/2024
C03154,Christopher,Little,Male,10/25/1964,Raleigh,North Carolina,Business Owner,SME,86200,7/14/2024
C03155,Frank,Dalton,Male,2/7/1981,Columbus,Ohio,Business Owner,SME,203200,4/19/2021
C03156,Scott,Myers,Male,7/7/1997,Tampa,Florida,Retired,Premium,37300,8/10/2022
C03157,Mark,Gaines,Male,6/4/1979,Portland,Oregon,Business Owner,Premium,81900,5/5/2018
C03158,Sarah,Chambers,Female,8/8/1964,Nashville,Tennessee,Salaried,Retail,38200,12/15/2025
C03159,Richard,Bowers,Male,3/7/2003,Cincinnati,Ohio,Retired,Premium,96200,12/23/2024
C03160,Calvin,Douglas,Male,6/28/1974,Pittsburgh,Pennsylvania,Salaried,Retail,43000,10/17/2018
C03161,Derek,Peck,Male,12/11/1988,Indianapolis,Indiana,Salaried,SME,52800,6/6/2021
C03162,Erin,Morris,Female,4/4/1973,Seattle,Washington,Retired,SME,46800,11/28/2020
C03163,Randy,Bell,Male,4/27/1961,Minneapolis,Minnesota,Freelancer,SME,47000,6/3/2018
C03164,Brianna,Sheppard,Female,2/17/1968,Salt Lake City,Utah,Salaried,Retail,29800,7/6/2019
C03165,Christopher,Brown,Male,7/3/1976,Charlotte,North Carolina,Salaried,Retail,56300,2/27/2021
C03166,Kimberly,Murillo,Female,10/16/1998,Pittsburgh,Pennsylvania,Self Employed,SME,108700,3/23/2025
C03167,Elizabeth,Hatfield,Female,8/9/2002,Phoenix,Arizona,Business Owner,Retail,34100,9/29/2018
C03168,Sara,Rojas,Female,5/27/1961,Salt Lake City,Utah,Self Employed,Retail,40300,7/13/2018
C03169,Joshua,Campbell,Male,11/22/1969,Portland,Oregon,Freelancer,Retail,30300,12/15/2018
C03170,Christina,Mack,Female,2/23/1984,Portland,Oregon,Student,Retail,58200,10/1/2022
C03171,Jerry,Williams,Male,6/28/1988,Portland,Oregon,Retired,Retail,50900,1/9/2024
C03172,Paige,Davis,Female,10/8/1994,Denver,Colorado,Self Employed,Premium,179900,6/9/2018
C03173,Michael,Cowan,Male,2/19/1983,Nashville,Tennessee,Freelancer,Retail,37700,2/12/2023
C03174,Rhonda,Hernandez,Female,2/18/1977,Orlando,Florida,Freelancer,Premium,129900,8/6/2025
C03175,Melissa,Farrell,Female,11/21/1975,Salt Lake City,Utah,Retired,Corporate,84700,2/29/2020
C03176,Tammy,Cruz,Female,9/21/1966,Pittsburgh,Pennsylvania,Business Owner,Retail,87800,9/27/2024
C03177,Chris,Smith,Male,10/6/1975,Cincinnati,Ohio,Retired,Retail,64700,7/10/2021
C03178,Nichole,Smith,Female,1/5/1989,San Antonio,Texas,Self Employed,Wealth,81900,8/14/2018
C03179,Tamara,Preston,Female,11/21/1982,Raleigh,North Carolina,Salaried,Retail,41800,1/18/2023
C03180,Manuel,Duran,Male,11/14/1997,Charlotte,North Carolina,Freelancer,Retail,74200,1/10/2026
C03181,Nathan,Spears,Male,1/24/1966,Atlanta,Georgia,Retired,Retail,115800,6/25/2021
C03182,Brandon,Ellis,Male,2/26/1964,Portland,Oregon,Business Owner,Retail,37900,1/24/2019
C03183,Patrick,Ramos,Male,5/18/2004,Minneapolis,Minnesota,Student,Retail,49200,6/1/2019
C03184,Lucas,Moody,Male,8/2/1979,Phoenix,Arizona,Salaried,Premium,101400,8/19/2023
C03185,Julia,Herring,Female,1/8/1989,Sacramento,California,Self Employed,Retail,24400,4/30/2018
C03186,Jessica,Rodgers,Female,3/10/1975,Sacramento,California,Freelancer,SME,138000,11/16/2020
C03187,Matthew,Vargas,Male,1/25/2003,Seattle,Washington,Student,Retail,72300,12/17/2022
C03188,Sergio,Wilson,Male,12/17/1998,Seattle,Washington,Business Owner,SME,78200,3/29/2023
C03189,Richard,Ramirez,Male,9/4/1978,Minneapolis,Minnesota,Self Employed,Retail,26100,12/9/2018
C03190,Ricky,Johnson,Male,12/13/1982,Nashville,Tennessee,Salaried,SME,43300,10/3/2020
C03191,Susan,Diaz,Female,8/9/1975,Nashville,Tennessee,Salaried,Retail,84000,9/22/2025
C03192,Jeffrey,Mccoy,Male,7/5/1973,Columbus,Ohio,Business Owner,Retail,149700,11/22/2020
C03193,John,Dennis,Male,2/4/2000,Tampa,Florida,Freelancer,Premium,52800,7/5/2022
C03194,Ashley,Frazier,Female,1/26/1973,Pittsburgh,Pennsylvania,Self Employed,Retail,77800,4/3/2025
C03195,Molly,Cook,Female,11/8/1988,San Antonio,Texas,Student,Corporate,95500,5/7/2019
C03196,Madeline,Anderson,Female,2/22/1986,Tampa,Florida,Freelancer,Retail,91000,8/4/2019
C03197,Jesse,Reese,Male,2/18/2004,San Antonio,Texas,Student,Retail,79800,12/11/2023
C03198,Ronald,Aguirre,Male,10/12/2001,Atlanta,Georgia,Self Employed,Retail,85000,7/2/2019
C03199,Chelsea,Smith,Female,9/12/1982,Cincinnati,Ohio,Freelancer,Premium,171600,12/4/2019
C03200,Roger,Vargas,Male,1/11/1993,Charlotte,North Carolina,Retired,Retail,77600,9/11/2025
C03201,Sierra,Alvarado,Female,6/9/1973,Sacramento,California,Student,Corporate,92900,5/31/2023
C03202,Jamie,Clay,Female,5/19/1978,Nashville,Tennessee,Salaried,Retail,73500,7/19/2018
C03203,Leah,Patel,Female,7/19/1960,San Antonio,Texas,Self Employed,Retail,51500,7/13/2025
C03204,Breanna,Fitzpatrick,Female,6/26/1983,Sacramento,California,Freelancer,Retail,48600,4/3/2021
C03205,Jennifer,Mahoney,Female,10/4/1961,Austin,Texas,Salaried,Retail,25500,1/15/2019
C03206,Robert,Nichols,Male,10/27/1963,San Antonio,Texas,Student,Wealth,62100,4/27/2024
C03207,Ronald,Horton,Male,3/12/1985,Atlanta,Georgia,Self Employed,Premium,89100,6/24/2019
C03208,Brian,Hill,Male,11/27/1963,Raleigh,North Carolina,Freelancer,Retail,88500,2/12/2025
C03209,James,May,Male,9/9/1992,Seattle,Washington,Freelancer,SME,153100,9/21/2020
C03210,Rachel,Price,Female,8/19/1965,San Antonio,Texas,Freelancer,SME,90600,12/27/2024
C03211,Alexandra,Good,Female,12/17/1989,Raleigh,North Carolina,Freelancer,SME,29000,3/25/2021
C03212,Kevin,Garcia,Male,12/4/1988,Atlanta,Georgia,Self Employed,Retail,33900,5/23/2020
C03213,Elizabeth,Conley,Female,7/28/1973,Seattle,Washington,Freelancer,Premium,51700,5/5/2018
C03214,Leslie,Harrison,Female,5/24/1962,Nashville,Tennessee,Self Employed,SME,55800,8/30/2023
C03215,Michele,Rogers,Female,1/12/1967,Denver,Colorado,Freelancer,Retail,20700,4/10/2021
C03216,Kristen,Miller,Female,6/6/1997,Columbus,Ohio,Student,Corporate,238600,1/22/2021
C03217,Joshua,Jenkins,Male,10/7/1973,Indianapolis,Indiana,Freelancer,Retail,25100,6/30/2019
C03218,Robert,Kim,Male,4/20/1993,Sacramento,California,Salaried,Retail,67700,2/18/2018
C03219,Lauren,Eaton,Female,1/16/1984,Atlanta,Georgia,Retired,Retail,33200,6/22/2025
C03220,Leonard,Lamb,Male,4/28/1981,Austin,Texas,Business Owner,Retail,41500,1/14/2020
C03221,Marie,Thomas,Female,10/18/1995,Minneapolis,Minnesota,Salaried,Retail,54500,5/5/2023
C03222,Jamie,Young,Female,4/15/1973,Seattle,Washington,Self Employed,Retail,76100,2/1/2021
C03223,Joshua,Buchanan,Male,9/11/1979,Denver,Colorado,Retired,Retail,87600,9/4/2019
C03224,Ashley,Carter,Female,12/1/1994,San Antonio,Texas,Business Owner,Retail,43200,1/8/2020
C03225,Dennis,Wright,Male,11/23/1998,Orlando,Florida,Business Owner,Retail,46700,12/17/2024
C03226,Nathan,Smith,Male,12/15/1993,Seattle,Washington,Self Employed,SME,40300,11/17/2019
C03227,Lisa,Sosa,Female,9/17/1960,Cincinnati,Ohio,Salaried,Retail,84600,11/25/2019
C03228,Elizabeth,Hart,Female,4/1/1967,Nashville,Tennessee,Business Owner,Retail,52300,10/27/2021
C03229,Linda,Brown,Female,1/19/1981,Kansas City,Missouri,Self Employed,Retail,71700,10/13/2020
C03230,Cory,Huff,Male,10/10/1986,Austin,Texas,Retired,Premium,59700,5/27/2019
C03231,Karen,Gibson,Female,3/2/2004,Phoenix,Arizona,Student,Retail,63100,8/22/2019
C03232,Debra,Yates,Female,7/9/1991,Tampa,Florida,Salaried,Premium,255100,10/10/2022
C03233,Kimberly,Kemp,Female,5/2/1988,Austin,Texas,Retired,Retail,118500,7/12/2021
C03234,Lorraine,Adams,Female,10/3/1977,Sacramento,California,Freelancer,Wealth,80000,9/12/2019
C03235,Carolyn,Osborne,Female,2/17/1978,San Antonio,Texas,Self Employed,Retail,28200,2/5/2023
C03236,Steven,Mclean,Male,2/6/1963,Portland,Oregon,Business Owner,Retail,46600,10/8/2020
C03237,Melissa,James,Female,1/9/1994,Sacramento,California,Business Owner,Retail,34900,10/7/2018
C03238,David,Hernandez,Male,6/13/1988,Charlotte,North Carolina,Salaried,Corporate,65600,6/22/2020
C03239,Bryan,Huynh,Male,4/11/1990,Indianapolis,Indiana,Salaried,Corporate,63500,9/25/2019
C03240,Ryan,Hernandez,Male,1/18/1960,Orlando,Florida,Business Owner,Corporate,103300,8/16/2020
C03241,Debbie,Rivera,Female,3/11/1979,Atlanta,Georgia,Retired,Corporate,128200,5/21/2020
C03242,Mark,Jones,Male,10/2/2001,San Antonio,Texas,Self Employed,Premium,64600,2/21/2025
C03243,Jessica,Washington,Female,11/7/1981,Austin,Texas,Retired,Retail,52200,8/15/2025
C03244,Yvonne,Shah,Female,12/26/1988,Seattle,Washington,Student,Retail,83500,2/11/2019
C03245,Michele,Rodriguez,Female,4/28/1975,Nashville,Tennessee,Business Owner,Retail,64600,3/17/2020
C03246,Vanessa,Collier,Female,8/3/1995,Austin,Texas,Student,Premium,213800,2/3/2020
C03247,Javier,Sawyer,Male,8/23/1982,Denver,Colorado,Business Owner,Retail,89000,1/18/2024
C03248,Laura,Howard,Female,2/9/1979,Portland,Oregon,Salaried,Retail,53300,2/20/2026
C03249,Jason,Brown,Male,9/16/1992,Seattle,Washington,Freelancer,Retail,35100,10/22/2019
C03250,Samuel,Davis,Male,12/8/1973,Atlanta,Georgia,Business Owner,Premium,137200,4/25/2024
C03251,Sandra,Burns,Female,8/23/1960,Minneapolis,Minnesota,Salaried,SME,29000,1/28/2022
C03252,Matthew,Yates,Male,12/15/1967,Nashville,Tennessee,Salaried,Premium,62300,7/5/2022
C03253,Amber,Oneill,Female,8/21/1983,Phoenix,Arizona,Student,Retail,43700,10/27/2020
C03254,Christopher,Hall,Male,1/18/1985,Portland,Oregon,Salaried,Retail,27900,7/5/2023
C03255,Mary,Williams,Female,5/19/1963,Raleigh,North Carolina,Self Employed,Premium,95200,4/2/2023
C03256,Jeffrey,Young,Male,12/9/1979,Raleigh,North Carolina,Retired,Retail,68400,1/6/2024
C03257,Amy,Smith,Female,4/21/2003,Sacramento,California,Self Employed,Retail,73800,6/4/2021
C03258,Christopher,Miller,Male,4/19/1987,San Antonio,Texas,Retired,Retail,39900,9/6/2020
C03259,Ann,Dominguez,Female,2/4/1961,Orlando,Florida,Business Owner,SME,126900,10/27/2020
C03260,William,Miller,Male,6/11/1994,Charlotte,North Carolina,Retired,Retail,41800,5/28/2022
C03261,Roger,Ramos,Male,2/9/1981,Tampa,Florida,Business Owner,Retail,254900,10/26/2018
C03262,Christina,Sanchez,Female,9/7/1996,Sacramento,California,Business Owner,Premium,52700,6/16/2022
C03263,Whitney,Sandoval,Female,7/8/1999,San Antonio,Texas,Freelancer,Premium,146700,10/22/2020
C03264,Jonathan,Mann,Male,11/18/1989,Denver,Colorado,Retired,SME,42600,11/22/2024
C03265,Charles,Carpenter,Male,12/14/1967,Pittsburgh,Pennsylvania,Student,Retail,36000,9/2/2025
C03266,Anthony,Pena,Male,3/14/1978,Kansas City,Missouri,Student,Retail,43900,5/26/2023
C03267,Amber,Tran,Female,1/3/1998,Pittsburgh,Pennsylvania,Freelancer,SME,151000,8/1/2025
C03268,Kelsey,Anthony,Female,4/18/1960,Atlanta,Georgia,Freelancer,Wealth,145500,11/5/2018
C03269,Victoria,Shah,Female,11/9/1962,Pittsburgh,Pennsylvania,Student,SME,101400,9/21/2025
C03270,Christopher,Martin,Male,1/4/1969,Indianapolis,Indiana,Freelancer,Retail,46500,12/16/2021
C03271,Andrew,Brown,Male,3/10/1993,Salt Lake City,Utah,Business Owner,Retail,34100,3/1/2018
C03272,Erik,Anderson,Male,11/16/1963,Orlando,Florida,Freelancer,Retail,143400,1/25/2021
C03273,Dennis,Boone,Male,3/10/1963,Indianapolis,Indiana,Freelancer,Retail,28200,10/7/2020
C03274,Nicholas,Hess,Male,1/28/1992,Indianapolis,Indiana,Self Employed,Premium,238000,12/21/2020
C03275,Gregory,Hill,Male,5/26/1960,Nashville,Tennessee,Freelancer,Retail,49200,9/7/2021
C03276,Danielle,Allen,Female,8/16/1968,Orlando,Florida,Student,Premium,57400,9/23/2018
C03277,Roberta,Le,Female,8/12/1968,Sacramento,California,Student,Retail,34700,2/3/2019
C03278,Edwin,Adams,Male,7/14/1984,Indianapolis,Indiana,Retired,Retail,83100,12/26/2020
C03279,Benjamin,Mooney,Male,12/2/1989,Indianapolis,Indiana,Business Owner,SME,138600,6/30/2020
C03280,Michael,Hendrix,Male,1/14/1996,Orlando,Florida,Business Owner,Retail,78400,1/3/2023
C03281,Shane,Middleton,Male,4/23/1972,Portland,Oregon,Self Employed,SME,102500,1/17/2023
C03282,Emily,Anderson,Female,10/4/2004,Tampa,Florida,Student,Retail,44300,6/28/2025
C03283,Sarah,Castro,Female,3/3/1978,Denver,Colorado,Retired,Corporate,78200,12/30/2018
C03284,Amy,Garrett,Female,12/9/1960,Salt Lake City,Utah,Business Owner,SME,48200,10/25/2020
C03285,Nicholas,Williams,Male,12/25/1970,Cincinnati,Ohio,Freelancer,Premium,179800,12/8/2025
C03286,Derek,Owens,Male,1/15/2000,Minneapolis,Minnesota,Student,Premium,75300,9/15/2023
C03287,Adam,Bryan,Male,9/15/2000,Salt Lake City,Utah,Self Employed,SME,51300,1/23/2024
C03288,Stephanie,Anderson,Female,1/1/1973,Raleigh,North Carolina,Freelancer,Retail,41700,5/4/2023
C03289,Jamie,Robinson,Female,5/13/1981,Sacramento,California,Freelancer,Retail,43500,4/24/2018
C03290,Jasmine,Garrett,Female,5/26/1978,Orlando,Florida,Freelancer,Retail,36700,7/7/2025
C03291,Christina,Wilson,Female,5/27/1993,San Antonio,Texas,Salaried,Corporate,60100,3/22/2023
C03292,Angel,Olson,Male,4/11/1991,Columbus,Ohio,Freelancer,Wealth,574800,8/9/2023
C03293,Christine,Nguyen,Female,11/13/1996,Austin,Texas,Student,Retail,81200,2/21/2018
C03294,Melissa,Johnson,Female,4/23/2000,Salt Lake City,Utah,Retired,Retail,66800,11/15/2020
C03295,Terri,Simmons,Female,1/19/1965,Atlanta,Georgia,Freelancer,Retail,30100,3/21/2020
C03296,Julie,Cooper,Female,3/8/2001,Sacramento,California,Business Owner,Retail,45500,5/26/2020
C03297,Nicholas,Benson,Male,10/28/1971,Salt Lake City,Utah,Retired,Retail,53700,4/10/2024
C03298,Victor,Wilson,Male,1/20/1967,Atlanta,Georgia,Self Employed,Corporate,65400,10/23/2024
C03299,Michael,Norton,Male,2/23/1962,Raleigh,North Carolina,Student,Wealth,285300,11/7/2022
C03300,Katherine,Phillips,Female,4/20/1981,Pittsburgh,Pennsylvania,Student,Retail,55900,2/19/2023
C03301,Linda,Black,Female,1/15/1961,Seattle,Washington,Freelancer,Retail,37800,4/20/2024
C03302,Eric,Haynes,Male,11/27/1987,Orlando,Florida,Retired,Retail,32100,9/1/2021
C03303,Kimberly,Gonzales,Female,3/11/1997,Columbus,Ohio,Student,Corporate,95400,5/5/2024
C03304,Frances,Torres,Female,3/11/1973,Atlanta,Georgia,Retired,Retail,90800,1/18/2026
C03305,Kayla,Salazar,Female,8/2/1970,Seattle,Washington,Freelancer,Premium,70400,10/26/2020
C03306,Jason,Walsh,Male,7/4/1986,San Antonio,Texas,Student,Retail,73400,10/4/2023
C03307,Michelle,Williams,Female,9/27/1970,Austin,Texas,Retired,Retail,132600,11/25/2019
C03308,Deborah,Case,Female,10/9/1976,Nashville,Tennessee,Salaried,SME,150700,11/1/2023
C03309,Scott,Smith,Male,12/11/1999,San Antonio,Texas,Salaried,Retail,20700,2/9/2024
C03310,James,Long,Male,1/4/1994,Orlando,Florida,Self Employed,Retail,69400,3/28/2025
C03311,Gregory,Dillon,Male,8/20/1991,Cincinnati,Ohio,Salaried,Wealth,160200,11/11/2018
C03312,Travis,Martin,Male,2/17/1973,Austin,Texas,Salaried,Corporate,51400,3/9/2020
C03313,Jeffrey,Rowe,Male,11/25/1985,Orlando,Florida,Salaried,Premium,116200,11/19/2019
C03314,Jeremy,Guerra,Male,3/8/1962,Portland,Oregon,Self Employed,Retail,59500,12/24/2024
C03315,Matthew,Hall,Male,1/28/1998,Raleigh,North Carolina,Salaried,SME,69900,11/3/2025
C03316,Travis,Lopez,Male,2/21/2004,Minneapolis,Minnesota,Business Owner,Premium,181200,6/19/2021
C03317,Joshua,Wallace,Male,5/7/1975,Charlotte,North Carolina,Business Owner,Corporate,116900,3/12/2021
C03318,Gabriela,Nguyen,Female,7/20/1979,Portland,Oregon,Salaried,Retail,46600,7/1/2019
C03319,Justin,Howe,Male,9/6/1969,Portland,Oregon,Retired,SME,100000,2/26/2026
C03320,Carlos,Cooper,Male,11/23/1978,Cincinnati,Ohio,Business Owner,Premium,55200,9/24/2024
C03321,Dwayne,Pearson,Male,5/23/1971,Cincinnati,Ohio,Freelancer,Retail,23000,1/21/2023
C03322,Stephanie,Joseph,Female,6/5/1970,Austin,Texas,Freelancer,Premium,68300,4/3/2021
C03323,Stephanie,Mitchell,Female,12/7/1993,Indianapolis,Indiana,Student,Retail,36400,9/2/2023
C03324,Timothy,Riley,Male,7/15/1967,Tampa,Florida,Self Employed,Corporate,165000,8/3/2021
C03325,Joshua,Hodge,Male,4/17/1981,Tampa,Florida,Self Employed,Retail,38600,12/2/2019
C03326,Curtis,Cooper,Male,10/10/1999,Salt Lake City,Utah,Business Owner,Retail,33200,3/19/2020
C03327,Vanessa,Miller,Female,9/9/1998,Denver,Colorado,Salaried,Corporate,59600,12/2/2023
C03328,Denise,Wheeler,Female,6/6/1992,Nashville,Tennessee,Retired,Retail,43300,10/23/2020
C03329,Megan,Vargas,Female,10/16/1988,San Antonio,Texas,Retired,Retail,47700,8/9/2020
C03330,Tracey,Hayes,Female,12/1/1980,Columbus,Ohio,Self Employed,Retail,100500,2/17/2026
C03331,Jake,Hawkins,Male,3/19/1995,Atlanta,Georgia,Business Owner,Retail,104800,3/19/2019
C03332,William,Bryant,Male,2/27/1970,Denver,Colorado,Business Owner,Retail,103300,5/1/2018
C03333,Amanda,Wolfe,Female,1/13/1979,Indianapolis,Indiana,Salaried,Retail,23500,1/24/2026
C03334,Diane,West,Female,1/22/1989,Denver,Colorado,Retired,Retail,95700,3/27/2024
C03335,Robert,Griffin,Male,11/22/1972,Austin,Texas,Business Owner,Retail,39800,2/12/2025
C03336,Jose,Valdez,Male,11/3/1994,Phoenix,Arizona,Salaried,SME,80100,2/13/2019
C03337,Ashley,Ross,Female,12/14/1981,Nashville,Tennessee,Self Employed,Retail,71800,1/2/2021
C03338,Jordan,Williamson,Female,12/1/1985,Pittsburgh,Pennsylvania,Student,Retail,26200,6/14/2018
C03339,Angela,Williams,Female,11/7/1969,Atlanta,Georgia,Student,Premium,170400,5/15/2025
C03340,Kimberly,Becker,Female,4/24/1980,Atlanta,Georgia,Retired,Retail,60400,4/29/2024
C03341,Justin,Wells,Male,4/12/1990,Kansas City,Missouri,Self Employed,Premium,87100,1/18/2025
C03342,Joshua,Pena,Male,8/22/2004,Columbus,Ohio,Freelancer,Premium,56200,10/19/2024
C03343,Rickey,Anderson,Male,7/10/1979,Charlotte,North Carolina,Business Owner,Retail,25700,2/8/2026
C03344,Deanna,Lyons,Female,6/5/2003,Austin,Texas,Student,Premium,113800,11/12/2019
C03345,Jason,Robertson,Male,4/11/1990,Atlanta,Georgia,Business Owner,Wealth,138800,10/1/2025
C03346,Megan,Rowe,Female,6/13/1965,Atlanta,Georgia,Self Employed,Premium,43600,7/2/2022
C03347,Janet,Forbes,Female,9/14/1993,Indianapolis,Indiana,Business Owner,Retail,33400,1/30/2022
C03348,Sydney,Myers,Female,12/21/1967,Raleigh,North Carolina,Business Owner,SME,40500,5/14/2024
C03349,Jeffrey,Wright,Male,11/10/1990,Columbus,Ohio,Freelancer,Retail,113400,5/14/2021
C03350,Michele,Harding,Female,9/4/1975,Austin,Texas,Student,SME,29000,3/13/2025
C03351,Michael,Petersen,Male,5/22/1971,Seattle,Washington,Business Owner,Retail,24000,12/12/2022
C03352,Chad,Simmons,Male,4/21/1980,Cincinnati,Ohio,Business Owner,SME,183700,9/9/2020
C03353,Alyssa,Salazar,Female,8/11/1963,Minneapolis,Minnesota,Retired,SME,143600,12/28/2019
C03354,Joe,Aguirre,Male,6/15/1963,Orlando,Florida,Salaried,SME,76700,2/14/2026
C03355,Jason,Cervantes,Male,3/9/1965,Charlotte,North Carolina,Business Owner,Retail,83300,4/22/2020
C03356,Susan,Hardy,Female,2/9/2000,Salt Lake City,Utah,Salaried,Premium,41400,2/19/2026
C03357,Shannon,Yoder,Female,10/21/1984,Minneapolis,Minnesota,Retired,Retail,118900,11/7/2025
C03358,Trevor,Williams,Male,6/1/1984,Salt Lake City,Utah,Salaried,Retail,79700,3/17/2019
C03359,Joel,White,Male,1/5/1980,Indianapolis,Indiana,Self Employed,Premium,55600,5/23/2023
C03360,Stephen,Wheeler,Male,10/18/1995,Indianapolis,Indiana,Business Owner,Retail,32700,11/15/2025
C03361,Kathy,Jackson,Female,5/5/1995,Seattle,Washington,Retired,Retail,121000,12/6/2020
C03362,Jeffrey,Alvarez,Male,1/21/1962,Indianapolis,Indiana,Student,Retail,28900,11/26/2019
C03363,Melinda,Miller,Female,7/3/1994,Orlando,Florida,Student,Premium,73600,8/18/2021
C03364,Monique,Vargas,Female,7/7/2004,Portland,Oregon,Business Owner,SME,80600,8/6/2023
C03365,Elizabeth,Johns,Female,8/22/1996,Portland,Oregon,Student,SME,171900,3/6/2018
C03366,Andrew,Clarke,Male,12/21/1979,Portland,Oregon,Business Owner,Retail,43400,1/19/2018
C03367,Daniel,Dean,Male,10/2/1974,Nashville,Tennessee,Retired,Wealth,69700,12/27/2021
C03368,Sarah,Stevens,Female,7/20/2000,Kansas City,Missouri,Self Employed,Premium,62000,1/3/2022
C03369,Michael,Daugherty,Male,8/13/2003,Phoenix,Arizona,Salaried,Retail,46800,12/29/2018
C03370,Gregory,Ross,Male,3/13/1978,Charlotte,North Carolina,Retired,Retail,30900,4/6/2018
C03371,Kim,Andrews,Female,6/19/1977,Atlanta,Georgia,Student,Retail,55800,3/10/2022
C03372,Debra,Ellis,Female,3/26/1981,Orlando,Florida,Salaried,Retail,20700,1/6/2023
C03373,Kimberly,Hernandez,Female,6/25/2003,San Antonio,Texas,Freelancer,Corporate,106500,9/26/2019
C03374,Eric,Ramirez,Male,3/6/1964,Columbus,Ohio,Salaried,SME,121700,5/26/2025
C03375,Melinda,Thomas,Female,3/28/1980,Portland,Oregon,Retired,Retail,47200,9/9/2025
C03376,Joel,Perry,Male,3/7/1980,San Antonio,Texas,Self Employed,Corporate,98300,9/4/2018
C03377,Haley,Wells,Female,9/11/2002,Orlando,Florida,Retired,Retail,47800,1/5/2026
C03378,Samantha,Park,Female,5/5/1968,Denver,Colorado,Salaried,Retail,78000,12/6/2025
C03379,Carly,Gilmore,Female,10/28/2003,Cincinnati,Ohio,Salaried,Retail,68100,7/3/2021
C03380,Nathan,Carter,Male,12/6/1987,Atlanta,Georgia,Self Employed,Retail,26700,12/15/2020
C03381,Donald,Lopez,Male,2/17/1964,San Antonio,Texas,Freelancer,Premium,94300,4/16/2022
C03382,Martin,Sims,Male,4/22/1998,Raleigh,North Carolina,Student,Retail,51400,12/15/2018
C03383,Karen,Yang,Female,4/7/1963,Austin,Texas,Business Owner,Wealth,306100,2/26/2021
C03384,Robert,Olson,Male,11/10/1993,Denver,Colorado,Freelancer,Retail,147900,10/13/2024
C03385,Gary,Martinez,Male,4/16/1965,Cincinnati,Ohio,Retired,SME,82000,9/11/2020
C03386,Donald,Hancock,Male,12/24/1991,San Antonio,Texas,Student,SME,71100,11/2/2021
C03387,Nathan,Crawford,Male,5/12/1984,Sacramento,California,Retired,Retail,20700,9/17/2021
C03388,Rebecca,Duncan,Female,6/25/1972,Nashville,Tennessee,Self Employed,Corporate,45500,8/20/2020
C03389,Bryan,Simmons,Male,10/24/1994,Salt Lake City,Utah,Business Owner,Corporate,76000,8/12/2025
C03390,Eric,Johnson,Male,11/17/1979,Denver,Colorado,Student,Retail,24700,2/28/2018
C03391,Kimberly,Meyers,Female,5/23/1988,Austin,Texas,Retired,Retail,58700,5/10/2023
C03392,Elizabeth,Perry,Female,2/14/1970,San Antonio,Texas,Freelancer,Wealth,165000,6/29/2024
C03393,Nathan,Little,Male,1/6/1975,Sacramento,California,Business Owner,Premium,37300,11/19/2019
C03394,Beth,Diaz,Female,4/24/1970,Salt Lake City,Utah,Salaried,Corporate,268900,10/21/2019
C03395,Tiffany,Hill,Female,3/18/1994,Raleigh,North Carolina,Retired,Retail,126500,1/7/2022
C03396,Abigail,Baker,Female,11/24/1984,Denver,Colorado,Business Owner,Retail,69400,6/1/2022
C03397,Melissa,Carter,Female,7/9/1979,Phoenix,Arizona,Salaried,Corporate,86800,10/11/2018
C03398,Andrea,Sparks,Female,8/25/1997,Charlotte,North Carolina,Student,Retail,107800,6/28/2018
C03399,Jenna,Woods,Female,4/14/2003,Seattle,Washington,Self Employed,Retail,68100,1/10/2021
C03400,Gregory,Cruz,Male,11/8/1962,San Antonio,Texas,Freelancer,Retail,20700,12/26/2018
C03401,Jesus,Ramsey,Male,6/16/1977,Austin,Texas,Self Employed,Retail,32000,4/19/2024
C03402,Lisa,Evans,Female,11/17/1991,Austin,Texas,Retired,Retail,27900,9/13/2023
C03403,Johnny,Hughes,Male,6/24/1982,Denver,Colorado,Student,Retail,67700,8/26/2022
C03404,Margaret,Schneider,Female,5/2/1997,Kansas City,Missouri,Freelancer,Premium,68200,2/27/2018
C03405,Mark,Nelson,Male,6/11/1996,Columbus,Ohio,Retired,Retail,27900,9/30/2021
C03406,Kristen,Simmons,Female,3/5/1972,San Antonio,Texas,Retired,Retail,44600,7/14/2022
C03407,Ashley,Patton,Female,3/3/1997,Denver,Colorado,Retired,SME,90000,11/6/2025
C03408,Melissa,Wilson,Female,8/18/1997,Austin,Texas,Freelancer,Retail,47400,3/22/2020
C03409,Kayla,Perez,Female,7/8/1996,Denver,Colorado,Retired,Retail,21600,1/21/2020
C03410,Nicole,Nguyen,Female,10/24/1982,Indianapolis,Indiana,Business Owner,Retail,37400,7/19/2022
C03411,Joanne,Gray,Female,2/16/1960,Pittsburgh,Pennsylvania,Freelancer,Retail,79900,11/17/2021
C03412,Rebecca,Duran,Female,1/14/1984,Orlando,Florida,Student,Corporate,67600,3/11/2022
C03413,Carly,James,Female,12/10/1999,Austin,Texas,Salaried,Retail,59000,12/17/2025
C03414,Kathy,Cruz,Female,12/6/1973,Salt Lake City,Utah,Freelancer,Retail,34800,4/10/2022
C03415,Daniel,Brewer,Male,3/22/1980,Cincinnati,Ohio,Self Employed,Premium,37500,1/22/2024
C03416,Paul,Hobbs,Male,7/28/2003,Minneapolis,Minnesota,Freelancer,SME,112900,10/2/2018
C03417,Kirk,Meyer,Male,4/21/1981,Kansas City,Missouri,Student,Wealth,516800,6/8/2023
C03418,Bianca,Larson,Female,4/21/1961,Seattle,Washington,Student,Retail,44200,12/19/2019
C03419,Mary,Long,Female,11/8/1964,Charlotte,North Carolina,Salaried,Retail,95800,2/28/2020
C03420,Robert,Gardner,Male,8/20/2003,Cincinnati,Ohio,Student,Retail,20700,1/19/2022
C03421,Alexis,Floyd,Female,11/23/1982,Cincinnati,Ohio,Self Employed,Retail,99700,9/24/2025
C03422,Steven,Carpenter,Male,6/14/2004,Sacramento,California,Business Owner,Retail,20700,7/8/2022
C03423,Kimberly,Roach,Female,9/2/1989,Charlotte,North Carolina,Retired,Retail,74700,10/8/2024
C03424,Frank,Wilson,Male,6/6/1992,Denver,Colorado,Salaried,Corporate,135300,12/30/2025
C03425,Chris,Anderson,Male,2/9/1980,Denver,Colorado,Student,Premium,83400,2/21/2026
C03426,Janet,Townsend,Female,6/15/1986,Denver,Colorado,Salaried,Retail,37900,5/13/2024
C03427,Kimberly,Cain,Female,5/23/2002,Columbus,Ohio,Retired,SME,83700,12/15/2020
C03428,Margaret,Adams,Female,4/22/1978,Pittsburgh,Pennsylvania,Student,SME,223300,6/7/2022
C03429,Nathan,Porter,Male,9/18/1975,Denver,Colorado,Freelancer,SME,56900,2/14/2022
C03430,Courtney,Davis,Female,12/13/1982,Seattle,Washington,Retired,Corporate,113900,2/11/2020
C03431,Joanne,Sawyer,Female,2/19/1960,Austin,Texas,Salaried,Corporate,45500,4/20/2024
C03432,Alexander,Lopez,Male,4/14/2002,Columbus,Ohio,Salaried,Retail,54200,7/2/2025
C03433,Christopher,Diaz,Male,4/21/1961,Atlanta,Georgia,Retired,Premium,101800,12/5/2024
C03434,Curtis,Salazar,Male,8/14/1985,San Antonio,Texas,Business Owner,Wealth,62100,10/21/2020
C03435,Jennifer,Johnson,Female,7/12/1974,Charlotte,North Carolina,Student,Retail,65100,3/21/2021
C03436,James,Tyler,Male,7/16/1997,Cincinnati,Ohio,Salaried,Retail,38400,5/27/2022
C03437,Rodney,Ingram,Male,1/19/1998,Nashville,Tennessee,Freelancer,SME,61000,5/31/2025
C03438,Meghan,Dunn,Female,9/17/1982,Salt Lake City,Utah,Self Employed,Retail,22100,7/19/2021
C03439,Garrett,Fernandez,Male,9/2/1991,Nashville,Tennessee,Business Owner,Premium,103600,5/1/2022
C03440,Jill,Moore,Female,10/26/1980,Tampa,Florida,Self Employed,Retail,20700,10/28/2023
C03441,Amber,Mills,Female,5/13/1980,Charlotte,North Carolina,Self Employed,Retail,69900,7/5/2022
C03442,Wendy,Chavez,Female,10/21/1974,Pittsburgh,Pennsylvania,Retired,Wealth,163900,3/29/2022
C03443,Vanessa,Salazar,Female,9/8/1964,Portland,Oregon,Freelancer,Retail,53600,10/5/2018
C03444,Rachel,Peterson,Female,10/21/1965,Tampa,Florida,Self Employed,Retail,93200,6/3/2025
C03445,Nathan,Stewart,Male,2/27/1978,Pittsburgh,Pennsylvania,Freelancer,Retail,59800,8/30/2025
C03446,Mercedes,Morales,Female,4/18/1968,Orlando,Florida,Salaried,Retail,46700,2/4/2025
C03447,Eric,Vasquez,Male,12/17/1970,Austin,Texas,Freelancer,Premium,55100,5/20/2020
C03448,Kenneth,Meyer,Male,8/18/1999,Pittsburgh,Pennsylvania,Retired,Retail,48300,2/14/2019
C03449,Becky,Smith,Female,7/8/1972,Charlotte,North Carolina,Freelancer,Retail,104600,2/4/2018
C03450,Matthew,Ali,Male,7/8/1984,Indianapolis,Indiana,Retired,Retail,99900,8/27/2021
C03451,Ariel,Wagner,Female,4/27/1974,Tampa,Florida,Student,SME,33600,1/14/2023
C03452,Ricardo,Martin,Male,8/3/1988,Austin,Texas,Self Employed,Premium,178700,8/30/2018
C03453,Brian,Stewart,Male,8/11/1993,Atlanta,Georgia,Freelancer,SME,50800,2/22/2018
C03454,Michelle,Thornton,Female,1/13/1986,Cincinnati,Ohio,Retired,Retail,52500,4/18/2023
C03455,Jacqueline,Tate,Female,6/11/1984,Indianapolis,Indiana,Student,Corporate,107500,11/25/2020
C03456,Kristen,Nguyen,Female,12/24/1966,Raleigh,North Carolina,Freelancer,Retail,34200,5/15/2021
C03457,Jonathon,Walsh,Male,9/18/2003,Phoenix,Arizona,Freelancer,Retail,75200,4/6/2019
C03458,Bruce,Mclaughlin,Male,2/25/1983,Charlotte,North Carolina,Self Employed,SME,110500,2/4/2024
C03459,David,Moss,Male,6/15/1964,Raleigh,North Carolina,Freelancer,Retail,79000,8/22/2022
C03460,Martin,Espinoza,Male,10/18/1960,Kansas City,Missouri,Self Employed,Retail,78700,6/10/2023
C03461,Leslie,Miller,Female,7/2/1992,Columbus,Ohio,Self Employed,Retail,81200,9/19/2025
C03462,Louis,Dean,Male,9/19/1973,Orlando,Florida,Business Owner,Retail,42300,11/12/2018
C03463,Julian,Wise,Male,12/16/1981,Columbus,Ohio,Business Owner,SME,58400,8/5/2025
C03464,Alexandra,Wells,Female,2/13/1989,Atlanta,Georgia,Retired,Retail,54700,3/11/2023
C03465,Paula,Davis,Female,7/24/1990,Nashville,Tennessee,Freelancer,SME,81000,2/17/2021
C03466,Nathan,Andrews,Male,8/25/1995,Portland,Oregon,Retired,SME,38000,9/27/2019
C03467,David,Simmons,Male,5/3/1996,Indianapolis,Indiana,Retired,Corporate,142800,10/26/2025
C03468,Hannah,Vasquez,Female,3/12/1985,Minneapolis,Minnesota,Business Owner,Retail,89800,10/31/2021
C03469,Thomas,Dickerson,Male,2/27/1977,Raleigh,North Carolina,Business Owner,Retail,25600,1/15/2018
C03470,Anna,Fischer,Female,6/13/1974,Salt Lake City,Utah,Retired,Retail,51300,2/7/2018
C03471,Megan,Parsons,Female,10/27/1988,Phoenix,Arizona,Freelancer,Corporate,217800,7/25/2019
C03472,Alicia,Sampson,Female,3/25/1972,Denver,Colorado,Retired,Corporate,85900,7/9/2021
C03473,Christopher,Santiago,Male,11/7/1978,Austin,Texas,Self Employed,Retail,36200,3/25/2018
C03474,Anne,Fischer,Female,6/18/1970,Pittsburgh,Pennsylvania,Student,Retail,55900,6/14/2025
C03475,Tracy,Martin,Female,4/3/1985,Cincinnati,Ohio,Self Employed,Retail,41500,10/7/2023
C03476,Amy,Simmons,Female,4/23/1975,Minneapolis,Minnesota,Business Owner,SME,59100,5/27/2024
C03477,David,Wilson,Male,2/14/2000,Denver,Colorado,Salaried,SME,283800,9/8/2018
C03478,Jessica,Martin,Female,7/8/1984,Tampa,Florida,Salaried,Corporate,284900,4/3/2021
C03479,Joseph,Chambers,Male,11/11/1994,Minneapolis,Minnesota,Salaried,Retail,44400,2/9/2025
C03480,James,Briggs,Male,5/17/1992,Minneapolis,Minnesota,Student,Retail,141700,1/26/2018
C03481,Anthony,Bryant,Male,10/1/1986,Phoenix,Arizona,Freelancer,Premium,79600,4/5/2022
C03482,Laura,Stewart,Female,5/3/1979,Atlanta,Georgia,Business Owner,Wealth,123600,4/12/2023
C03483,Misty,Allen,Female,2/14/1969,Orlando,Florida,Salaried,Retail,93100,3/3/2023
C03484,Christopher,Flores,Male,11/1/1964,Denver,Colorado,Self Employed,Premium,171900,6/1/2025
C03485,Carla,Howe,Female,11/24/1982,Minneapolis,Minnesota,Self Employed,Retail,44800,6/29/2020
C03486,Allen,Duke,Male,8/25/1967,Cincinnati,Ohio,Self Employed,Retail,42600,4/24/2024
C03487,Robert,Stewart,Male,3/10/2004,Kansas City,Missouri,Business Owner,Corporate,122300,5/1/2025
C03488,Haley,Dalton,Female,9/19/1963,Indianapolis,Indiana,Retired,SME,86800,1/15/2018
C03489,Julie,Ellis,Female,7/20/1970,Tampa,Florida,Freelancer,Retail,43200,7/22/2020
C03490,Joshua,Bell,Male,12/20/1977,Atlanta,Georgia,Business Owner,Retail,85500,7/7/2018
C03491,Tyler,Bennett,Male,5/20/1991,Indianapolis,Indiana,Freelancer,Retail,57200,8/8/2020
C03492,Cassandra,Middleton,Female,7/12/2001,Portland,Oregon,Freelancer,Retail,63500,11/19/2023
C03493,Joanne,Hernandez,Female,4/1/1972,Minneapolis,Minnesota,Freelancer,Retail,106800,10/3/2020
C03494,Meghan,Martinez,Female,11/2/1997,Atlanta,Georgia,Freelancer,Retail,79100,3/10/2019
C03495,Jonathan,Welch,Male,1/27/1997,Columbus,Ohio,Salaried,Retail,93400,9/1/2018
C03496,Joshua,Carlson,Male,8/9/1963,Seattle,Washington,Student,Retail,46500,5/27/2019
C03497,Holly,Yu,Female,12/1/1976,Portland,Oregon,Retired,Retail,69200,6/11/2022
C03498,Kylie,Clark,Female,8/25/2003,Columbus,Ohio,Salaried,Retail,38900,12/18/2022
C03499,John,Schultz,Male,7/13/1974,Atlanta,Georgia,Retired,Premium,133600,1/7/2018
C03500,Sandra,Zavala,Female,9/20/1987,Cincinnati,Ohio,Salaried,Retail,62400,6/7/2021
C03501,Christina,Williams,Female,4/25/1997,Cincinnati,Ohio,Student,Retail,45700,3/10/2022
C03502,Kelli,Woods,Female,7/14/2004,Atlanta,Georgia,Student,Premium,37300,11/14/2023
C03503,Michelle,Ruiz,Female,6/5/1989,Denver,Colorado,Student,Retail,59100,1/1/2021
C03504,Isaiah,Hughes,Male,9/8/1999,Indianapolis,Indiana,Retired,Corporate,80200,2/10/2022
C03505,Michelle,Chavez,Female,7/2/2004,Atlanta,Georgia,Self Employed,Retail,53700,4/3/2021
C03506,Danielle,Riley,Female,2/9/1965,Minneapolis,Minnesota,Business Owner,Premium,164900,2/27/2026
C03507,Jennifer,Mosley,Female,11/28/1972,Portland,Oregon,Business Owner,Premium,87800,6/13/2024
C03508,Suzanne,Fisher,Female,4/20/1988,Portland,Oregon,Self Employed,Retail,20700,7/3/2022
C03509,Susan,Evans,Female,2/2/1997,Kansas City,Missouri,Student,Retail,70600,1/3/2025
C03510,Gail,Frank,Female,1/16/1973,Nashville,Tennessee,Freelancer,SME,151600,2/3/2023
C03511,Katherine,Black,Female,12/14/2003,Denver,Colorado,Self Employed,Wealth,165300,8/6/2020
C03512,Shannon,White,Female,5/25/1975,San Antonio,Texas,Student,Retail,20700,3/29/2019
C03513,Leonard,Buckley,Male,6/26/1984,Atlanta,Georgia,Self Employed,Retail,54000,7/3/2023
C03514,Luis,Smith,Male,11/28/1999,Kansas City,Missouri,Retired,Retail,35600,7/15/2022
C03515,Michelle,Mccullough,Female,9/10/2000,Minneapolis,Minnesota,Self Employed,Retail,90200,3/21/2023
C03516,Alexa,Sullivan,Female,12/26/1963,Orlando,Florida,Business Owner,Retail,47400,5/5/2024
C03517,Steven,Norris,Male,1/16/1991,Austin,Texas,Business Owner,SME,60600,6/5/2021
C03518,Brandon,Russo,Male,1/24/1960,Minneapolis,Minnesota,Self Employed,Corporate,50900,5/19/2019
C03519,Elizabeth,Warren,Female,5/25/1987,Salt Lake City,Utah,Retired,Retail,97000,10/23/2019
C03520,Kathy,Zamora,Female,9/22/1995,Indianapolis,Indiana,Business Owner,SME,99900,8/8/2024
C03521,Valerie,Bailey,Female,12/20/1996,Portland,Oregon,Business Owner,Retail,49700,12/30/2022
C03522,Damon,Horton,Male,8/27/1992,Raleigh,North Carolina,Retired,Premium,90100,10/21/2025
C03523,Curtis,Roach,Male,11/23/1982,Atlanta,Georgia,Retired,Premium,227700,8/19/2021
C03524,Dana,Williams,Female,1/25/1985,Cincinnati,Ohio,Salaried,Premium,66300,10/9/2019
C03525,Mary,Stanley,Female,1/2/1984,Raleigh,North Carolina,Student,Retail,37200,12/13/2021
C03526,Alexander,Fernandez,Male,1/15/1990,Atlanta,Georgia,Student,Retail,28300,10/28/2022
C03527,Nathan,Buckley,Male,1/14/1980,Cincinnati,Ohio,Retired,SME,96100,1/30/2026
C03528,Heather,Hall,Female,12/10/1961,Seattle,Washington,Student,Retail,53500,7/9/2019
C03529,Summer,Allen,Female,1/5/1988,Indianapolis,Indiana,Business Owner,Corporate,85400,5/31/2023
C03530,Joseph,Sanders,Male,7/2/1981,Atlanta,Georgia,Freelancer,SME,58000,7/3/2018
C03531,David,Mahoney,Male,10/1/1987,Cincinnati,Ohio,Freelancer,Retail,89600,1/27/2020
C03532,Denise,Green,Female,4/9/1964,Austin,Texas,Freelancer,Retail,45400,1/18/2018
C03533,Eric,Hill,Male,12/21/1974,Columbus,Ohio,Retired,Retail,95000,11/15/2022
C03534,Beth,Griffin,Female,9/22/1989,Denver,Colorado,Student,Retail,53700,7/7/2020
C03535,Ashley,Chavez,Female,4/13/1967,Indianapolis,Indiana,Business Owner,Corporate,99200,1/1/2022
C03536,Emily,Howard,Female,3/14/1983,Columbus,Ohio,Student,Retail,26800,2/4/2018
C03537,Nicole,Lee,Female,10/12/1970,Raleigh,North Carolina,Salaried,Retail,42100,6/3/2019
C03538,Adam,Hall,Male,11/19/1981,Cincinnati,Ohio,Business Owner,Premium,274700,4/18/2024
C03539,Jacob,Ramirez,Male,3/28/1998,Austin,Texas,Business Owner,Retail,44400,12/24/2018
C03540,Kristy,Cox,Female,8/23/1997,Portland,Oregon,Retired,Wealth,62100,10/2/2021
C03541,Willie,Hart,Male,3/15/1964,Cincinnati,Ohio,Retired,SME,110100,7/11/2023
C03542,Barbara,Cantrell,Female,3/4/2004,San Antonio,Texas,Salaried,Retail,20700,8/3/2021
C03543,Anna,Ramos,Female,7/25/2004,Atlanta,Georgia,Salaried,Retail,34700,8/2/2025
C03544,Joshua,Johnston,Male,1/4/1966,Charlotte,North Carolina,Retired,Retail,63200,4/6/2024
C03545,Lonnie,Gregory,Male,1/25/1977,Kansas City,Missouri,Self Employed,SME,46600,7/4/2022
C03546,Catherine,Terry,Female,8/25/1967,Charlotte,North Carolina,Retired,SME,29900,1/29/2024
C03547,Janet,Powers,Female,1/11/1998,Pittsburgh,Pennsylvania,Salaried,SME,156100,2/28/2020
C03548,Michelle,Holden,Female,12/27/1978,Cincinnati,Ohio,Student,Retail,107200,12/18/2025
C03549,Joseph,Peters,Male,11/17/1981,Orlando,Florida,Freelancer,Premium,200300,1/26/2020
C03550,Patrick,Garza,Male,2/4/1975,Tampa,Florida,Self Employed,Retail,45300,4/5/2021
C03551,Jesse,Walker,Male,7/25/1988,San Antonio,Texas,Student,Retail,51200,10/13/2019
C03552,Daniel,Woods,Male,5/20/1989,Salt Lake City,Utah,Self Employed,Retail,72300,5/12/2022
C03553,Carol,Benson,Female,3/1/1997,Minneapolis,Minnesota,Freelancer,Retail,73400,5/7/2019
C03554,Anna,Lopez,Female,6/16/1985,San Antonio,Texas,Retired,SME,208400,12/29/2024
C03555,Melanie,Dennis,Female,5/8/1963,Raleigh,North Carolina,Business Owner,SME,93100,12/11/2021
C03556,Richard,Flowers,Male,7/5/1993,Salt Lake City,Utah,Self Employed,SME,111300,7/15/2020
C03557,Sierra,Garcia,Female,3/9/1990,Minneapolis,Minnesota,Salaried,SME,70300,6/10/2020
C03558,Brandi,White,Female,6/16/1983,Pittsburgh,Pennsylvania,Retired,Retail,53300,3/30/2020
C03559,Robert,Graham,Male,5/2/1975,Pittsburgh,Pennsylvania,Freelancer,Retail,36300,3/2/2025
C03560,Taylor,Green,Female,9/12/1992,Portland,Oregon,Retired,Premium,53000,3/14/2020
C03561,Bryan,Little,Male,11/20/1983,Indianapolis,Indiana,Self Employed,Retail,27300,8/25/2022
C03562,James,Reed,Male,2/26/1975,Kansas City,Missouri,Retired,Retail,20700,10/23/2024
C03563,Jason,Flores,Male,11/16/1981,Raleigh,North Carolina,Retired,SME,70600,4/28/2021
C03564,Nancy,Ramirez,Female,3/24/1961,Raleigh,North Carolina,Freelancer,Retail,71600,5/24/2020
C03565,Douglas,Jordan,Male,11/10/1966,Nashville,Tennessee,Freelancer,Premium,103100,11/8/2025
C03566,Kara,Cowan,Female,7/27/1993,Tampa,Florida,Student,Premium,80400,3/5/2025
C03567,Christina,Johnston,Female,8/16/1976,Portland,Oregon,Self Employed,Premium,150800,4/3/2023
C03568,Rebecca,Cook,Female,7/1/1971,Kansas City,Missouri,Freelancer,Corporate,142700,6/27/2020
C03569,Amy,Perry,Female,3/5/1978,Cincinnati,Ohio,Self Employed,Retail,220700,1/14/2022
C03570,Keith,Long,Male,8/25/1990,Portland,Oregon,Self Employed,Retail,47700,3/13/2019
C03571,Christopher,Rowe,Male,6/6/1993,Charlotte,North Carolina,Self Employed,Retail,90200,12/22/2025
C03572,Danielle,Torres,Female,9/8/1972,Austin,Texas,Self Employed,Premium,60300,3/6/2018
C03573,Angela,Huynh,Female,6/23/1989,Phoenix,Arizona,Student,Premium,45000,4/29/2023
C03574,Stephanie,Wells,Female,10/23/1984,Salt Lake City,Utah,Self Employed,Wealth,406200,6/20/2019
C03575,Maria,Waters,Female,6/10/1969,Salt Lake City,Utah,Student,Retail,161700,12/29/2022
C03576,Donald,Smith,Male,11/26/1993,Sacramento,California,Retired,Retail,71900,8/26/2021
C03577,Lindsey,Brown,Female,11/11/1978,Seattle,Washington,Freelancer,Wealth,200700,11/30/2022
C03578,Jason,Parks,Male,11/11/1974,Indianapolis,Indiana,Student,Wealth,141800,7/26/2025
C03579,Jennifer,Robinson,Female,10/13/1992,Cincinnati,Ohio,Freelancer,SME,39400,3/19/2023
C03580,Phillip,Wise,Male,12/16/1965,Pittsburgh,Pennsylvania,Salaried,Premium,176200,3/3/2024
C03581,Kathleen,Hall,Female,1/4/1961,Tampa,Florida,Salaried,Corporate,165700,8/11/2021
C03582,Rodney,Young,Male,10/11/1980,Portland,Oregon,Freelancer,Retail,89700,10/27/2025
C03583,Ricardo,Thomas,Male,9/1/2002,Minneapolis,Minnesota,Freelancer,Retail,52300,12/16/2019
C03584,Sarah,Anderson,Female,11/10/2003,Portland,Oregon,Freelancer,SME,118200,5/24/2025
C03585,Steven,Hernandez,Male,5/27/1999,Atlanta,Georgia,Freelancer,Retail,38900,9/21/2021
C03586,Curtis,Haley,Male,11/7/1971,Denver,Colorado,Student,SME,29000,3/13/2023
C03587,Sarah,Baker,Female,8/22/2003,Raleigh,North Carolina,Business Owner,Retail,47400,12/20/2023
C03588,Meredith,Williams,Female,1/7/1980,Portland,Oregon,Student,Premium,113300,11/4/2018
C03589,Summer,Woodward,Female,1/26/1992,Indianapolis,Indiana,Freelancer,Retail,60600,8/16/2022
C03590,Katherine,Pierce,Female,11/9/1991,Seattle,Washington,Self Employed,Retail,78700,2/17/2022
C03591,Pamela,Bailey,Female,9/22/1987,Austin,Texas,Self Employed,SME,195100,5/4/2022
C03592,Jennifer,Carter,Female,12/5/1983,Pittsburgh,Pennsylvania,Self Employed,SME,53000,8/4/2021
C03593,Kelsey,Johnson,Female,9/25/1990,Minneapolis,Minnesota,Student,Retail,22000,5/1/2022
C03594,Samuel,Jordan,Male,12/22/1986,Nashville,Tennessee,Freelancer,Wealth,62100,7/17/2022
C03595,Laura,Griffith,Female,10/13/1966,Orlando,Florida,Self Employed,Retail,111000,7/4/2024
C03596,Michael,Phillips,Male,6/3/1997,Salt Lake City,Utah,Salaried,Premium,154600,4/24/2025
C03597,Katherine,Townsend,Female,7/5/1972,Austin,Texas,Retired,Premium,79300,3/9/2023
C03598,Ashlee,Greene,Female,9/4/1979,Salt Lake City,Utah,Freelancer,Retail,72700,1/31/2025
C03599,Bianca,Mitchell,Female,7/12/1998,Orlando,Florida,Retired,SME,68200,2/7/2024
C03600,Nicholas,Hoover,Male,8/16/1988,Austin,Texas,Student,Premium,73300,1/1/2019
C03601,Luke,Nelson,Male,10/20/2004,Indianapolis,Indiana,Salaried,Retail,29200,5/14/2025
C03602,John,Clay,Male,4/7/1996,Atlanta,Georgia,Student,Corporate,165300,12/8/2020
C03603,Donald,West,Male,3/3/1961,San Antonio,Texas,Freelancer,Retail,37200,10/24/2024
C03604,Kathy,Howard,Female,5/6/1993,Denver,Colorado,Salaried,Premium,106100,4/22/2023
C03605,Angel,Jackson,Male,6/11/2002,San Antonio,Texas,Freelancer,Premium,60400,2/18/2024
C03606,Aaron,Hall,Male,8/22/1995,Columbus,Ohio,Retired,Retail,115400,1/1/2026
C03607,Alexandria,Gardner,Female,4/26/1998,Indianapolis,Indiana,Salaried,Retail,129000,3/15/2022
C03608,Kristen,Hardin,Female,10/21/1982,Cincinnati,Ohio,Business Owner,Retail,50000,8/17/2022
C03609,Lisa,Graham,Female,6/11/2003,Nashville,Tennessee,Freelancer,Retail,20700,9/3/2025
C03610,Michael,Parker,Male,9/2/1993,Salt Lake City,Utah,Freelancer,SME,69000,8/7/2025
C03611,Ashley,Williams,Female,2/21/1994,Columbus,Ohio,Student,Retail,52500,9/1/2024
C03612,Angela,Griffin,Female,5/16/1976,Portland,Oregon,Student,Retail,59100,3/5/2020
C03613,Monica,Daniels,Female,5/13/2000,Austin,Texas,Business Owner,Corporate,82000,6/9/2024
C03614,Jason,Harrison,Male,4/16/1974,San Antonio,Texas,Retired,Premium,137100,4/14/2019
C03615,George,Vega,Male,6/1/1964,Seattle,Washington,Business Owner,Retail,50000,7/6/2021
C03616,William,Carpenter,Male,3/4/1980,Salt Lake City,Utah,Retired,Premium,73000,11/8/2018
C03617,Anna,Johnston,Female,10/16/1982,Nashville,Tennessee,Retired,Retail,109000,4/16/2019
C03618,Jamie,Gutierrez,Female,2/15/1995,Seattle,Washington,Self Employed,Corporate,106300,11/19/2024
C03619,Wendy,Mckinney,Female,9/17/2001,Sacramento,California,Freelancer,Retail,47600,1/23/2022
C03620,Wendy,Hogan,Female,4/4/1967,Sacramento,California,Salaried,Corporate,129000,11/18/2022
C03621,Julia,Moore,Female,6/6/1996,Orlando,Florida,Freelancer,Retail,32500,10/9/2019
C03622,Matthew,Prince,Male,4/17/1969,Denver,Colorado,Retired,Retail,47600,4/24/2024
C03623,Stephen,Ward,Male,6/12/1990,Charlotte,North Carolina,Retired,Retail,108400,6/15/2018
C03624,Sarah,Davis,Female,6/19/1963,Minneapolis,Minnesota,Business Owner,Retail,23500,3/4/2024
C03625,Andrea,Cole,Female,1/11/1978,Raleigh,North Carolina,Student,Premium,54100,5/30/2019
C03626,Carol,Mack,Female,3/7/1966,Portland,Oregon,Retired,Premium,81600,4/19/2023
C03627,Jeffrey,Johnson,Male,11/18/1997,Columbus,Ohio,Retired,Retail,30300,7/11/2022
C03628,Lance,Lee,Male,8/18/1993,Minneapolis,Minnesota,Freelancer,Retail,70900,5/5/2023
C03629,Jeffrey,Wood,Male,7/8/1989,Cincinnati,Ohio,Student,Retail,107600,4/26/2022
C03630,Amanda,Cole,Female,10/16/1961,San Antonio,Texas,Business Owner,Premium,71500,1/30/2022
C03631,Jacob,Wheeler,Male,12/5/1988,Salt Lake City,Utah,Salaried,Premium,40000,12/14/2022
C03632,Brian,Wyatt,Male,12/6/1974,Seattle,Washington,Business Owner,Premium,54700,4/1/2021
C03633,Kevin,Nguyen,Male,1/11/1975,Austin,Texas,Salaried,Premium,169300,2/23/2023
C03634,James,Smith,Male,4/19/1980,Sacramento,California,Business Owner,Premium,231900,2/24/2025
C03635,Jamie,Williamson,Female,2/23/1995,Columbus,Ohio,Salaried,SME,68500,7/20/2023
C03636,Carol,Brown,Female,4/23/1980,Columbus,Ohio,Retired,Premium,70100,6/7/2020
C03637,Pamela,Martin,Female,1/25/1983,Seattle,Washington,Student,Retail,31300,1/15/2020
C03638,Jonathan,Guzman,Male,9/4/1968,Denver,Colorado,Student,Retail,56200,11/3/2023
C03639,Christopher,Hernandez,Male,8/19/1974,Columbus,Ohio,Business Owner,SME,75900,12/12/2018
C03640,Jeremy,Madden,Male,2/16/1990,Orlando,Florida,Retired,Retail,93600,3/4/2022
C03641,Sergio,Robinson,Male,1/14/1973,Charlotte,North Carolina,Student,Premium,129600,12/20/2022
C03642,Janice,Thomas,Female,9/13/1972,Indianapolis,Indiana,Business Owner,Retail,60000,12/4/2021
C03643,Kimberly,Burton,Female,8/26/1982,Pittsburgh,Pennsylvania,Freelancer,Retail,20700,6/20/2019
C03644,Jerry,Riley,Male,5/2/1960,Raleigh,North Carolina,Salaried,Retail,125500,1/17/2025
C03645,Diamond,Taylor,Female,6/17/1980,Kansas City,Missouri,Freelancer,Retail,30000,9/3/2019
C03646,Edward,Carter,Male,1/5/1993,Salt Lake City,Utah,Salaried,Retail,27300,7/22/2022
C03647,Sonya,Bridges,Female,9/22/1960,Austin,Texas,Freelancer,Retail,209200,4/16/2022
C03648,Jon,Jenkins,Male,4/21/1965,San Antonio,Texas,Salaried,Retail,71800,6/19/2018
C03649,Matthew,Crawford,Male,9/10/1981,Phoenix,Arizona,Student,Retail,70200,5/26/2024
C03650,Monica,Hughes,Female,1/21/2003,Seattle,Washington,Freelancer,Retail,58900,11/27/2021
C03651,Maria,Foley,Female,11/8/1962,Charlotte,North Carolina,Self Employed,Corporate,89000,11/6/2019
C03652,Jerry,Pena,Male,6/25/1983,Phoenix,Arizona,Business Owner,Retail,79500,9/22/2018
C03653,Elizabeth,Graves,Female,11/6/2001,Phoenix,Arizona,Freelancer,Retail,150200,10/11/2020
C03654,Justin,Jones,Male,1/24/1962,Seattle,Washington,Business Owner,Retail,36600,11/13/2025
C03655,Laura,Young,Female,12/14/1994,Kansas City,Missouri,Salaried,Retail,32100,11/28/2022
C03656,Thomas,Wheeler,Male,10/17/1996,Salt Lake City,Utah,Student,SME,41400,7/23/2022
C03657,Anthony,Wilson,Male,2/8/1995,Kansas City,Missouri,Freelancer,SME,36000,1/10/2020
C03658,Mark,Johnston,Male,6/2/1966,Kansas City,Missouri,Business Owner,Retail,37100,12/4/2022
C03659,Jessica,Delgado,Female,3/28/1967,Orlando,Florida,Student,Retail,46700,12/7/2019
C03660,Jennifer,Owen,Female,6/16/1997,Indianapolis,Indiana,Salaried,Corporate,110000,3/25/2023
C03661,Wanda,Cruz,Female,4/3/2001,Orlando,Florida,Self Employed,Corporate,148900,4/17/2022
C03662,Jeffrey,Lee,Male,5/15/1976,Denver,Colorado,Business Owner,Retail,46900,1/30/2020
C03663,Sheila,Gomez,Female,5/12/1976,San Antonio,Texas,Freelancer,Premium,91600,2/20/2022
C03664,Charles,Copeland,Male,11/22/1965,Nashville,Tennessee,Business Owner,SME,97900,9/2/2024
C03665,James,Hess,Male,7/5/1991,Charlotte,North Carolina,Retired,Retail,26600,5/26/2022
C03666,Amy,Young,Female,5/6/1970,Columbus,Ohio,Student,SME,105800,12/7/2020
C03667,Jasmine,Joseph,Female,3/14/1960,Nashville,Tennessee,Business Owner,Premium,63800,4/28/2022
C03668,Sarah,Yoder,Female,4/5/1995,Denver,Colorado,Salaried,SME,65900,9/18/2025
C03669,Nathan,Wilson,Male,2/27/1982,Raleigh,North Carolina,Student,Retail,63200,10/21/2021
C03670,Amy,Stone,Female,7/18/1983,Minneapolis,Minnesota,Self Employed,Retail,68200,4/13/2023
C03671,Frank,Anderson,Male,7/7/1969,Denver,Colorado,Self Employed,Retail,61400,7/24/2022
C03672,Melissa,Reilly,Female,8/8/1970,Portland,Oregon,Retired,Retail,42600,10/7/2021
C03673,Jessica,Garcia,Female,2/19/1992,Charlotte,North Carolina,Retired,Premium,66700,9/10/2025
C03674,Nicholas,Wilson,Male,5/9/1996,Atlanta,Georgia,Freelancer,Premium,81200,7/10/2022
C03675,Jessica,Chambers,Female,5/23/1992,San Antonio,Texas,Freelancer,SME,89500,8/16/2023
C03676,Rebekah,Moore,Female,1/7/1971,Cincinnati,Ohio,Salaried,Retail,49000,4/29/2020
C03677,Eric,Grant,Male,9/8/2003,Kansas City,Missouri,Salaried,Retail,29300,6/19/2022
C03678,Derek,Brown,Male,9/27/1977,Austin,Texas,Retired,Retail,38700,12/5/2023
C03679,Heather,Franklin,Female,6/7/2001,Seattle,Washington,Retired,Retail,27500,1/22/2019
C03680,Kristin,Cole,Female,4/9/1991,Raleigh,North Carolina,Student,SME,159900,2/20/2018
C03681,Tracie,Douglas,Female,3/8/1986,Charlotte,North Carolina,Freelancer,Premium,75400,12/17/2019
C03682,Kayla,Jones,Female,8/18/1979,Atlanta,Georgia,Salaried,Premium,75400,8/31/2022
C03683,Kevin,Wilson,Male,1/17/1964,Atlanta,Georgia,Salaried,Retail,50400,4/30/2024
C03684,Dennis,Ramsey,Male,11/12/1990,Seattle,Washington,Retired,Retail,127300,5/28/2020
C03685,Elizabeth,Willis,Female,2/25/1995,San Antonio,Texas,Self Employed,Retail,32500,8/9/2018
C03686,Jeremy,Rodriguez,Male,8/3/2003,Charlotte,North Carolina,Retired,SME,125900,9/28/2019
C03687,Amanda,Tate,Female,6/28/1963,Minneapolis,Minnesota,Salaried,Corporate,135200,2/3/2025
C03688,Nathan,Gamble,Male,5/16/2001,Indianapolis,Indiana,Salaried,Retail,46000,8/4/2020
C03689,Christopher,Bailey,Male,4/18/1989,Indianapolis,Indiana,Self Employed,Retail,41900,6/12/2024
C03690,Timothy,Delgado,Male,11/6/2002,Sacramento,California,Retired,Wealth,129000,9/2/2025
C03691,Elizabeth,Christian,Female,6/10/1991,Phoenix,Arizona,Retired,Retail,21900,1/3/2021
C03692,Jessica,Roth,Female,1/2/1994,Sacramento,California,Self Employed,Retail,104300,6/26/2022
C03693,Paul,Wright,Male,9/8/1998,San Antonio,Texas,Retired,Retail,76000,7/12/2023
C03694,Charlene,Scott,Female,1/28/1962,Raleigh,North Carolina,Self Employed,Corporate,125800,1/25/2019
C03695,Tamara,Hernandez,Female,6/19/1974,Denver,Colorado,Business Owner,Premium,37300,3/17/2018
C03696,Melissa,Wilson,Female,2/10/1963,Tampa,Florida,Self Employed,Retail,20700,1/30/2018
C03697,Taylor,Nguyen,Female,3/26/1970,San Antonio,Texas,Self Employed,Wealth,62100,5/2/2022
C03698,Anna,Smith,Female,4/4/1974,Austin,Texas,Business Owner,Retail,62500,3/21/2023
C03699,Derek,Clark,Male,6/25/1962,Nashville,Tennessee,Retired,Retail,73400,12/17/2025
C03700,Olivia,Tucker,Female,6/14/1960,Minneapolis,Minnesota,Self Employed,Corporate,161500,2/3/2022
C03701,Scott,Baker,Male,2/16/1983,Seattle,Washington,Self Employed,Corporate,82800,11/25/2025
C03702,Eric,Rogers,Male,7/16/1993,Indianapolis,Indiana,Self Employed,Wealth,74500,4/22/2021
C03703,Todd,Marquez,Male,4/12/1970,Pittsburgh,Pennsylvania,Business Owner,SME,65800,4/13/2023
C03704,Regina,Gonzales,Female,6/7/1991,Denver,Colorado,Freelancer,Retail,222900,8/7/2025
C03705,Tyler,Brown,Male,7/4/1970,Raleigh,North Carolina,Student,Retail,34700,3/4/2026
C03706,John,Cooper,Male,2/16/1975,Kansas City,Missouri,Self Employed,Wealth,91000,4/14/2021
C03707,Lisa,Barber,Female,6/10/1979,Charlotte,North Carolina,Salaried,Wealth,143500,4/9/2023
C03708,Joseph,Johnson,Male,10/1/1965,Nashville,Tennessee,Retired,Premium,79900,12/12/2021
C03709,Angela,Morton,Female,4/9/1960,Portland,Oregon,Salaried,Retail,23800,5/4/2022
C03710,Steven,Davis,Male,11/2/1973,Tampa,Florida,Freelancer,Retail,68400,11/10/2023
C03711,Cassandra,Norris,Female,3/1/1989,Denver,Colorado,Business Owner,SME,163000,2/20/2018
C03712,Brandon,Douglas,Male,10/3/1964,Minneapolis,Minnesota,Freelancer,Premium,158200,11/28/2022
C03713,Diana,Long,Female,5/3/1969,Kansas City,Missouri,Freelancer,Retail,79000,12/7/2025
C03714,Christine,Nelson,Female,5/16/1967,Denver,Colorado,Retired,Retail,36700,8/21/2019
C03715,Joyce,Walker,Female,1/21/1974,Atlanta,Georgia,Student,Retail,156600,8/13/2018
C03716,Christine,Jones,Female,10/26/1993,Orlando,Florida,Freelancer,Retail,61100,9/27/2022
C03717,Sean,Graham,Male,3/3/1980,Austin,Texas,Salaried,SME,70700,11/10/2022
C03718,Robert,Sampson,Male,6/1/1997,Nashville,Tennessee,Freelancer,Retail,107000,5/23/2020
C03719,Andres,Freeman,Male,2/8/2001,Portland,Oregon,Freelancer,Premium,64900,2/18/2018
C03720,Elizabeth,Foster,Female,10/28/1994,Portland,Oregon,Freelancer,Premium,121500,3/20/2022
C03721,Chelsea,Pearson,Female,9/26/1967,Salt Lake City,Utah,Student,Corporate,45500,6/9/2021
C03722,Samantha,Howe,Female,4/9/1975,Portland,Oregon,Self Employed,Premium,64400,11/5/2022
C03723,Edwin,Maldonado,Male,1/4/1990,Seattle,Washington,Salaried,Premium,91800,6/19/2025
C03724,Dwayne,Austin,Male,1/9/1980,Portland,Oregon,Retired,Wealth,217600,9/3/2021
C03725,Laura,Vasquez,Female,9/19/1985,Seattle,Washington,Salaried,Premium,105000,9/19/2024
C03726,Connie,Jackson,Female,10/5/1990,Raleigh,North Carolina,Retired,Retail,53600,7/23/2018
C03727,Mark,Thomas,Male,12/20/1973,Austin,Texas,Retired,Premium,153900,11/19/2021
C03728,Joseph,Hernandez,Male,12/24/1962,Nashville,Tennessee,Retired,Premium,127600,12/23/2023
C03729,Rachel,Morris,Female,9/26/1985,Salt Lake City,Utah,Retired,Retail,68100,9/22/2021
C03730,Meagan,Hardy,Female,9/5/1968,Seattle,Washington,Student,Corporate,176300,6/14/2023
C03731,Katherine,Miller,Female,6/1/1968,Portland,Oregon,Salaried,SME,91500,10/6/2022
C03732,Matthew,Chen,Male,8/23/2004,Indianapolis,Indiana,Self Employed,Retail,39500,4/5/2020
C03733,Laura,Henderson,Female,8/8/2001,Columbus,Ohio,Freelancer,Premium,139000,9/11/2019
C03734,Haley,Jones,Female,5/6/1998,Minneapolis,Minnesota,Freelancer,Retail,119700,9/13/2023
C03735,Kathy,Dawson,Female,10/23/1964,Sacramento,California,Self Employed,Premium,151800,3/10/2025
C03736,Ruben,Jenkins,Male,6/12/1996,Minneapolis,Minnesota,Student,Premium,150800,4/24/2021
C03737,Bianca,Stevens,Female,4/15/1991,Indianapolis,Indiana,Freelancer,Premium,86600,10/20/2018
C03738,Michael,Diaz,Male,3/3/1997,Atlanta,Georgia,Freelancer,Retail,20700,4/29/2020
C03739,Judith,Acosta,Female,1/16/1966,Salt Lake City,Utah,Student,Retail,30600,6/20/2024
C03740,Devin,Ellis,Male,5/23/1993,Nashville,Tennessee,Self Employed,Corporate,69700,11/28/2019
C03741,Megan,Reyes,Female,8/26/1995,Salt Lake City,Utah,Self Employed,Retail,97100,7/23/2024
C03742,William,Mosley,Male,8/1/1975,Tampa,Florida,Salaried,Wealth,135600,7/11/2020
C03743,John,Dennis,Male,12/18/1987,Tampa,Florida,Student,Retail,44900,10/4/2018
C03744,William,Maldonado,Male,10/8/1966,Raleigh,North Carolina,Retired,Retail,45800,1/13/2018
C03745,Billy,Rodriguez,Male,11/9/1988,Cincinnati,Ohio,Salaried,Wealth,121700,7/3/2020
C03746,Miranda,Jackson,Female,1/22/1988,Cincinnati,Ohio,Business Owner,Retail,39000,5/8/2018
C03747,Patrick,Sosa,Male,1/1/1991,Sacramento,California,Self Employed,Retail,34400,12/16/2020
C03748,Ashley,Burton,Female,11/4/1966,Kansas City,Missouri,Salaried,Corporate,46900,7/13/2019
C03749,Tami,Bird,Female,8/16/1977,Kansas City,Missouri,Freelancer,Premium,97300,12/21/2021
C03750,Curtis,Jackson,Male,2/12/1989,Orlando,Florida,Freelancer,Retail,38300,5/17/2018
C03751,Nicholas,Cruz,Male,7/14/1961,Sacramento,California,Salaried,Retail,20700,8/14/2024
C03752,Breanna,Acosta,Female,12/8/1981,Columbus,Ohio,Freelancer,Retail,37600,8/22/2018
C03753,Joshua,James,Male,8/20/1991,Orlando,Florida,Salaried,Retail,44200,8/24/2022
C03754,Brian,Hampton,Male,10/5/1994,Tampa,Florida,Salaried,SME,120300,5/8/2023
C03755,Mary,Taylor,Female,7/6/1966,Atlanta,Georgia,Retired,SME,60900,1/10/2021
C03756,Nathan,Thompson,Male,3/12/1975,Portland,Oregon,Business Owner,SME,64100,1/13/2026
C03757,Richard,Rodriguez,Male,8/20/1984,Orlando,Florida,Self Employed,Premium,66300,7/9/2021
C03758,Maria,Rose,Female,9/4/1960,Columbus,Ohio,Business Owner,Premium,285500,8/11/2021
C03759,Sheryl,Stark,Female,12/15/1980,San Antonio,Texas,Business Owner,Wealth,346700,4/20/2021
C03760,Kerry,Blair,Female,6/9/1962,Indianapolis,Indiana,Student,Retail,100100,6/7/2023
C03761,Jason,Young,Male,10/26/1960,Nashville,Tennessee,Salaried,Retail,28000,4/9/2018
C03762,Theodore,Briggs,Male,5/28/1974,Denver,Colorado,Student,Premium,75600,1/24/2025
C03763,Karen,Mora,Female,10/3/1961,Portland,Oregon,Retired,SME,102800,11/20/2020
C03764,Mary,Massey,Female,1/2/1963,Minneapolis,Minnesota,Business Owner,SME,38400,12/27/2024
C03765,Ryan,Rodriguez,Male,9/26/1984,Sacramento,California,Business Owner,Retail,81500,7/23/2022
C03766,Susan,Barrett,Female,9/19/1978,Minneapolis,Minnesota,Student,Premium,160700,9/5/2018
C03767,Chris,Spencer,Male,9/2/1972,Denver,Colorado,Self Employed,Premium,132500,6/27/2025
C03768,Meghan,Thomas,Female,6/6/1984,Tampa,Florida,Retired,Premium,69900,4/3/2018
C03769,Meagan,Jacobs,Female,2/11/1975,Phoenix,Arizona,Business Owner,SME,50000,10/19/2018
C03770,Robert,Callahan,Male,5/16/2003,San Antonio,Texas,Salaried,SME,66800,1/7/2025
C03771,Deborah,Roth,Female,4/25/2004,Salt Lake City,Utah,Salaried,SME,88400,10/27/2019
C03772,Megan,Bell,Female,7/4/1979,Raleigh,North Carolina,Business Owner,Retail,36600,2/5/2022
C03773,David,Atkinson,Male,3/9/1998,Charlotte,North Carolina,Self Employed,Premium,54300,12/24/2022
C03774,Ariel,Alvarado,Female,12/22/1977,Atlanta,Georgia,Freelancer,Premium,125100,1/15/2026
C03775,Crystal,Perkins,Female,2/23/1996,Columbus,Ohio,Salaried,SME,124600,1/21/2018
C03776,Michael,Alvarez,Male,5/13/2002,Pittsburgh,Pennsylvania,Retired,Retail,87300,9/26/2019
C03777,Caitlin,Hill,Female,12/27/1995,Phoenix,Arizona,Student,SME,70800,6/21/2025
C03778,Edwin,Moses,Male,5/28/1986,Portland,Oregon,Business Owner,Premium,190600,8/30/2019
C03779,Jacqueline,Kirby,Female,10/4/1967,Raleigh,North Carolina,Business Owner,SME,66100,12/14/2022
C03780,Derek,Hurst,Male,7/14/1989,San Antonio,Texas,Retired,Premium,82900,2/17/2020
C03781,David,Williams,Male,7/27/1970,Raleigh,North Carolina,Student,Retail,33000,11/18/2022
C03782,Peter,Ortiz,Male,1/17/1991,Pittsburgh,Pennsylvania,Salaried,Corporate,66100,1/17/2025
C03783,Mary,Valdez,Female,7/24/2001,Raleigh,North Carolina,Salaried,Corporate,320000,6/2/2025
C03784,Sean,Cobb,Male,8/16/1977,Phoenix,Arizona,Self Employed,Wealth,109300,2/4/2022
C03785,Amber,Jennings,Female,2/12/2004,Minneapolis,Minnesota,Student,Retail,29700,8/19/2021
C03786,Katie,Cook,Female,7/21/1983,Atlanta,Georgia,Freelancer,Retail,126200,7/3/2025
C03787,Mercedes,Mack,Female,11/14/1984,Portland,Oregon,Salaried,Retail,138000,5/4/2024
C03788,Brian,Bird,Male,1/22/1973,Columbus,Ohio,Student,Retail,45800,5/13/2022
C03789,Breanna,Khan,Female,11/17/1980,Pittsburgh,Pennsylvania,Self Employed,SME,68700,3/27/2025
C03790,Elizabeth,Smith,Female,1/8/1985,San Antonio,Texas,Student,Retail,42300,8/22/2025
C03791,Matthew,Richardson,Male,9/6/1976,Phoenix,Arizona,Salaried,Premium,136800,5/29/2023
C03792,Brooke,Thomas,Female,2/14/1985,Seattle,Washington,Self Employed,Retail,43400,2/13/2021
C03793,Adam,Hernandez,Male,7/10/1966,Portland,Oregon,Freelancer,Premium,37300,4/13/2023
C03794,Angela,Taylor,Female,10/6/1981,Indianapolis,Indiana,Retired,Retail,20700,9/11/2018
C03795,Arthur,Arnold,Male,9/5/1999,Portland,Oregon,Self Employed,Retail,49800,6/15/2021
C03796,Kenneth,Zamora,Male,3/7/1961,Pittsburgh,Pennsylvania,Business Owner,SME,69500,12/28/2024
C03797,Matthew,Glenn,Male,9/1/1966,Phoenix,Arizona,Salaried,Retail,38900,3/26/2025
C03798,Scott,Henderson,Male,5/14/1996,Indianapolis,Indiana,Business Owner,SME,45900,11/16/2022
C03799,Johnny,Moon,Male,6/4/1997,Raleigh,North Carolina,Business Owner,Wealth,177100,10/4/2024
C03800,Craig,Duran,Male,11/14/1987,Austin,Texas,Retired,Premium,68100,7/30/2025
C03801,Katherine,Clarke,Female,6/28/1990,Cincinnati,Ohio,Student,Premium,152500,9/19/2020
C03802,Cody,Wright,Male,4/10/1990,Portland,Oregon,Freelancer,Premium,109800,1/5/2020
C03803,Brenda,King,Female,3/22/1990,Sacramento,California,Business Owner,Corporate,183600,3/21/2020
C03804,Joseph,Fox,Male,8/20/1987,Indianapolis,Indiana,Freelancer,Premium,37300,3/24/2023
C03805,Elizabeth,Wilson,Female,9/23/1985,Atlanta,Georgia,Retired,Retail,81900,11/21/2018
C03806,Amanda,Smith,Female,7/15/1993,Indianapolis,Indiana,Retired,Retail,50100,12/8/2018
C03807,Haley,Arroyo,Female,1/15/1978,Salt Lake City,Utah,Self Employed,Retail,100700,2/27/2021
C03808,Kathryn,Smith,Female,8/8/1980,Tampa,Florida,Salaried,Retail,51700,11/25/2025
C03809,Julie,Jones,Female,2/19/1989,Minneapolis,Minnesota,Salaried,Retail,80500,1/8/2020
C03810,Martha,Garcia,Female,8/17/1983,San Antonio,Texas,Salaried,SME,51400,11/20/2018
C03811,Ashley,Ray,Female,6/7/1973,Pittsburgh,Pennsylvania,Business Owner,SME,83400,6/9/2022
C03812,Sandra,Ford,Female,2/27/1974,Sacramento,California,Retired,Retail,62100,2/20/2020
C03813,Antonio,Arnold,Male,6/14/1988,Denver,Colorado,Student,Wealth,291600,5/22/2020
C03814,Robert,Larson,Male,8/26/1998,Orlando,Florida,Salaried,Premium,151900,3/9/2024
C03815,Rose,Robinson,Female,3/24/1970,Seattle,Washington,Freelancer,Premium,82800,8/28/2024
C03816,Alice,Salazar,Female,1/6/1985,San Antonio,Texas,Retired,SME,58700,2/4/2026
C03817,Priscilla,Watson,Female,8/3/1977,Salt Lake City,Utah,Business Owner,Retail,73500,8/4/2018
C03818,Cheyenne,Miller,Female,12/8/1980,Denver,Colorado,Salaried,SME,112600,9/11/2019
C03819,Michael,Mccormick,Male,10/25/1985,Portland,Oregon,Business Owner,Retail,50400,11/17/2020
C03820,Misty,Hall,Female,7/5/1981,Charlotte,North Carolina,Student,Retail,21300,12/4/2020
C03821,Heather,Garcia,Female,10/9/1984,Salt Lake City,Utah,Business Owner,Premium,124900,3/10/2019
C03822,Leah,Christian,Female,8/25/1970,Charlotte,North Carolina,Salaried,Retail,75600,2/20/2022
C03823,Nicholas,Trujillo,Male,2/19/1961,Kansas City,Missouri,Retired,Retail,76100,11/29/2019
C03824,Erica,Wolfe,Female,12/18/1991,Austin,Texas,Freelancer,Retail,21900,7/17/2019
C03825,Jose,Schultz,Male,3/24/1976,Seattle,Washington,Business Owner,Retail,57500,5/23/2019
C03826,Joshua,Montes,Male,11/17/1988,Orlando,Florida,Business Owner,Premium,81800,8/9/2019
C03827,Brenda,Johnson,Female,7/24/1964,Nashville,Tennessee,Student,Premium,92200,5/25/2025
C03828,Joyce,Vega,Female,8/21/1965,Kansas City,Missouri,Business Owner,Retail,47300,6/20/2024
C03829,Jason,Williams,Male,11/8/1969,Portland,Oregon,Business Owner,Premium,119600,10/27/2020
C03830,Meagan,Johns,Female,2/11/1989,Tampa,Florida,Salaried,Retail,83300,12/19/2025
C03831,Kayla,Wright,Female,1/15/1960,Kansas City,Missouri,Student,SME,75800,11/25/2022
C03832,Ronald,Cortez,Male,11/14/1993,Tampa,Florida,Freelancer,SME,70000,1/14/2019
C03833,Martin,Austin,Male,3/18/1970,Seattle,Washington,Freelancer,Corporate,45500,8/21/2024
C03834,Rodney,Little,Male,6/6/1967,Atlanta,Georgia,Self Employed,Retail,31500,9/28/2022
C03835,Teresa,Soto,Female,12/2/1977,Sacramento,California,Retired,SME,85900,7/20/2024
C03836,Nathan,Mills,Male,12/15/1978,Nashville,Tennessee,Salaried,Premium,172000,12/24/2019
C03837,Justin,Harrison,Male,7/26/1981,Indianapolis,Indiana,Self Employed,Retail,53600,1/5/2022
C03838,Nicole,Peters,Female,1/26/2002,Portland,Oregon,Freelancer,Retail,39200,9/13/2020
C03839,Patricia,Taylor,Female,4/12/1963,Sacramento,California,Salaried,SME,189200,5/23/2022
C03840,Tammy,Roberson,Female,2/14/1984,Sacramento,California,Freelancer,Premium,42500,2/29/2020
C03841,Adam,Garza,Male,3/25/1963,Austin,Texas,Salaried,Retail,105200,12/9/2024
C03842,Renee,Ramos,Female,6/28/1971,Atlanta,Georgia,Retired,Retail,20700,1/3/2021
C03843,Elizabeth,Garrett,Female,8/18/1999,Minneapolis,Minnesota,Salaried,SME,68200,1/4/2024
C03844,Amber,Shaw,Female,5/4/2000,Cincinnati,Ohio,Self Employed,Corporate,102500,12/24/2025
C03845,Monica,Alvarez,Female,1/25/1974,Pittsburgh,Pennsylvania,Salaried,Retail,46800,12/13/2025
C03846,Robert,Hall,Male,12/28/1998,Kansas City,Missouri,Student,Wealth,152100,3/8/2022
C03847,Alexander,Mills,Male,5/10/1960,Seattle,Washington,Salaried,Retail,56800,12/12/2020
C03848,Jaime,Benson,Female,3/16/1960,Portland,Oregon,Business Owner,Premium,99800,4/11/2019
C03849,Patricia,Reynolds,Female,11/25/1960,Cincinnati,Ohio,Business Owner,Retail,253400,5/30/2023
C03850,Ruben,Roth,Male,9/25/1994,Cincinnati,Ohio,Retired,Retail,34200,11/6/2019
C03851,Donna,Hernandez,Female,1/15/1980,Charlotte,North Carolina,Salaried,Retail,41100,8/2/2021
C03852,Tammy,Ingram,Female,2/7/1963,Raleigh,North Carolina,Freelancer,Retail,39500,11/16/2021
C03853,Evelyn,Bishop,Female,2/7/1983,Minneapolis,Minnesota,Salaried,Wealth,221900,10/2/2023
C03854,Sean,Myers,Male,12/3/1982,Minneapolis,Minnesota,Business Owner,SME,224600,3/11/2022
C03855,Amber,Mccoy,Female,7/19/1981,Denver,Colorado,Student,Premium,137500,11/7/2025
C03856,Brenda,Moody,Female,7/18/1969,Seattle,Washington,Retired,Premium,156500,4/11/2020
C03857,Leslie,Brown,Female,3/22/1996,Salt Lake City,Utah,Student,Retail,117000,3/24/2020
C03858,Harry,Harrison,Male,8/3/1962,San Antonio,Texas,Self Employed,Retail,35800,3/27/2025
C03859,Andrea,Horton,Female,2/19/1994,Columbus,Ohio,Business Owner,Retail,43500,4/30/2020
C03860,Jessica,Reyes,Female,11/23/1982,San Antonio,Texas,Business Owner,Retail,229300,9/20/2022
C03861,Brandi,Callahan,Female,6/2/1967,Kansas City,Missouri,Retired,Corporate,211200,3/5/2024
C03862,Andrew,Williams,Male,7/25/1990,Pittsburgh,Pennsylvania,Salaried,Retail,37100,6/2/2025
C03863,Mark,Jones,Male,1/25/1984,Pittsburgh,Pennsylvania,Business Owner,Retail,68500,10/1/2020
C03864,Kathy,Gonzalez,Female,7/14/1987,Kansas City,Missouri,Salaried,Retail,43200,10/19/2019
C03865,George,Conway,Male,8/24/1980,Sacramento,California,Business Owner,Retail,44500,4/20/2020
C03866,Lauren,Miller,Female,9/2/1972,Portland,Oregon,Salaried,SME,47200,1/18/2019
C03867,Walter,Moore,Male,9/6/1997,Seattle,Washington,Retired,Retail,50900,10/7/2025
C03868,Theodore,Mason,Male,2/1/1968,Austin,Texas,Student,Premium,310800,3/1/2023
C03869,Anthony,Clay,Male,3/17/2003,Charlotte,North Carolina,Salaried,Premium,45200,3/30/2022
C03870,Charles,Taylor,Male,11/17/1992,Austin,Texas,Business Owner,Retail,107400,12/5/2019
C03871,Courtney,Davis,Female,5/13/2003,Kansas City,Missouri,Retired,Retail,102500,7/4/2019
C03872,Alexander,Williams,Male,5/4/2000,Indianapolis,Indiana,Self Employed,Premium,110800,5/21/2019
C03873,Katherine,Lowe,Female,1/17/1995,Salt Lake City,Utah,Business Owner,Retail,53800,12/14/2023
C03874,Tony,Schmidt,Male,10/2/1995,Sacramento,California,Business Owner,SME,104800,9/2/2022
C03875,Joel,Fuller,Male,7/23/1994,Columbus,Ohio,Self Employed,Retail,65800,10/15/2018
C03876,Stacy,Lee,Female,1/14/2004,Charlotte,North Carolina,Freelancer,Premium,136600,9/1/2025
C03877,Tim,Ellis,Male,11/1/1974,Phoenix,Arizona,Student,Retail,71800,3/14/2019
C03878,Amy,Riley,Female,12/28/1986,Atlanta,Georgia,Business Owner,Retail,50600,6/17/2023
C03879,Michael,Allen,Male,2/8/2000,Kansas City,Missouri,Student,Premium,75000,7/1/2025
C03880,Alexander,Melton,Male,3/9/1984,Columbus,Ohio,Student,Retail,38000,7/14/2020
C03881,Bobby,Russell,Male,11/28/1982,Salt Lake City,Utah,Student,Premium,82900,11/4/2023
C03882,Arthur,Johnson,Male,5/1/1985,Nashville,Tennessee,Salaried,Corporate,84000,9/23/2024
C03883,Breanna,Sanchez,Female,8/17/2004,Seattle,Washington,Freelancer,Premium,149800,5/16/2021
C03884,Robert,Nixon,Male,6/18/1976,Atlanta,Georgia,Student,Corporate,100100,10/26/2019
C03885,Timothy,Liu,Male,8/20/1986,Atlanta,Georgia,Self Employed,Retail,47700,10/18/2023
C03886,Wesley,Huff,Male,12/8/1988,Indianapolis,Indiana,Self Employed,Premium,128700,1/7/2024
C03887,Cheryl,Huffman,Female,7/5/1993,Seattle,Washington,Self Employed,Retail,61200,4/25/2024
C03888,Joshua,Fox,Male,2/2/1987,San Antonio,Texas,Retired,Retail,42300,7/2/2021
C03889,Tiffany,Keller,Female,11/3/1991,Cincinnati,Ohio,Self Employed,Premium,193100,1/11/2025
C03890,Sharon,Jackson,Female,11/13/1960,Raleigh,North Carolina,Student,Retail,65600,2/20/2025
C03891,Thomas,Morgan,Male,7/3/1997,Salt Lake City,Utah,Salaried,Retail,94200,9/12/2024
C03892,Jesse,Barker,Male,7/12/1987,Tampa,Florida,Salaried,SME,81100,8/12/2018
C03893,Nicole,Morales,Female,9/28/1990,Tampa,Florida,Freelancer,Retail,38700,9/30/2025
C03894,Traci,Holland,Female,11/11/1960,Indianapolis,Indiana,Freelancer,Retail,69100,3/19/2020
C03895,Kevin,Holden,Male,4/6/1991,Salt Lake City,Utah,Salaried,Retail,106700,1/7/2023
C03896,Timothy,Carr,Male,9/22/2000,Salt Lake City,Utah,Self Employed,Premium,118000,7/3/2025
C03897,Elizabeth,Fernandez,Female,11/5/1960,Nashville,Tennessee,Student,Retail,104200,11/19/2020
C03898,Jodi,Vasquez,Female,10/21/1979,Orlando,Florida,Salaried,Retail,65000,8/3/2021
C03899,Seth,Alvarado,Male,8/16/1978,Cincinnati,Ohio,Retired,Premium,71800,3/12/2022
C03900,Lori,Gregory,Female,4/23/1982,Pittsburgh,Pennsylvania,Business Owner,SME,165700,9/21/2024
C03901,Ashley,Robinson,Female,6/19/1991,Kansas City,Missouri,Self Employed,SME,47800,12/9/2023
C03902,Steven,Luna,Male,1/26/1974,Indianapolis,Indiana,Freelancer,SME,29000,10/5/2020
C03903,Samuel,Hill,Male,8/15/1998,Atlanta,Georgia,Retired,Premium,38800,11/16/2025
C03904,Teresa,Hurst,Female,11/15/1982,Phoenix,Arizona,Student,Retail,100300,2/5/2023
C03905,Michael,Welch,Male,11/21/1976,Atlanta,Georgia,Freelancer,Corporate,102800,4/26/2021
C03906,Ralph,Miller,Male,1/14/1996,Tampa,Florida,Retired,Retail,153000,6/2/2024
C03907,Bruce,Woods,Male,5/10/1995,Sacramento,California,Student,Wealth,173500,2/18/2025
C03908,Dalton,Watson,Male,2/5/1968,Nashville,Tennessee,Self Employed,Retail,44000,3/10/2021
C03909,Debra,Wilson,Female,2/1/1997,Charlotte,North Carolina,Retired,Retail,37900,12/5/2020
C03910,Shawna,Ward,Female,11/12/1976,Orlando,Florida,Self Employed,SME,60700,12/22/2020
C03911,Lindsay,Hale,Female,12/28/1963,Nashville,Tennessee,Retired,Retail,40300,4/10/2025
C03912,James,Wilson,Male,6/15/1975,Phoenix,Arizona,Freelancer,Retail,123200,3/2/2026
C03913,Jesse,Jones,Male,9/6/1969,Tampa,Florida,Business Owner,Retail,38600,11/14/2020
C03914,Kathryn,Vasquez,Female,9/17/1991,Nashville,Tennessee,Salaried,Premium,182900,2/24/2022
C03915,Toni,Jenkins,Female,1/20/1988,Minneapolis,Minnesota,Freelancer,Retail,58500,6/9/2020
C03916,Jennifer,Hurley,Female,7/6/1988,Indianapolis,Indiana,Self Employed,SME,111300,1/14/2018
C03917,Karen,Perez,Female,9/2/1998,Portland,Oregon,Retired,Retail,50100,10/20/2023
C03918,Tiffany,Carter,Female,11/11/1991,Portland,Oregon,Retired,Retail,59000,3/22/2019
C03919,Lori,Williams,Female,6/9/1979,Charlotte,North Carolina,Freelancer,Retail,53800,5/18/2024
C03920,Jennifer,Nelson,Female,3/13/1993,Atlanta,Georgia,Self Employed,SME,29000,5/27/2023
C03921,Joel,Alexander,Male,9/27/1988,Phoenix,Arizona,Self Employed,Corporate,111200,4/18/2020
C03922,Jamie,Thompson,Female,8/19/2001,Denver,Colorado,Business Owner,SME,29000,4/18/2022
C03923,Brett,Johnson,Male,7/24/1999,Denver,Colorado,Salaried,Retail,48300,3/25/2018
C03924,Jasmine,Marquez,Female,8/17/1970,Salt Lake City,Utah,Salaried,Retail,99600,1/21/2018
C03925,Jill,Schultz,Female,11/5/1967,Raleigh,North Carolina,Self Employed,SME,65600,7/25/2023
C03926,Heidi,Moreno,Female,4/6/1998,Austin,Texas,Business Owner,Corporate,104200,7/29/2025
C03927,Christopher,Torres,Male,3/13/1971,Austin,Texas,Freelancer,SME,97800,11/26/2021
C03928,Taylor,Smith,Female,5/25/2002,Indianapolis,Indiana,Business Owner,Corporate,116800,1/2/2023
C03929,Jeremy,Fitzgerald,Male,12/4/1972,Seattle,Washington,Retired,Retail,61500,12/3/2025
C03930,Bobby,Miller,Male,11/9/1984,Pittsburgh,Pennsylvania,Retired,Retail,102800,2/12/2021
C03931,Dana,Dean,Female,12/27/1996,Minneapolis,Minnesota,Self Employed,Retail,45600,6/19/2025
C03932,Taylor,Grant,Male,6/1/1993,San Antonio,Texas,Self Employed,Premium,142500,1/3/2019
C03933,Amanda,Lopez,Female,8/5/1987,Kansas City,Missouri,Student,Wealth,144900,10/26/2022
C03934,Karen,Branch,Female,7/26/1999,Denver,Colorado,Salaried,Retail,47800,1/13/2026
C03935,Ashley,Frost,Female,5/1/1975,Nashville,Tennessee,Business Owner,Corporate,139600,9/14/2022
C03936,Tonya,Clark,Female,12/15/1983,Austin,Texas,Salaried,SME,119300,8/29/2018
C03937,Angela,Huff,Female,7/17/1960,Columbus,Ohio,Student,Retail,67400,11/18/2025
C03938,Lisa,Brown,Female,5/23/1967,Indianapolis,Indiana,Self Employed,Retail,23500,3/11/2023
C03939,April,Lopez,Female,6/7/1960,Orlando,Florida,Freelancer,Corporate,170700,12/4/2023
C03940,Adam,Jackson,Male,7/5/2000,Denver,Colorado,Business Owner,Premium,37300,8/19/2018
C03941,Christopher,Conley,Male,1/14/1967,Portland,Oregon,Business Owner,Retail,45900,6/18/2024
C03942,Diana,Rodriguez,Female,2/4/1977,Salt Lake City,Utah,Retired,Retail,123900,10/31/2022
C03943,Melissa,Park,Female,10/19/1966,Cincinnati,Ohio,Freelancer,Wealth,140100,7/19/2018
C03944,Monica,Thomas,Female,5/20/1989,Kansas City,Missouri,Retired,Retail,210400,10/19/2023
C03945,Toni,Johnson,Female,8/28/1990,Phoenix,Arizona,Business Owner,Premium,93100,12/21/2024
C03946,Jason,Alvarado,Male,12/13/1993,Austin,Texas,Freelancer,Retail,47000,8/17/2020
C03947,Mary,Maxwell,Female,10/23/1962,Minneapolis,Minnesota,Salaried,Retail,84500,4/19/2019
C03948,Debbie,Martinez,Female,7/15/1973,Cincinnati,Ohio,Student,SME,90100,3/17/2026
C03949,Jody,Smith,Female,5/1/1964,Charlotte,North Carolina,Retired,Retail,81300,3/16/2025
C03950,Shawn,Moore,Male,4/15/2001,Tampa,Florida,Business Owner,Retail,28500,5/23/2024
C03951,Jeffery,Williams,Male,4/16/2000,San Antonio,Texas,Business Owner,Wealth,92300,3/12/2019
C03952,Mitchell,Edwards,Male,12/8/1964,Charlotte,North Carolina,Business Owner,Retail,55000,11/6/2022
C03953,Larry,Rodriguez,Male,10/9/1978,Phoenix,Arizona,Retired,Retail,24200,7/1/2020
C03954,Benjamin,Bishop,Male,3/16/1976,Seattle,Washington,Salaried,Premium,132200,12/29/2024
C03955,Annette,Hughes,Female,11/2/1987,Charlotte,North Carolina,Salaried,Premium,174700,10/23/2022
C03956,Martin,Harding,Male,2/4/1984,San Antonio,Texas,Salaried,Retail,49000,8/4/2022
C03957,Sarah,Davis,Female,9/1/1963,Portland,Oregon,Freelancer,Retail,117200,2/17/2018
C03958,Jason,Sawyer,Male,11/16/1999,Nashville,Tennessee,Self Employed,Retail,36800,8/29/2018
C03959,Lisa,Williamson,Female,6/3/1965,Cincinnati,Ohio,Self Employed,Corporate,115600,9/16/2019
C03960,Amanda,Walker,Female,5/21/1999,Phoenix,Arizona,Retired,SME,57500,11/19/2021
C03961,David,Campbell,Male,3/12/1973,Charlotte,North Carolina,Self Employed,Retail,54800,12/10/2020
C03962,Dorothy,Ramirez,Female,3/15/1968,Seattle,Washington,Retired,SME,67500,6/7/2021
C03963,Paul,Price,Male,9/6/1987,Indianapolis,Indiana,Freelancer,Retail,64300,2/13/2021
C03964,Stephanie,Simmons,Female,3/3/1994,Nashville,Tennessee,Student,Retail,58700,10/1/2024
C03965,Rachel,Reyes,Female,11/12/1966,Nashville,Tennessee,Self Employed,SME,29000,10/6/2019
C03966,Deanna,Carney,Female,6/1/1990,Cincinnati,Ohio,Self Employed,Retail,29900,8/2/2021
C03967,Deborah,Scott,Female,12/8/2003,Atlanta,Georgia,Freelancer,Retail,22200,5/31/2023
C03968,Kelli,Bishop,Female,6/14/1987,Pittsburgh,Pennsylvania,Freelancer,Retail,46000,11/14/2023
C03969,Kyle,Jensen,Male,9/6/1979,Salt Lake City,Utah,Retired,Premium,63000,4/2/2022
C03970,Phillip,Martinez,Male,12/12/1983,Indianapolis,Indiana,Student,Retail,88500,10/7/2019
C03971,Elizabeth,Berg,Female,8/24/1992,Raleigh,North Carolina,Self Employed,Retail,43300,4/10/2020
C03972,Darlene,Galvan,Female,8/12/1986,Denver,Colorado,Freelancer,SME,37000,4/11/2018
C03973,Karen,Johnson,Female,2/27/1979,Cincinnati,Ohio,Self Employed,SME,68900,6/21/2023
C03974,Brandon,Luna,Male,8/19/1975,Denver,Colorado,Retired,Premium,86700,1/25/2020
C03975,Mary,Davis,Female,9/24/1997,Kansas City,Missouri,Business Owner,Wealth,395300,1/30/2023
C03976,Brandon,Hill,Male,11/16/1972,Raleigh,North Carolina,Freelancer,Corporate,65100,9/4/2021
C03977,Anna,Terry,Female,3/5/1969,Austin,Texas,Self Employed,Retail,165100,8/5/2024
C03978,Christopher,Bates,Male,12/13/2003,Pittsburgh,Pennsylvania,Freelancer,Retail,52400,11/7/2022
C03979,Paul,Blanchard,Male,11/7/1997,Pittsburgh,Pennsylvania,Retired,Premium,71900,1/29/2026
C03980,Charles,Hardy,Male,3/3/1999,Atlanta,Georgia,Business Owner,Retail,128300,10/13/2025
C03981,Taylor,Meadows,Female,9/12/1991,Indianapolis,Indiana,Freelancer,Premium,125000,2/20/2020
C03982,Caitlin,Waters,Female,7/20/1983,Minneapolis,Minnesota,Retired,Retail,89900,5/14/2021
C03983,Mercedes,Ellis,Female,4/11/1968,Denver,Colorado,Salaried,Retail,54600,11/22/2023
C03984,Joel,Wilson,Male,1/15/1965,Denver,Colorado,Self Employed,Retail,56800,8/23/2022
C03985,Steven,Frederick,Male,9/21/1961,Charlotte,North Carolina,Student,Retail,56900,7/5/2019
C03986,Michael,Campos,Male,3/14/1972,Tampa,Florida,Retired,SME,106200,7/5/2020
C03987,Joseph,Cox,Male,2/22/1997,Denver,Colorado,Salaried,SME,38900,8/18/2024
C03988,Richard,Barrett,Male,8/11/1996,Portland,Oregon,Retired,Wealth,101000,5/13/2019
C03989,Kyle,Nunez,Male,2/26/1962,Kansas City,Missouri,Freelancer,Retail,70300,10/7/2025
C03990,James,Edwards,Male,2/6/1966,Orlando,Florida,Self Employed,Wealth,98500,8/23/2018
C03991,Amy,Carter,Female,4/4/2003,Atlanta,Georgia,Self Employed,Retail,50300,11/20/2025
C03992,Michelle,Johnston,Female,8/28/1968,Orlando,Florida,Retired,Retail,53300,11/15/2019
C03993,Jonathan,Holmes,Male,4/1/1986,Minneapolis,Minnesota,Student,SME,41000,1/2/2019
C03994,Pamela,Hopkins,Female,2/1/1996,Kansas City,Missouri,Salaried,Premium,37300,7/12/2020
C03995,Charles,Foley,Male,3/5/2000,Austin,Texas,Self Employed,Retail,59400,5/3/2018
C03996,Tracy,Finley,Female,9/28/2001,Pittsburgh,Pennsylvania,Salaried,Retail,42800,3/22/2023
C03997,Vincent,Mack,Male,8/6/1969,Portland,Oregon,Student,Retail,73000,4/18/2020
C03998,Mark,Anderson,Male,4/7/1974,Raleigh,North Carolina,Business Owner,Retail,27600,10/7/2018
C03999,Jordan,Blanchard,Male,10/9/1979,Salt Lake City,Utah,Freelancer,Retail,31600,10/16/2021
C04000,Brian,Thompson,Male,4/22/1973,Tampa,Florida,Business Owner,Retail,59400,1/1/2018
C04001,Dorothy,Jordan,Female,2/21/1979,Portland,Oregon,Self Employed,SME,47000,8/26/2020
C04002,Tami,Hunt,Female,4/26/1963,Pittsburgh,Pennsylvania,Self Employed,Retail,69700,6/25/2020
C04003,Vanessa,Santiago,Female,10/11/1966,Seattle,Washington,Student,SME,106000,1/16/2022
C04004,William,Vega,Male,12/10/1965,Salt Lake City,Utah,Salaried,Retail,38500,7/11/2020
C04005,Caroline,Meyers,Female,11/12/1976,Pittsburgh,Pennsylvania,Freelancer,SME,44800,3/23/2021
C04006,Steven,Thomas,Male,2/17/1963,Indianapolis,Indiana,Salaried,Retail,71600,1/24/2019
C04007,Jennifer,Hall,Female,2/20/1982,Austin,Texas,Salaried,Retail,220800,2/13/2023
C04008,Walter,Johnson,Male,12/19/1967,Columbus,Ohio,Business Owner,SME,29000,7/2/2022
C04009,Jennifer,Navarro,Female,11/6/1985,Tampa,Florida,Business Owner,Premium,108300,10/7/2022
C04010,Scott,Cruz,Male,9/27/2000,Kansas City,Missouri,Business Owner,Corporate,109600,3/26/2024
C04011,Elizabeth,Porter,Female,1/27/1965,Portland,Oregon,Business Owner,Retail,76200,12/29/2018
C04012,Michelle,Gilmore,Female,3/24/1978,Nashville,Tennessee,Business Owner,Wealth,289600,10/12/2021
C04013,Rhonda,Jennings,Female,5/12/1964,Cincinnati,Ohio,Business Owner,Premium,298700,4/12/2023
C04014,Tonya,Vincent,Female,7/9/1980,Cincinnati,Ohio,Freelancer,Retail,48100,1/16/2019
C04015,Kenneth,Johnson,Male,1/19/1999,Salt Lake City,Utah,Business Owner,Retail,31600,12/17/2025
C04016,Paul,Aguilar,Male,5/15/2002,San Antonio,Texas,Student,Retail,87800,8/31/2018
C04017,Larry,Mack,Male,3/6/1960,San Antonio,Texas,Business Owner,Retail,20700,1/18/2019
C04018,Olivia,Patel,Female,3/6/1986,Sacramento,California,Business Owner,Retail,91600,12/25/2020
C04019,Suzanne,Dunn,Female,7/8/1966,Salt Lake City,Utah,Retired,Wealth,145200,11/6/2019
C04020,Kyle,Clark,Male,8/7/1967,Kansas City,Missouri,Retired,Premium,167000,11/2/2019
C04021,Madison,Lopez,Female,11/22/1987,Pittsburgh,Pennsylvania,Business Owner,Wealth,142300,5/2/2022
C04022,Richard,Ortega,Male,8/13/1986,Nashville,Tennessee,Retired,Retail,55100,12/7/2020
C04023,Daniel,Logan,Male,12/22/1963,Raleigh,North Carolina,Business Owner,Retail,20900,4/4/2023
C04024,Michael,Adams,Male,10/6/1997,Minneapolis,Minnesota,Business Owner,Retail,33500,9/3/2020
C04025,Crystal,Hill,Female,3/11/2003,Charlotte,North Carolina,Business Owner,Premium,58400,4/30/2024
C04026,Martin,Wood,Male,2/28/1994,Tampa,Florida,Retired,SME,127800,4/20/2020
C04027,Corey,Cantrell,Male,6/7/1962,Seattle,Washington,Salaried,Retail,46900,7/18/2020
C04028,Michael,Jordan,Male,5/1/1993,Kansas City,Missouri,Freelancer,Retail,44900,9/21/2025
C04029,Amy,Wood,Female,11/4/1997,Denver,Colorado,Salaried,Corporate,45500,10/1/2024
C04030,Ronald,Lin,Male,5/25/1991,Raleigh,North Carolina,Business Owner,Retail,89900,10/9/2020
C04031,Tracy,Jacobson,Female,7/16/1989,Charlotte,North Carolina,Student,Retail,60900,7/22/2023
C04032,Jacob,Ramos,Male,6/20/1998,San Antonio,Texas,Self Employed,SME,93300,1/11/2026
C04033,Gerald,Jones,Male,3/9/1973,Portland,Oregon,Retired,SME,70500,6/24/2025
C04034,Rhonda,Page,Female,7/13/1980,Salt Lake City,Utah,Self Employed,Corporate,193000,3/28/2018
C04035,Mackenzie,Reed,Female,9/21/1985,Sacramento,California,Freelancer,SME,32600,2/20/2024
C04036,Jesse,Bradford,Male,11/24/2001,Denver,Colorado,Freelancer,Retail,67900,1/2/2021
C04037,Ronnie,Short,Male,7/24/1975,Indianapolis,Indiana,Salaried,Retail,25400,6/11/2020
C04038,Robert,Newman,Male,5/7/1993,Denver,Colorado,Student,Retail,49900,5/25/2019
C04039,Michael,Thompson,Male,12/10/1966,Denver,Colorado,Freelancer,Retail,47500,11/9/2021
C04040,Jordan,Powers,Male,5/27/1967,Phoenix,Arizona,Freelancer,Wealth,136500,2/5/2019
C04041,Timothy,Wells,Male,9/11/1992,Austin,Texas,Retired,Premium,81500,4/4/2025
C04042,Breanna,Choi,Female,5/8/1998,Charlotte,North Carolina,Retired,Retail,27600,3/3/2019
C04043,Adrian,Smith,Male,7/1/1983,Austin,Texas,Freelancer,Retail,74000,6/16/2019
C04044,Ashley,Mosley,Female,7/26/1978,Phoenix,Arizona,Self Employed,Premium,116500,12/10/2020
C04045,Jimmy,Moore,Male,9/15/1962,Austin,Texas,Self Employed,Retail,20700,1/24/2023
C04046,Nathan,Smith,Male,10/24/1969,Atlanta,Georgia,Business Owner,Retail,33000,5/14/2024
C04047,Benjamin,Schultz,Male,2/13/2001,Tampa,Florida,Retired,Retail,41800,9/29/2025
C04048,Judy,Hall,Female,2/7/1995,San Antonio,Texas,Freelancer,SME,153100,4/6/2024
C04049,Luke,Young,Male,2/12/1995,Tampa,Florida,Salaried,Retail,26400,12/18/2019
C04050,Thomas,Gibson,Male,7/16/1972,Denver,Colorado,Freelancer,Retail,29200,4/24/2023
C04051,Alec,Horton,Male,7/1/1989,Charlotte,North Carolina,Student,Retail,50100,10/1/2025
C04052,Kathleen,Stewart,Female,9/3/1993,Nashville,Tennessee,Retired,Retail,65000,11/2/2018
C04053,Pamela,Wright,Female,9/22/1993,Indianapolis,Indiana,Freelancer,Retail,58100,5/12/2024
C04054,Jacob,Cummings,Male,9/5/1963,Orlando,Florida,Business Owner,Wealth,558900,10/10/2022
C04055,Randy,Mcfarland,Male,4/19/1982,Pittsburgh,Pennsylvania,Self Employed,Retail,86800,6/25/2018
C04056,Michelle,Cohen,Female,11/10/1970,Sacramento,California,Freelancer,SME,40000,10/15/2019
C04057,Stephen,Chavez,Male,12/13/1963,Orlando,Florida,Self Employed,Retail,33800,4/18/2024
C04058,Sean,Crawford,Male,5/15/1976,Minneapolis,Minnesota,Business Owner,Retail,20700,2/25/2024
C04059,Colleen,Mack,Female,9/11/1979,Sacramento,California,Freelancer,Retail,31200,10/15/2018
C04060,Raymond,Rodriguez,Male,3/26/1974,Portland,Oregon,Freelancer,Retail,36700,9/10/2020
C04061,Danielle,Clay,Female,10/28/1995,San Antonio,Texas,Retired,Premium,67500,2/26/2024
C04062,Sara,Haas,Female,4/14/2001,Nashville,Tennessee,Salaried,Retail,93200,9/9/2023
C04063,David,Montgomery,Male,4/11/1982,Nashville,Tennessee,Freelancer,Retail,49200,11/1/2024
C04064,Ruben,Duran,Male,9/8/1981,Nashville,Tennessee,Student,Retail,56600,4/9/2021
C04065,Erik,Lane,Male,10/6/1994,Phoenix,Arizona,Salaried,Retail,20700,5/18/2023
C04066,Timothy,Mclean,Male,10/11/1971,Charlotte,North Carolina,Freelancer,Corporate,134300,1/14/2018
C04067,Reginald,Shaffer,Male,12/14/1988,Orlando,Florida,Business Owner,Retail,32400,5/26/2020
C04068,Debra,Jenkins,Female,2/21/1976,Portland,Oregon,Business Owner,Retail,91600,7/30/2021
C04069,Robert,Welch,Male,9/14/1960,Tampa,Florida,Retired,Corporate,45500,4/26/2020
C04070,Michaela,Rogers,Female,3/20/1975,Denver,Colorado,Self Employed,Retail,28100,1/10/2022
C04071,Paul,Barber,Male,7/12/1964,Salt Lake City,Utah,Freelancer,Retail,39900,9/1/2019
C04072,Debbie,Barron,Female,1/22/1964,Kansas City,Missouri,Salaried,SME,70000,10/13/2021
C04073,Amanda,Alvarez,Female,4/17/1990,Columbus,Ohio,Student,Premium,39200,4/22/2019
C04074,Joseph,Black,Male,2/22/2003,San Antonio,Texas,Business Owner,Retail,115000,4/10/2021
C04075,Angela,Powers,Female,10/15/1984,Raleigh,North Carolina,Business Owner,Premium,37300,2/20/2023
C04076,Nichole,Mcclain,Female,5/13/1983,Columbus,Ohio,Salaried,Corporate,97800,3/7/2022
C04077,Robin,Smith,Female,9/18/1975,Cincinnati,Ohio,Student,Retail,69500,2/21/2026
C04078,Karen,May,Female,12/26/1994,Salt Lake City,Utah,Retired,SME,140300,3/27/2024
C04079,Jason,Griffin,Male,2/10/1978,Salt Lake City,Utah,Self Employed,Premium,219000,5/18/2022
C04080,Samantha,Pena,Female,4/28/1996,Tampa,Florida,Business Owner,Retail,201700,6/1/2020
C04081,Ashley,Mueller,Female,3/3/2003,Denver,Colorado,Retired,Corporate,45500,11/6/2024
C04082,Sierra,Sawyer,Female,1/16/1961,Seattle,Washington,Self Employed,Retail,33200,10/19/2020
C04083,Aaron,Mays,Male,11/7/1984,Salt Lake City,Utah,Freelancer,SME,29000,8/21/2025
C04084,Theresa,Miller,Female,1/10/1966,Raleigh,North Carolina,Retired,Retail,42700,5/12/2025
C04085,Samantha,Collins,Female,12/5/1968,Cincinnati,Ohio,Student,Retail,61200,7/8/2021
C04086,Sheila,Hancock,Female,10/4/1988,Columbus,Ohio,Business Owner,SME,44400,4/13/2020
C04087,Megan,Tate,Female,3/13/1993,Kansas City,Missouri,Student,SME,63400,6/18/2023
C04088,Jacqueline,Christian,Female,9/14/1994,Nashville,Tennessee,Retired,SME,90200,10/3/2022
C04089,Laura,Preston,Female,2/10/1996,Orlando,Florida,Retired,Retail,66600,8/5/2018
C04090,Ashley,Moss,Female,5/15/1978,Phoenix,Arizona,Business Owner,Retail,47300,2/23/2026
C04091,Jamie,Bryant,Female,9/14/1990,Atlanta,Georgia,Business Owner,Retail,57800,8/13/2018
C04092,Brandon,Thompson,Male,2/28/1980,Sacramento,California,Student,Premium,422900,2/15/2024
C04093,Derrick,Larsen,Male,1/8/1995,Indianapolis,Indiana,Retired,Retail,53700,4/25/2025
C04094,Austin,Huerta,Male,8/16/1994,Raleigh,North Carolina,Retired,Retail,101900,5/2/2025
C04095,Kathy,Roth,Female,10/21/1973,Seattle,Washington,Self Employed,Retail,45300,1/12/2019
C04096,Krystal,Sims,Female,2/17/1990,Portland,Oregon,Salaried,Retail,36600,7/12/2022
C04097,Tammie,Jackson,Female,9/13/1974,Orlando,Florida,Self Employed,Retail,53100,5/26/2021
C04098,Leslie,Warren,Female,7/10/1993,Seattle,Washington,Student,Retail,34600,5/5/2018
C04099,Sabrina,Shepherd,Female,7/10/1974,Columbus,Ohio,Business Owner,Retail,90100,2/27/2019
C04100,Dalton,Johnson,Male,11/15/1966,Atlanta,Georgia,Retired,Retail,20700,11/27/2024
C04101,Cheryl,Hernandez,Female,9/6/1976,Orlando,Florida,Business Owner,Retail,81800,4/17/2018
C04102,Travis,Waller,Male,6/13/2000,Phoenix,Arizona,Self Employed,Retail,67300,2/10/2020
C04103,Misty,Joseph,Female,3/26/1980,Denver,Colorado,Freelancer,Retail,30300,8/19/2019
C04104,Dan,Bird,Male,9/14/1987,Sacramento,California,Self Employed,Wealth,138200,7/15/2020
C04105,Angela,Lane,Female,7/27/1981,Orlando,Florida,Student,Premium,97800,12/10/2018
C04106,Kevin,Clark,Male,3/19/2002,San Antonio,Texas,Salaried,SME,34700,12/30/2023
C04107,Brian,Rivera,Male,11/21/1964,Phoenix,Arizona,Business Owner,SME,110500,2/12/2025
C04108,Joseph,Robles,Male,12/12/1983,San Antonio,Texas,Retired,Retail,66500,2/22/2021
C04109,Lance,James,Male,11/6/1989,San Antonio,Texas,Freelancer,Retail,41800,9/21/2023
C04110,Benjamin,Peters,Male,5/22/1967,Seattle,Washington,Business Owner,Retail,41700,1/22/2025
C04111,Matthew,Pena,Male,9/22/1968,San Antonio,Texas,Self Employed,SME,161300,9/7/2023
C04112,Tonya,Torres,Female,6/28/1989,Phoenix,Arizona,Retired,Retail,68900,12/28/2018
C04113,Bobby,Thomas,Male,1/12/1980,Charlotte,North Carolina,Business Owner,Premium,268800,7/13/2025
C04114,Benjamin,Griffin,Male,7/23/1977,Columbus,Ohio,Salaried,Retail,28400,12/31/2024
C04115,Chad,Pierce,Male,8/7/1997,Raleigh,North Carolina,Business Owner,Premium,59800,1/1/2024
C04116,Edward,Banks,Male,5/8/1984,Nashville,Tennessee,Freelancer,Wealth,172200,8/5/2021
C04117,Abigail,Berger,Female,1/2/2003,Nashville,Tennessee,Retired,Premium,119800,7/27/2023
C04118,Maurice,Gonzales,Male,6/22/1960,Orlando,Florida,Freelancer,Retail,99200,12/25/2024
C04119,Lisa,Bowers,Female,3/1/1984,Indianapolis,Indiana,Self Employed,SME,149400,8/31/2023
C04120,Donald,Ortiz,Male,8/12/1998,Phoenix,Arizona,Retired,Retail,53800,7/5/2024
C04121,Karen,Branch,Female,2/1/1973,Phoenix,Arizona,Retired,Premium,92200,2/5/2020
C04122,Timothy,Jackson,Male,11/28/1960,Charlotte,North Carolina,Retired,Premium,86200,12/31/2022
C04123,Chelsea,Cohen,Female,1/22/1972,Charlotte,North Carolina,Student,SME,81200,2/14/2025
C04124,Barbara,Norman,Female,5/11/1988,Minneapolis,Minnesota,Salaried,SME,44300,5/6/2020
C04125,Jason,Davis,Male,2/18/1988,Indianapolis,Indiana,Retired,SME,72000,3/11/2024
C04126,Ellen,Walsh,Female,3/2/2002,Salt Lake City,Utah,Student,Retail,150000,7/25/2024
C04127,Nicole,Barton,Female,5/7/1989,Salt Lake City,Utah,Student,Premium,188100,7/21/2023
C04128,Kevin,Washington,Male,3/2/1999,Cincinnati,Ohio,Freelancer,Retail,59900,5/11/2023
C04129,Robert,Miller,Male,2/19/2000,Orlando,Florida,Salaried,Retail,154500,1/11/2020
C04130,Ricardo,Nguyen,Male,7/16/1972,Salt Lake City,Utah,Student,SME,36500,12/5/2018
C04131,Heather,James,Female,11/14/1986,Austin,Texas,Student,Retail,64400,2/10/2022
C04132,David,Vargas,Male,12/1/2004,Atlanta,Georgia,Freelancer,Retail,20700,1/22/2018
C04133,Kerry,Luna,Male,2/21/1984,Denver,Colorado,Salaried,SME,53300,7/10/2023
C04134,Wendy,Walker,Female,12/13/1964,Phoenix,Arizona,Salaried,SME,93500,4/30/2021
C04135,Deborah,Barr,Female,11/8/1995,Atlanta,Georgia,Freelancer,Retail,50300,10/29/2020
C04136,Jeremiah,Thomas,Male,2/2/1990,Nashville,Tennessee,Salaried,Retail,45100,11/13/2020
C04137,Sarah,Austin,Female,2/2/1994,Tampa,Florida,Retired,Retail,22500,12/24/2023
C04138,Nicole,Joyce,Female,11/4/1966,Salt Lake City,Utah,Freelancer,Retail,131900,9/17/2021
C04139,Katelyn,Castro,Female,6/15/2000,Kansas City,Missouri,Freelancer,Corporate,106600,3/4/2023
C04140,Michael,Huerta,Male,10/25/2000,Columbus,Ohio,Retired,Premium,60900,12/6/2024
C04141,Sharon,Jenkins,Female,11/7/1997,Seattle,Washington,Self Employed,Corporate,271200,6/8/2020
C04142,Caitlin,Jacobson,Female,1/10/1994,Salt Lake City,Utah,Retired,Retail,35300,2/9/2024
C04143,Patricia,Wise,Female,8/28/1961,Indianapolis,Indiana,Business Owner,Retail,24300,12/8/2020
C04144,Jennifer,Allen,Female,4/26/1982,Sacramento,California,Self Employed,Premium,160600,12/7/2023
C04145,Lucas,Gallegos,Male,2/4/1981,Atlanta,Georgia,Salaried,Retail,58200,4/29/2023
C04146,Lori,Diaz,Female,4/22/1984,Indianapolis,Indiana,Freelancer,Retail,123000,11/20/2018
C04147,Dana,Rodriguez,Female,6/17/1970,Tampa,Florida,Freelancer,Retail,20700,3/18/2023
C04148,Vincent,Crawford,Male,2/4/1968,Portland,Oregon,Freelancer,Retail,27300,2/3/2023
C04149,Connor,Terrell,Male,4/12/1987,San Antonio,Texas,Salaried,Retail,46600,1/26/2023
C04150,Johnny,Parker,Male,9/14/1985,Minneapolis,Minnesota,Business Owner,Retail,45600,4/21/2023
C04151,Amy,Anderson,Female,10/27/1982,Orlando,Florida,Self Employed,Retail,54600,11/5/2021
C04152,Shawna,Reynolds,Female,8/15/1980,Indianapolis,Indiana,Self Employed,SME,88700,8/19/2025
C04153,Heather,Wood,Female,2/13/1983,Pittsburgh,Pennsylvania,Freelancer,Premium,79700,5/4/2018
C04154,Shawn,Thomas,Male,11/24/1976,Tampa,Florida,Business Owner,Retail,74200,3/23/2025
C04155,Breanna,Finley,Female,10/13/1999,Tampa,Florida,Student,Premium,107400,7/6/2023
C04156,Autumn,Newton,Female,12/19/1981,Atlanta,Georgia,Freelancer,Retail,68600,9/5/2025
C04157,Mark,Carey,Male,9/25/1974,Orlando,Florida,Student,Retail,20700,1/29/2020
C04158,Steven,Foley,Male,2/11/1992,Kansas City,Missouri,Retired,Premium,131100,1/1/2024
C04159,Aaron,Sheppard,Male,2/21/1982,Salt Lake City,Utah,Student,Retail,38500,10/19/2020
C04160,Courtney,Garcia,Female,9/2/1987,Columbus,Ohio,Student,Premium,206800,8/17/2019
C04161,Taylor,Riley,Female,5/4/2004,Phoenix,Arizona,Freelancer,Premium,88000,4/3/2021
C04162,Priscilla,Walker,Female,10/14/1961,Orlando,Florida,Retired,Retail,31700,8/25/2020
C04163,Katherine,Floyd,Female,8/1/1993,Phoenix,Arizona,Business Owner,Premium,132500,12/20/2020
C04164,Ann,Holt,Female,7/5/1969,Charlotte,North Carolina,Retired,Retail,83300,1/29/2019
C04165,Kristina,White,Female,9/15/2002,Atlanta,Georgia,Freelancer,Retail,44900,10/30/2020
C04166,Kara,Ellis,Female,7/11/1989,Nashville,Tennessee,Retired,Premium,133800,9/18/2021
C04167,Jonathan,Brown,Male,10/6/1986,Tampa,Florida,Freelancer,Retail,40600,3/16/2024
C04168,Courtney,Watkins,Female,5/21/1980,Phoenix,Arizona,Student,Retail,169500,11/30/2020
C04169,Kyle,Allen,Male,1/16/1993,Columbus,Ohio,Retired,Retail,36700,6/22/2025
C04170,Katelyn,Keller,Female,3/15/1967,Orlando,Florida,Retired,Retail,49900,12/24/2019
C04171,Courtney,Carrillo,Female,6/5/1976,Atlanta,Georgia,Self Employed,Retail,53800,6/20/2021
C04172,Jason,Allen,Male,7/23/1991,Tampa,Florida,Freelancer,SME,58400,6/28/2024
C04173,Bryan,Santiago,Male,11/4/1962,Tampa,Florida,Retired,Retail,61500,9/6/2023
C04174,Tyler,Taylor,Male,9/9/1980,Orlando,Florida,Student,Retail,61500,6/30/2023
C04175,Robert,Terry,Male,7/21/1980,Tampa,Florida,Freelancer,Retail,21000,1/21/2023
C04176,Daniel,Lloyd,Male,8/19/1977,Phoenix,Arizona,Student,SME,129500,12/6/2020
C04177,William,Young,Male,10/25/1998,Tampa,Florida,Student,Retail,54800,9/20/2022
C04178,Michael,Livingston,Male,3/27/1980,Nashville,Tennessee,Self Employed,Retail,37200,9/1/2020
C04179,Jose,Fields,Male,6/14/1984,Kansas City,Missouri,Retired,Retail,55200,3/9/2024
C04180,Megan,Nelson,Female,1/23/1960,Charlotte,North Carolina,Freelancer,Retail,48400,10/19/2019
C04181,Janice,Ross,Female,4/1/1963,Atlanta,Georgia,Student,Retail,55200,4/6/2025
C04182,Susan,Parker,Female,2/12/1970,Austin,Texas,Salaried,Retail,20700,8/13/2025
C04183,Patricia,Stewart,Female,12/5/1989,Atlanta,Georgia,Self Employed,Premium,165100,9/22/2021
C04184,Mary,Johnson,Female,5/19/1975,Kansas City,Missouri,Freelancer,Retail,79800,5/6/2025
C04185,Kendra,Hansen,Female,6/12/1999,Nashville,Tennessee,Retired,Premium,128100,8/28/2023
C04186,Robert,Mcpherson,Male,3/17/1989,Raleigh,North Carolina,Student,Premium,47900,12/1/2018
C04187,Amanda,Fernandez,Female,6/11/1961,Seattle,Washington,Salaried,Wealth,165700,1/18/2021
C04188,Angela,Hurley,Female,11/25/1998,Pittsburgh,Pennsylvania,Salaried,Retail,118400,10/22/2022
C04189,Michael,Bowman,Male,6/21/1996,Sacramento,California,Business Owner,Premium,109300,9/6/2021
C04190,Renee,Freeman,Female,2/26/1994,Nashville,Tennessee,Retired,Retail,49400,6/5/2023
C04191,Bethany,James,Female,5/2/1997,Nashville,Tennessee,Business Owner,SME,77700,1/22/2024
C04192,Sarah,Douglas,Female,11/6/1991,Minneapolis,Minnesota,Student,Wealth,307300,3/26/2018
C04193,Martin,Morris,Male,8/10/1996,Denver,Colorado,Business Owner,SME,165400,11/9/2021
C04194,Nicholas,Meyers,Male,7/17/2000,Raleigh,North Carolina,Salaried,Retail,64800,3/2/2019
C04195,Ruben,Luna,Male,11/18/2004,Columbus,Ohio,Business Owner,Retail,78000,12/17/2024
C04196,Briana,Barrett,Female,11/2/1990,Phoenix,Arizona,Freelancer,Retail,100600,1/11/2023
C04197,Kristen,Randall,Female,12/9/1979,Atlanta,Georgia,Retired,Corporate,194600,5/17/2023
C04198,Ethan,Rogers,Male,8/13/1978,Portland,Oregon,Retired,Retail,63600,1/23/2019
C04199,Robert,Aguirre,Male,12/23/1962,Salt Lake City,Utah,Business Owner,SME,36900,7/6/2019
C04200,Jessica,Juarez,Female,3/6/2003,Salt Lake City,Utah,Self Employed,Retail,20700,5/29/2020
C04201,Christina,Harrison,Female,11/25/1995,San Antonio,Texas,Freelancer,Retail,51000,1/3/2022
C04202,Jonathan,Larson,Male,6/17/1968,Raleigh,North Carolina,Freelancer,Retail,38800,10/12/2022
C04203,Todd,Smith,Male,9/16/1977,Austin,Texas,Self Employed,Retail,63100,7/4/2018
C04204,Cody,Miller,Male,3/11/1963,Salt Lake City,Utah,Business Owner,Retail,45000,12/27/2022
C04205,Theresa,Mclaughlin,Female,6/5/1992,Seattle,Washington,Business Owner,Premium,63200,5/25/2018
C04206,Nicholas,Buchanan,Male,12/13/2002,Columbus,Ohio,Retired,Retail,58900,6/2/2022
C04207,Alicia,Jones,Female,9/21/1972,Tampa,Florida,Self Employed,Retail,141700,12/31/2019
C04208,Margaret,Hunt,Female,2/22/1993,Pittsburgh,Pennsylvania,Student,Retail,142500,1/23/2026
C04209,Evelyn,Wilson,Female,9/1/1965,Denver,Colorado,Self Employed,SME,98500,4/2/2022
C04210,Casey,Garrett,Female,9/20/1976,Salt Lake City,Utah,Salaried,Wealth,313300,11/23/2020
C04211,Leslie,Wallace,Female,7/19/2003,Orlando,Florida,Freelancer,Corporate,52200,10/18/2023
C04212,Amanda,Williams,Female,4/23/1997,Kansas City,Missouri,Student,Retail,20700,4/19/2022
C04213,Melissa,Stark,Female,9/22/1980,Phoenix,Arizona,Self Employed,Retail,41100,2/20/2026
C04214,Laura,Yu,Female,8/27/2004,Denver,Colorado,Salaried,Premium,139500,2/26/2022
C04215,Heather,Hunter,Female,8/10/2004,Columbus,Ohio,Retired,Retail,77600,12/15/2022
C04216,George,Skinner,Male,6/12/1996,San Antonio,Texas,Self Employed,Premium,223500,5/23/2018
C04217,Katie,Collins,Female,4/15/1993,Portland,Oregon,Retired,SME,33000,6/11/2021
C04218,Michael,Ruiz,Male,12/8/1970,Tampa,Florida,Self Employed,Corporate,222400,2/23/2022
C04219,Desiree,Johnson,Female,12/6/1963,Charlotte,North Carolina,Self Employed,Retail,36200,11/4/2025
C04220,Kurt,Estrada,Male,4/11/1977,Sacramento,California,Self Employed,Retail,98800,7/24/2023
C04221,Jessica,Thompson,Female,4/4/1969,Salt Lake City,Utah,Self Employed,Retail,25400,4/30/2021
C04222,Luke,Freeman,Male,4/9/1973,Nashville,Tennessee,Retired,Premium,130200,2/20/2024
C04223,Christopher,Richardson,Male,3/11/1962,Portland,Oregon,Business Owner,Retail,31600,1/26/2019
C04224,Carrie,Bowers,Female,11/7/1968,Portland,Oregon,Self Employed,Premium,171800,5/11/2022
C04225,James,Jones,Male,3/27/2000,Salt Lake City,Utah,Business Owner,Premium,65400,5/26/2018
C04226,Dale,Chaney,Male,4/2/1983,Columbus,Ohio,Student,Corporate,53500,1/30/2022
C04227,Eric,Williams,Male,5/2/1972,Indianapolis,Indiana,Business Owner,Retail,25300,2/8/2022
C04228,Katherine,Lynch,Female,4/17/1985,Raleigh,North Carolina,Self Employed,Retail,56700,11/13/2024
C04229,Sara,Mclaughlin,Female,5/17/1988,Pittsburgh,Pennsylvania,Student,Corporate,121100,12/24/2025
C04230,Steven,Anderson,Male,9/1/1972,Cincinnati,Ohio,Business Owner,Retail,44000,10/28/2020
C04231,Catherine,Holland,Female,1/4/1983,Sacramento,California,Business Owner,Retail,39100,10/14/2023
C04232,Shannon,Collier,Female,11/24/1999,Seattle,Washington,Freelancer,Retail,41300,12/25/2025
C04233,William,Franco,Male,4/6/1970,Atlanta,Georgia,Freelancer,Retail,28800,9/20/2018
C04234,Valerie,Soto,Female,1/27/1966,Pittsburgh,Pennsylvania,Self Employed,Retail,73800,10/24/2021
C04235,Christopher,Russo,Male,11/26/1965,Pittsburgh,Pennsylvania,Self Employed,SME,143600,10/9/2019
C04236,Annette,Porter,Female,11/28/1986,Kansas City,Missouri,Business Owner,SME,99700,5/5/2021
C04237,Benjamin,Edwards,Male,5/24/1969,Atlanta,Georgia,Freelancer,Premium,60900,8/17/2018
C04238,Sarah,Huynh,Female,2/7/1961,Minneapolis,Minnesota,Freelancer,Retail,54200,8/23/2020
C04239,Mark,Alvarez,Male,11/19/1963,Columbus,Ohio,Self Employed,SME,88900,10/10/2024
C04240,Dawn,Cook,Female,2/21/1984,Columbus,Ohio,Freelancer,SME,32500,6/23/2023
C04241,John,Mendoza,Male,1/25/1978,Austin,Texas,Student,Retail,96600,10/11/2018
C04242,Timothy,Hall,Male,9/7/1960,Nashville,Tennessee,Student,Retail,46900,8/13/2018
C04243,Elizabeth,Johnson,Female,4/4/1991,Atlanta,Georgia,Salaried,Premium,68200,6/30/2023
C04244,Denise,Henry,Female,3/19/1987,Cincinnati,Ohio,Freelancer,Retail,33400,1/20/2023
C04245,Shawn,Garcia,Male,9/24/1972,Sacramento,California,Business Owner,Corporate,140000,11/6/2022
C04246,Aaron,Ross,Male,3/6/1998,Indianapolis,Indiana,Self Employed,Retail,25700,8/11/2023
C04247,Christopher,Thompson,Male,12/6/1971,Columbus,Ohio,Retired,Retail,56100,11/29/2025
C04248,Matthew,Ramos,Male,12/22/1962,Phoenix,Arizona,Self Employed,Retail,40600,8/14/2024
C04249,Sara,Ward,Female,6/13/1976,Atlanta,Georgia,Salaried,Retail,60600,2/19/2021
C04250,Kevin,Thompson,Male,12/20/1970,San Antonio,Texas,Self Employed,Premium,66300,1/10/2026
C04251,Gary,Vargas,Male,9/21/1988,Charlotte,North Carolina,Business Owner,SME,50800,9/19/2020
C04252,Jason,Mason,Male,11/24/1997,Salt Lake City,Utah,Business Owner,Retail,55700,5/8/2023
C04253,Sylvia,Peck,Female,3/24/1974,Atlanta,Georgia,Retired,Premium,40800,5/28/2021
C04254,Richard,Yates,Male,7/22/1979,Charlotte,North Carolina,Business Owner,Retail,46700,2/22/2024
C04255,Stephanie,Bryant,Female,11/13/1983,Orlando,Florida,Freelancer,SME,62500,1/3/2018
C04256,Marc,Patel,Male,3/22/1981,Indianapolis,Indiana,Salaried,Premium,200400,6/28/2025
C04257,Kevin,Garrett,Male,6/24/1983,Salt Lake City,Utah,Freelancer,Retail,20700,5/22/2024
C04258,Laura,Perkins,Female,12/11/1963,Nashville,Tennessee,Self Employed,Premium,75500,3/29/2021
C04259,Jason,Maxwell,Male,12/5/1972,Columbus,Ohio,Student,Retail,20700,2/9/2025
C04260,Eric,Hardin,Male,4/10/1978,Denver,Colorado,Salaried,SME,52900,6/26/2018
C04261,Maria,Townsend,Female,6/22/1964,Seattle,Washington,Self Employed,SME,63700,2/24/2026
C04262,Candace,Ellis,Female,3/12/1971,Denver,Colorado,Student,Retail,89800,2/27/2024
C04263,Jessica,Hill,Female,7/15/1963,Sacramento,California,Freelancer,Premium,114500,8/11/2020
C04264,Bradley,Grant,Male,11/24/1989,Salt Lake City,Utah,Salaried,Retail,55400,7/8/2019
C04265,Joseph,Matthews,Male,9/25/1978,Phoenix,Arizona,Freelancer,Retail,38300,9/17/2023
C04266,Denise,Hernandez,Female,12/19/1979,Portland,Oregon,Retired,Premium,75700,12/10/2019
C04267,Mark,Mcguire,Male,10/20/1978,Minneapolis,Minnesota,Self Employed,Retail,71700,10/28/2018
C04268,Donna,Knight,Female,1/22/1989,Salt Lake City,Utah,Salaried,SME,88800,6/7/2020
C04269,Maria,Maxwell,Female,12/17/1983,Denver,Colorado,Student,Retail,53400,1/5/2022
C04270,Alyssa,Sanchez,Female,2/9/1977,Tampa,Florida,Salaried,Retail,43500,12/24/2020
C04271,Erik,Wells,Male,8/2/1989,Atlanta,Georgia,Salaried,Premium,95600,12/15/2025
C04272,Kimberly,Duran,Female,12/16/1971,San Antonio,Texas,Salaried,SME,29000,5/27/2018
C04273,Benjamin,Foley,Male,11/28/1966,Austin,Texas,Business Owner,Retail,32500,11/25/2021
C04274,Jennifer,Wyatt,Female,12/2/1967,Cincinnati,Ohio,Self Employed,Retail,50800,8/11/2021
C04275,Leslie,Waters,Female,11/10/1994,Salt Lake City,Utah,Freelancer,Retail,65800,5/22/2018
C04276,Carlos,Peters,Male,11/19/1987,Seattle,Washington,Salaried,Retail,70500,7/16/2025
C04277,Jose,Newman,Male,12/21/1997,Minneapolis,Minnesota,Freelancer,Premium,70100,1/6/2021
C04278,Curtis,Gray,Male,10/20/1961,Salt Lake City,Utah,Freelancer,Premium,170600,11/10/2025
C04279,Brittany,Luna,Female,9/15/1993,Indianapolis,Indiana,Retired,SME,58400,9/7/2019
C04280,Kathryn,Moore,Female,11/7/1976,Raleigh,North Carolina,Freelancer,Retail,43100,12/13/2019
C04281,Brandon,Hardin,Male,9/23/1975,Portland,Oregon,Salaried,Retail,59000,6/3/2018
C04282,Anna,Owens,Female,3/19/1964,Columbus,Ohio,Student,Premium,58100,8/1/2023
C04283,Joshua,Fox,Male,4/22/1993,Seattle,Washington,Business Owner,Retail,48800,8/9/2018
C04284,Marc,Carter,Male,4/21/1999,Charlotte,North Carolina,Business Owner,Retail,220800,2/5/2023
C04285,Dwayne,Wright,Male,1/18/1971,Pittsburgh,Pennsylvania,Salaried,Retail,33500,12/4/2018
C04286,Gerald,Griffin,Male,10/26/1969,Sacramento,California,Freelancer,Wealth,303300,4/21/2024
C04287,Allison,Davis,Female,7/25/1997,San Antonio,Texas,Student,Retail,61400,6/5/2020
C04288,Janet,Robinson,Female,9/14/1961,San Antonio,Texas,Salaried,Retail,73500,5/22/2022
C04289,Stephen,Thomas,Male,7/21/2004,Austin,Texas,Retired,Wealth,110200,3/29/2025
C04290,Christopher,Miller,Male,1/11/2001,Minneapolis,Minnesota,Business Owner,SME,74700,7/16/2018
C04291,Melanie,Tucker,Female,1/12/1992,Pittsburgh,Pennsylvania,Salaried,Wealth,274500,6/4/2019
C04292,Zachary,Washington,Male,7/3/1973,Nashville,Tennessee,Student,Retail,34000,6/23/2022
C04293,Jacqueline,Lamb,Female,2/25/1997,Denver,Colorado,Retired,Premium,37300,12/15/2020
C04294,Jordan,Wood,Male,4/5/1960,Seattle,Washington,Student,SME,35800,11/19/2022
C04295,Kenneth,Jensen,Male,6/1/1981,Sacramento,California,Business Owner,Wealth,62100,12/31/2022
C04296,John,Hall,Male,11/28/2001,Raleigh,North Carolina,Retired,Retail,32500,6/1/2022
C04297,Michelle,Harding,Female,10/2/1972,Salt Lake City,Utah,Student,Retail,50400,2/13/2022
C04298,Catherine,Rodriguez,Female,2/11/1980,Cincinnati,Ohio,Salaried,Retail,50500,10/24/2023
C04299,Timothy,Schneider,Male,1/15/1970,Tampa,Florida,Salaried,Retail,121400,4/19/2019
C04300,Matthew,Mccormick,Male,11/5/1975,Minneapolis,Minnesota,Retired,SME,117000,3/16/2023
C04301,Mark,Turner,Male,12/17/1991,Raleigh,North Carolina,Retired,Retail,69800,3/17/2018
C04302,Natalie,Duncan,Female,5/10/1985,Portland,Oregon,Freelancer,Retail,57900,7/13/2025
C04303,Brandon,Roberts,Male,7/21/1964,Austin,Texas,Salaried,Retail,230800,10/26/2021
C04304,Denise,Mills,Female,1/6/2001,Nashville,Tennessee,Freelancer,Premium,94500,9/18/2021
C04305,Monica,Bautista,Female,2/23/1969,Pittsburgh,Pennsylvania,Retired,Retail,34900,6/17/2024
C04306,Joseph,Jones,Male,11/19/1972,Cincinnati,Ohio,Self Employed,Retail,39100,8/13/2020
C04307,Brent,Lane,Male,9/15/1978,Kansas City,Missouri,Freelancer,Retail,74900,7/31/2025
C04308,Taylor,Harris,Female,7/25/1974,Sacramento,California,Retired,Premium,49400,6/7/2021
C04309,Gary,Reilly,Male,4/4/1985,Sacramento,California,Salaried,Retail,35600,10/12/2019
C04310,Kathy,Smith,Female,3/21/1997,Phoenix,Arizona,Student,Retail,95200,2/15/2026
C04311,Leah,Moore,Female,2/26/1980,Denver,Colorado,Salaried,Wealth,273600,12/30/2018
C04312,Heather,Campos,Female,7/28/1984,Minneapolis,Minnesota,Self Employed,Retail,98100,2/22/2022
C04313,Leah,Lewis,Female,9/5/1983,San Antonio,Texas,Freelancer,Corporate,58400,10/11/2021
C04314,Dalton,Bailey,Male,4/19/2004,Minneapolis,Minnesota,Retired,Premium,62600,5/6/2019
C04315,Scott,Brown,Male,10/17/1978,Nashville,Tennessee,Salaried,Retail,44500,11/12/2021
C04316,Vanessa,Fernandez,Female,8/1/1961,Cincinnati,Ohio,Retired,Retail,87800,10/7/2022
C04317,Katherine,Khan,Female,6/2/1964,Minneapolis,Minnesota,Business Owner,Retail,179700,10/16/2018
C04318,Marvin,Goodwin,Male,9/5/1998,Indianapolis,Indiana,Self Employed,Premium,110000,7/26/2023
C04319,Michael,Hatfield,Male,2/10/1993,Kansas City,Missouri,Student,Premium,207500,6/17/2021
C04320,Elizabeth,Perez,Female,3/2/1993,Orlando,Florida,Retired,SME,119100,10/19/2022
C04321,Jacqueline,Stewart,Female,6/11/1988,Sacramento,California,Freelancer,Retail,70300,2/2/2025
C04322,Rachel,Jones,Female,11/8/1963,Austin,Texas,Self Employed,Retail,48000,11/3/2020
C04323,Angela,Anderson,Female,2/12/1977,Portland,Oregon,Student,Corporate,56800,8/30/2022
C04324,Donald,Parrish,Male,5/17/2001,Denver,Colorado,Student,SME,174900,5/20/2021
C04325,Jamie,Hardy,Female,2/15/1981,Kansas City,Missouri,Self Employed,Retail,90700,9/4/2018
C04326,Katherine,Stafford,Female,5/28/1964,Austin,Texas,Business Owner,SME,29700,4/16/2018
C04327,Mackenzie,Le,Female,12/19/1963,Salt Lake City,Utah,Self Employed,Retail,43000,1/2/2023
C04328,Patrick,Davis,Male,11/26/1975,Charlotte,North Carolina,Self Employed,Wealth,145600,7/8/2020
C04329,Brian,Bryant,Male,2/10/1990,Phoenix,Arizona,Retired,Retail,98800,4/6/2025
C04330,Jennifer,Harris,Female,6/26/1986,Indianapolis,Indiana,Business Owner,SME,48300,5/11/2022
C04331,Nathan,Buckley,Male,6/25/1989,Indianapolis,Indiana,Retired,Retail,63500,1/13/2023
C04332,Justin,Hall,Male,6/11/1999,Raleigh,North Carolina,Retired,Retail,75700,12/9/2020
C04333,William,Hall,Male,6/9/1962,Sacramento,California,Salaried,SME,70700,4/21/2024
C04334,Lisa,Jones,Female,12/28/1984,Sacramento,California,Salaried,Premium,182700,12/17/2021
C04335,Samantha,Henry,Female,5/21/1974,Charlotte,North Carolina,Freelancer,Wealth,214100,9/10/2020
C04336,Lisa,Washington,Female,5/9/1980,Kansas City,Missouri,Retired,SME,46600,1/31/2018
C04337,Maria,Warner,Female,7/17/2004,Phoenix,Arizona,Self Employed,Retail,58200,11/10/2020
C04338,Jamie,Curry,Female,3/10/1991,Indianapolis,Indiana,Self Employed,Retail,49000,5/22/2023
C04339,Guy,Moore,Male,6/14/1965,Kansas City,Missouri,Student,Retail,78100,4/25/2023
C04340,Philip,Lamb,Male,12/17/1975,Denver,Colorado,Retired,Premium,61200,9/30/2025
C04341,Ariel,Davis,Female,7/14/1985,Tampa,Florida,Student,SME,101900,5/30/2022
C04342,Eric,Rodriguez,Male,9/5/1964,Indianapolis,Indiana,Business Owner,Retail,20700,7/17/2023
C04343,Zachary,Callahan,Male,9/14/2001,Austin,Texas,Freelancer,Retail,118400,1/1/2021
C04344,Ricky,Morgan,Male,10/12/2002,Charlotte,North Carolina,Business Owner,Retail,27300,9/12/2019
C04345,Jason,Nguyen,Male,1/1/1992,Seattle,Washington,Business Owner,Corporate,45500,10/29/2021
C04346,Ashley,Fox,Female,5/16/1968,Nashville,Tennessee,Retired,SME,99300,1/31/2020
C04347,Daniel,Norris,Male,9/4/1964,Indianapolis,Indiana,Student,SME,53700,4/17/2018
C04348,Edwin,Becker,Male,8/21/1989,San Antonio,Texas,Salaried,Retail,61900,5/22/2022
C04349,Ronald,Campos,Male,4/18/1980,Phoenix,Arizona,Self Employed,Retail,44500,1/17/2022
C04350,Elizabeth,Mccullough,Female,12/24/1975,Orlando,Florida,Retired,Corporate,89900,10/10/2018
C04351,Carla,Martinez,Female,10/22/1997,Phoenix,Arizona,Salaried,Premium,144800,1/16/2022
C04352,Bryan,Blanchard,Male,11/24/1994,San Antonio,Texas,Business Owner,Retail,54000,6/9/2021
C04353,Judith,Nguyen,Female,4/26/1984,Raleigh,North Carolina,Retired,Retail,48100,11/11/2022
C04354,Brandon,Lopez,Male,11/28/1986,Orlando,Florida,Salaried,SME,138100,6/3/2025
C04355,Brandi,Yu,Female,3/26/1972,Austin,Texas,Freelancer,Retail,47900,4/5/2018
C04356,Rodney,Campbell,Male,10/10/1968,Nashville,Tennessee,Business Owner,Retail,57400,1/5/2023
C04357,Robert,Cohen,Male,11/25/1973,Nashville,Tennessee,Salaried,Corporate,86000,6/16/2024
C04358,Jack,Evans,Male,9/16/1973,Pittsburgh,Pennsylvania,Freelancer,Retail,33500,8/22/2024
C04359,Stephanie,Fletcher,Female,4/19/1992,Seattle,Washington,Salaried,Corporate,92400,11/16/2022
C04360,David,Jackson,Male,12/21/1963,Kansas City,Missouri,Salaried,Wealth,194600,8/31/2021
C04361,Randy,Khan,Male,9/1/1986,Nashville,Tennessee,Self Employed,Retail,64500,9/2/2022
C04362,Maurice,Roberts,Male,8/9/1982,Minneapolis,Minnesota,Retired,Retail,36600,12/2/2018
C04363,Christopher,Knapp,Male,12/4/1998,Portland,Oregon,Student,Premium,128100,4/14/2021
C04364,Denise,Mueller,Female,11/14/1991,Denver,Colorado,Retired,Retail,63100,2/11/2025
C04365,Elizabeth,Acosta,Female,1/19/1985,Cincinnati,Ohio,Freelancer,Wealth,130600,6/6/2020
C04366,Michelle,Rojas,Female,10/13/1961,San Antonio,Texas,Retired,Retail,59800,7/12/2023
C04367,Stacy,Short,Female,1/1/1968,Cincinnati,Ohio,Self Employed,SME,29000,1/27/2025
C04368,Michael,Johnson,Male,4/6/1982,Minneapolis,Minnesota,Business Owner,Corporate,86400,9/6/2024
C04369,Michelle,Ward,Female,5/14/1962,Portland,Oregon,Retired,Retail,87300,3/19/2026
C04370,Elizabeth,Munoz,Female,12/10/1970,Cincinnati,Ohio,Salaried,Retail,26000,11/26/2018
C04371,Mark,Wells,Male,6/7/1973,Pittsburgh,Pennsylvania,Freelancer,Premium,107100,6/12/2022
C04372,James,Harris,Male,8/22/1991,Austin,Texas,Business Owner,Retail,91300,10/17/2025
C04373,Madeline,Benson,Female,5/5/1998,Cincinnati,Ohio,Student,Premium,130700,10/7/2023
C04374,Jacqueline,Johnson,Female,12/27/1998,Cincinnati,Ohio,Self Employed,Wealth,67000,12/5/2018
C04375,Bonnie,Spears,Female,6/18/1963,Atlanta,Georgia,Self Employed,Corporate,88200,10/5/2025
C04376,Mary,Howard,Female,5/17/1989,Salt Lake City,Utah,Freelancer,Retail,65100,5/2/2025
C04377,Francisco,Nguyen,Male,1/11/1977,Tampa,Florida,Salaried,Retail,100800,6/2/2018
C04378,Jesse,Yu,Male,6/10/1992,Nashville,Tennessee,Freelancer,Premium,62200,7/14/2024
C04379,Marvin,Perez,Male,6/6/2003,Phoenix,Arizona,Business Owner,Retail,43400,1/6/2021
C04380,Tyler,Brock,Male,11/23/1969,Tampa,Florida,Freelancer,Corporate,116800,6/14/2019
C04381,Angel,Delgado,Female,3/19/1981,Tampa,Florida,Retired,Retail,50600,8/17/2020
C04382,Phillip,Boyd,Male,12/2/1976,Indianapolis,Indiana,Salaried,Premium,37300,5/9/2022
C04383,Terrence,Becker,Male,5/17/1996,San Antonio,Texas,Self Employed,Retail,86200,12/16/2025
C04384,Rebecca,Harrison,Female,12/1/1974,Cincinnati,Ohio,Freelancer,Retail,39800,3/19/2023
C04385,Maria,Evans,Female,4/18/1971,Orlando,Florida,Business Owner,Premium,78600,5/30/2022
C04386,Sergio,Black,Male,9/1/1971,Indianapolis,Indiana,Retired,Corporate,63900,7/23/2025
C04387,Anthony,Jensen,Male,1/11/2001,Pittsburgh,Pennsylvania,Retired,Corporate,80900,3/10/2025
C04388,Michael,Butler,Male,9/8/1987,Denver,Colorado,Freelancer,Retail,38200,8/18/2023
C04389,Ashley,Clark,Female,8/10/1971,Portland,Oregon,Retired,Wealth,411100,9/16/2023
C04390,James,Gentry,Male,6/11/1983,Denver,Colorado,Retired,Retail,38600,10/4/2022
C04391,Michael,Perez,Male,11/11/1975,Nashville,Tennessee,Business Owner,Retail,31600,11/19/2023
C04392,James,Wheeler,Male,11/6/2001,Portland,Oregon,Student,Premium,240200,7/11/2021
C04393,Andrew,Evans,Male,11/8/2001,Tampa,Florida,Self Employed,Premium,56300,3/14/2019
C04394,Tiffany,Lamb,Female,7/5/1983,Phoenix,Arizona,Salaried,Premium,65900,6/18/2020
C04395,Daniel,Rowe,Male,2/4/1960,Minneapolis,Minnesota,Business Owner,Retail,37900,10/14/2020
C04396,John,Nelson,Male,8/17/2001,Sacramento,California,Student,Premium,63800,4/27/2023
C04397,Kathleen,Wagner,Female,3/14/2002,Minneapolis,Minnesota,Freelancer,Retail,36100,1/23/2020
C04398,Taylor,Bruce,Male,11/19/1985,Raleigh,North Carolina,Student,Retail,67700,10/1/2025
C04399,Richard,Ortega,Male,10/20/1978,San Antonio,Texas,Retired,Retail,28900,8/10/2022
C04400,Daniel,Davis,Male,1/15/1961,Charlotte,North Carolina,Self Employed,Retail,50800,7/6/2018
C04401,Charles,Stone,Male,3/27/1964,Tampa,Florida,Self Employed,Corporate,103100,11/5/2025
C04402,Joseph,Smith,Male,12/8/1996,Raleigh,North Carolina,Business Owner,Retail,64600,8/9/2020
C04403,Angelica,Hale,Female,7/3/1967,Cincinnati,Ohio,Freelancer,Retail,26700,6/13/2021
C04404,John,Graham,Male,8/2/1997,San Antonio,Texas,Salaried,Retail,101400,2/24/2022
C04405,Robin,Johnson,Female,8/5/1994,Portland,Oregon,Salaried,Retail,20700,1/15/2020
C04406,Patricia,Barry,Female,3/7/1979,Austin,Texas,Freelancer,Retail,37300,7/6/2024
C04407,John,Hardy,Male,2/26/1988,Cincinnati,Ohio,Business Owner,Retail,67000,3/31/2025
C04408,Tina,Ramirez,Female,2/3/2000,Sacramento,California,Salaried,SME,129700,9/5/2018
C04409,Ashley,Boyer,Female,5/25/1991,Atlanta,Georgia,Retired,Retail,37000,4/19/2020
C04410,William,Smith,Male,7/2/1984,Austin,Texas,Salaried,Retail,54100,1/15/2024
C04411,Breanna,Larson,Female,7/3/1964,Charlotte,North Carolina,Student,Retail,113100,3/15/2023
C04412,Joshua,Smith,Male,7/15/1997,Phoenix,Arizona,Freelancer,Wealth,219600,9/19/2020
C04413,Susan,Marshall,Female,9/27/2000,Tampa,Florida,Salaried,SME,73200,5/24/2020
C04414,Russell,Taylor,Male,11/25/1977,Columbus,Ohio,Freelancer,SME,47100,3/1/2023
C04415,Luke,Brown,Male,8/15/1963,Seattle,Washington,Salaried,Premium,214200,3/22/2018
C04416,Robert,Floyd,Male,4/4/1991,Denver,Colorado,Salaried,Corporate,85900,2/27/2025
C04417,Christine,Lopez,Female,11/18/1996,Indianapolis,Indiana,Business Owner,Retail,48100,3/29/2025
C04418,Valerie,Sheppard,Female,2/16/1980,Indianapolis,Indiana,Business Owner,Retail,62000,9/30/2019
C04419,Kyle,Garcia,Male,8/10/1973,Nashville,Tennessee,Salaried,Retail,146600,2/1/2021
C04420,Scott,Lopez,Male,7/10/1960,Denver,Colorado,Freelancer,SME,60500,9/10/2018
C04421,Matthew,Roberts,Male,9/15/1977,Tampa,Florida,Business Owner,Retail,62900,5/18/2018
C04422,Terry,Duncan,Male,4/6/1996,Salt Lake City,Utah,Self Employed,Wealth,213800,8/31/2018
C04423,Sheryl,Walker,Female,7/24/1960,Raleigh,North Carolina,Retired,Retail,40600,10/31/2023
C04424,Eric,Dickson,Male,11/12/1977,Nashville,Tennessee,Freelancer,Retail,40400,4/22/2018
C04425,Cory,Oliver,Male,3/2/2003,Salt Lake City,Utah,Student,Retail,41800,8/12/2019
C04426,Elizabeth,Martinez,Female,2/27/1971,Orlando,Florida,Student,Retail,151700,8/14/2024
C04427,Carrie,Ortega,Female,7/1/1996,Indianapolis,Indiana,Self Employed,Retail,46700,1/6/2020
C04428,Lisa,Medina,Female,1/10/1991,Salt Lake City,Utah,Business Owner,Retail,48400,12/5/2024
C04429,Jennifer,Brown,Female,9/19/1981,Seattle,Washington,Salaried,Retail,20700,12/3/2018
C04430,Taylor,Wilson,Male,12/21/1985,Portland,Oregon,Salaried,Retail,95400,3/2/2019
C04431,Donald,Collins,Male,1/21/1973,Denver,Colorado,Business Owner,Retail,77500,11/5/2019
C04432,Meredith,Harrison,Female,8/16/1973,Atlanta,Georgia,Freelancer,Retail,20700,9/18/2020
C04433,Theodore,Mays,Male,5/18/1976,Indianapolis,Indiana,Freelancer,Premium,80700,11/25/2019
C04434,Jeremy,Hill,Male,7/24/1966,San Antonio,Texas,Self Employed,Corporate,88100,5/21/2025
C04435,Stephanie,Cordova,Female,8/2/1996,Pittsburgh,Pennsylvania,Retired,Retail,85700,5/23/2018
C04436,Brenda,Velazquez,Female,11/13/1990,Phoenix,Arizona,Business Owner,Retail,21700,12/5/2018
C04437,Kerry,Morgan,Female,5/7/1962,Pittsburgh,Pennsylvania,Salaried,Retail,77100,9/14/2021
C04438,Stacy,Welch,Female,6/14/1973,Minneapolis,Minnesota,Student,Corporate,168800,6/27/2025
C04439,Anthony,Ramirez,Male,7/1/1980,Nashville,Tennessee,Self Employed,Retail,137200,2/2/2020
C04440,Edward,Clark,Male,10/3/1991,Austin,Texas,Business Owner,Corporate,51100,10/4/2024
C04441,Michael,Washington,Male,8/6/2003,Indianapolis,Indiana,Self Employed,Corporate,127400,10/21/2024
C04442,Cynthia,Anderson,Female,4/18/1982,Atlanta,Georgia,Salaried,Retail,54700,6/30/2023
C04443,Norman,Hayes,Male,11/16/1983,Austin,Texas,Student,Retail,163700,11/9/2022
C04444,Tiffany,Allen,Female,10/18/1991,Minneapolis,Minnesota,Retired,Retail,53400,6/12/2020
C04445,Chelsea,Hardin,Female,2/12/2000,Austin,Texas,Student,SME,115800,3/24/2025
C04446,Samuel,Park,Male,9/1/1961,Charlotte,North Carolina,Self Employed,Retail,42300,8/10/2019
C04447,David,Yates,Male,1/20/1983,Portland,Oregon,Retired,Retail,32100,9/29/2019
C04448,Jacob,Thomas,Male,4/8/1962,Kansas City,Missouri,Retired,Retail,20700,12/20/2019
C04449,Bryan,Mccarty,Male,7/24/2003,Atlanta,Georgia,Student,Premium,228600,9/3/2022
C04450,Wayne,Atkinson,Male,4/24/1999,Atlanta,Georgia,Self Employed,Premium,61700,6/21/2021
C04451,John,Raymond,Male,8/6/2003,Minneapolis,Minnesota,Freelancer,Corporate,119500,6/25/2025
C04452,Dorothy,Graves,Female,11/17/1964,San Antonio,Texas,Salaried,Retail,20700,1/3/2025
C04453,Michael,Crawford,Male,7/24/1974,Cincinnati,Ohio,Self Employed,Retail,32200,6/6/2023
C04454,Russell,Freeman,Male,5/5/1998,Raleigh,North Carolina,Self Employed,Retail,38000,8/28/2019
C04455,Erin,Smith,Female,6/8/1980,Tampa,Florida,Business Owner,Retail,66300,1/20/2022
C04456,Michael,Johnson,Male,12/22/1965,Tampa,Florida,Business Owner,Retail,80500,8/25/2024
C04457,Rita,Floyd,Female,4/7/1966,Columbus,Ohio,Business Owner,Premium,71300,9/3/2019
C04458,Gregory,Krause,Male,7/24/1985,Pittsburgh,Pennsylvania,Student,Retail,72100,9/28/2019
C04459,Robert,Prince,Male,2/19/1996,Cincinnati,Ohio,Student,Premium,343900,6/9/2020
C04460,Sara,Duncan,Female,12/22/1997,San Antonio,Texas,Freelancer,SME,29000,9/19/2022
C04461,Jacqueline,Maxwell,Female,10/20/1982,Raleigh,North Carolina,Retired,SME,261000,12/19/2022
C04462,Randy,Martinez,Male,12/6/1963,Austin,Texas,Business Owner,Retail,59700,8/18/2020
C04463,Dalton,Lynch,Male,1/24/2002,Sacramento,California,Student,Retail,82900,9/29/2019
C04464,Travis,Mccoy,Male,2/16/1972,San Antonio,Texas,Self Employed,Retail,119500,2/9/2019
C04465,Mark,Jacobs,Male,5/5/2003,Indianapolis,Indiana,Self Employed,Wealth,179800,11/20/2020
C04466,Heidi,Clarke,Female,2/15/1973,Sacramento,California,Salaried,Retail,122500,9/5/2023
C04467,Cory,Warner,Male,3/16/1975,Cincinnati,Ohio,Business Owner,Retail,40000,4/17/2025
C04468,Daniel,Burgess,Male,11/23/1972,San Antonio,Texas,Student,Retail,21600,8/1/2020
C04469,Adrian,Glenn,Male,5/15/1982,Cincinnati,Ohio,Freelancer,Premium,403000,2/8/2025
C04470,Casey,Dominguez,Male,6/10/1970,Charlotte,North Carolina,Student,Retail,94900,1/19/2024
C04471,Nathaniel,Gomez,Male,11/19/1996,Atlanta,Georgia,Retired,SME,29000,5/28/2021
C04472,Ryan,Dawson,Male,2/22/1989,Raleigh,North Carolina,Student,Premium,114100,12/22/2019
C04473,Sierra,Ramos,Female,10/20/1978,Raleigh,North Carolina,Salaried,Retail,91300,3/31/2020
C04474,Paul,Nguyen,Male,7/4/1993,Cincinnati,Ohio,Student,Corporate,86100,2/16/2019
C04475,Amanda,Lopez,Female,6/9/1960,San Antonio,Texas,Student,Retail,48600,11/17/2018
C04476,Antonio,Barton,Male,12/9/1991,Atlanta,Georgia,Salaried,Retail,37100,12/15/2019
C04477,Robin,Chen,Female,9/27/1989,Tampa,Florida,Student,Corporate,178700,7/31/2019
C04478,Ariana,Stewart,Female,2/18/1977,Salt Lake City,Utah,Student,Retail,57000,3/10/2024
C04479,Keith,Walker,Male,12/23/1980,Sacramento,California,Retired,SME,61500,8/13/2019
C04480,David,Edwards,Male,4/4/1982,Raleigh,North Carolina,Student,Retail,23400,4/5/2019
C04481,Jody,Figueroa,Female,9/28/1974,Phoenix,Arizona,Business Owner,Corporate,134300,2/26/2021
C04482,Linda,Waller,Female,7/27/1988,Raleigh,North Carolina,Freelancer,Premium,50700,9/11/2018
C04483,Shane,Browning,Male,7/7/1982,Seattle,Washington,Retired,Retail,67300,11/12/2023
C04484,Katie,Montoya,Female,2/7/1972,Indianapolis,Indiana,Self Employed,Retail,62000,1/10/2022
C04485,Emily,Moore,Female,11/22/2004,Kansas City,Missouri,Self Employed,Retail,90800,9/30/2023
C04486,Michael,Cook,Male,7/23/1992,Raleigh,North Carolina,Student,SME,77400,10/6/2025
C04487,Alyssa,Graves,Female,7/13/1972,San Antonio,Texas,Business Owner,Retail,50700,5/19/2020
C04488,Pamela,Jackson,Female,6/12/1998,Columbus,Ohio,Freelancer,Wealth,578000,5/16/2024
C04489,Jason,Obrien,Male,6/17/1999,Charlotte,North Carolina,Retired,Corporate,69500,6/8/2024
C04490,Sandra,Joseph,Female,9/11/1969,Sacramento,California,Self Employed,Retail,58400,12/15/2018
C04491,Briana,Garrett,Female,12/4/1996,Phoenix,Arizona,Student,Retail,92900,5/14/2022
C04492,Debra,Rodriguez,Female,3/18/1979,Atlanta,Georgia,Self Employed,Wealth,127700,7/6/2025
C04493,Kimberly,Cox,Female,12/15/2000,Portland,Oregon,Student,Wealth,215000,8/6/2020
C04494,Arthur,Fitzgerald,Male,11/15/1988,Salt Lake City,Utah,Student,Premium,106300,11/23/2025
C04495,Kathleen,Sandoval,Female,10/28/1966,Raleigh,North Carolina,Salaried,Retail,47600,1/25/2022
C04496,Jason,Taylor,Male,2/23/1977,Salt Lake City,Utah,Salaried,Corporate,111700,8/3/2024
C04497,Pamela,Montgomery,Female,2/25/1980,Atlanta,Georgia,Student,Premium,103700,11/17/2020
C04498,Jennifer,Ford,Female,10/19/1971,Sacramento,California,Retired,Retail,40500,2/9/2020
C04499,Carol,James,Female,5/20/1961,Seattle,Washington,Student,Wealth,151100,2/7/2024
C04500,Christina,Rhodes,Female,3/27/1978,Phoenix,Arizona,Salaried,Retail,67200,5/26/2024
C04501,Christian,Wyatt,Male,12/10/1973,Salt Lake City,Utah,Salaried,Premium,171100,4/27/2019
C04502,Frank,Fields,Male,7/22/1963,San Antonio,Texas,Business Owner,Corporate,65600,5/2/2019
C04503,Julie,Mosley,Female,8/24/2003,Portland,Oregon,Salaried,SME,128600,2/19/2024
C04504,Anthony,Moore,Male,11/28/1966,Atlanta,Georgia,Retired,Retail,27300,11/7/2019
C04505,Brett,Lopez,Male,9/13/1964,Orlando,Florida,Retired,Retail,66300,9/6/2018
C04506,Jon,Miller,Male,9/18/1975,Atlanta,Georgia,Freelancer,Retail,40600,12/28/2021
C04507,Jonathan,Alvarado,Male,6/8/1998,Sacramento,California,Business Owner,Corporate,101300,4/10/2021
C04508,Tina,Gallegos,Female,3/17/2004,Sacramento,California,Salaried,Retail,62100,6/10/2025
C04509,Sydney,Diaz,Female,9/23/1974,Indianapolis,Indiana,Retired,Retail,57500,11/5/2018
C04510,Betty,Watkins,Female,1/20/1980,Nashville,Tennessee,Self Employed,Retail,75200,11/5/2023
C04511,Jason,Wilson,Male,4/20/1999,Austin,Texas,Student,Retail,62100,1/19/2026
C04512,Katie,Jackson,Female,4/7/1974,Portland,Oregon,Retired,SME,43900,7/6/2025
C04513,Vincent,Carter,Male,12/10/1971,Salt Lake City,Utah,Retired,Premium,70100,1/23/2022
C04514,Mary,Hicks,Female,12/11/1982,Kansas City,Missouri,Student,Corporate,142500,9/1/2024
C04515,Ethan,Ramirez,Male,8/9/1960,Atlanta,Georgia,Freelancer,Retail,177500,7/6/2019
C04516,Lisa,Farmer,Female,12/21/1966,Indianapolis,Indiana,Freelancer,Retail,33500,1/12/2025
C04517,James,Shaffer,Male,4/19/1993,Seattle,Washington,Salaried,Retail,66900,9/8/2019
C04518,Joseph,Spencer,Male,3/20/1989,Seattle,Washington,Student,Retail,81100,5/29/2020
C04519,Juan,Cooper,Male,11/2/1963,Sacramento,California,Freelancer,Retail,79000,4/5/2018
C04520,Michael,Rodriguez,Male,6/4/1970,Indianapolis,Indiana,Salaried,Retail,33900,11/4/2019
C04521,Bryan,Johnson,Male,7/6/1978,Portland,Oregon,Freelancer,Retail,34300,12/25/2024
C04522,Jason,Moore,Male,6/13/1985,Raleigh,North Carolina,Retired,Retail,55700,5/10/2024
C04523,Patrick,Johnson,Male,2/25/1979,Phoenix,Arizona,Student,Retail,43300,3/25/2024
C04524,Patricia,Cervantes,Female,7/10/1982,Indianapolis,Indiana,Student,Corporate,87900,7/18/2024
C04525,Melissa,Adams,Female,6/22/2002,Raleigh,North Carolina,Salaried,Retail,69400,6/12/2022
C04526,Pamela,Taylor,Female,12/25/1998,Sacramento,California,Retired,Premium,47700,7/17/2019
C04527,Amy,Ross,Female,9/15/1986,Columbus,Ohio,Retired,Retail,93700,1/2/2022
C04528,Mark,Hall,Male,1/26/1994,Salt Lake City,Utah,Retired,Corporate,151100,11/24/2025
C04529,Julian,Conley,Male,6/2/1992,Indianapolis,Indiana,Self Employed,Premium,200000,10/2/2021
C04530,Suzanne,Henry,Female,3/25/1967,Indianapolis,Indiana,Self Employed,Corporate,141200,7/11/2023
C04531,Breanna,Boyer,Female,6/24/1975,Austin,Texas,Freelancer,Retail,104200,1/11/2019
C04532,Martin,Hawkins,Male,2/5/2002,Columbus,Ohio,Freelancer,Premium,164100,2/16/2024
C04533,Christopher,Wyatt,Male,11/28/1974,Columbus,Ohio,Student,Retail,50900,8/15/2024
C04534,Melissa,Christian,Female,6/25/1974,Raleigh,North Carolina,Freelancer,Premium,105700,8/15/2025
C04535,Erin,Mccormick,Female,3/1/1965,Columbus,Ohio,Self Employed,Premium,37300,9/17/2018
C04536,Autumn,Navarro,Female,5/20/1965,Tampa,Florida,Freelancer,Retail,59500,1/12/2018
C04537,Susan,Wright,Female,6/20/2003,Phoenix,Arizona,Salaried,Corporate,129000,4/25/2018
C04538,Mark,Dean,Male,8/12/1999,Raleigh,North Carolina,Salaried,Corporate,230600,3/9/2018
C04539,Heather,Harris,Female,1/22/1970,Phoenix,Arizona,Business Owner,Retail,41100,1/16/2021
C04540,Noah,King,Male,8/18/1962,Pittsburgh,Pennsylvania,Business Owner,Retail,42900,5/10/2019
C04541,Stephanie,Gentry,Female,10/7/1963,Seattle,Washington,Freelancer,Retail,188900,5/2/2018
C04542,Shawn,Lucas,Male,11/14/1965,Austin,Texas,Student,Premium,131300,9/27/2024
C04543,Amy,Jacobson,Female,10/27/1983,Columbus,Ohio,Retired,Retail,120100,12/11/2024
C04544,Rodney,Jones,Male,7/20/1968,Atlanta,Georgia,Student,SME,39600,3/27/2018
C04545,Jeffrey,Brown,Male,3/16/2001,Charlotte,North Carolina,Retired,Retail,20700,11/26/2020
C04546,Nathaniel,Thompson,Male,12/25/1997,Raleigh,North Carolina,Retired,Retail,46100,11/18/2021
C04547,Nathan,Gilmore,Male,4/16/1972,San Antonio,Texas,Self Employed,Retail,158100,3/19/2026
C04548,Brian,Fox,Male,12/17/1990,Kansas City,Missouri,Self Employed,Retail,93000,4/23/2023
C04549,Brittany,Ellis,Female,11/6/1980,Seattle,Washington,Salaried,Retail,30800,7/3/2025
C04550,Connie,Cook,Female,3/16/1966,Sacramento,California,Retired,Retail,79000,3/30/2025
C04551,Nathan,Carpenter,Male,12/3/1992,Salt Lake City,Utah,Business Owner,Retail,21500,2/28/2021
C04552,Matthew,Fowler,Male,11/27/1978,Charlotte,North Carolina,Student,Premium,88100,11/12/2020
C04553,Ricky,Cantrell,Male,8/4/1982,Pittsburgh,Pennsylvania,Salaried,SME,38300,11/20/2025
C04554,Robert,Green,Male,5/6/1992,Indianapolis,Indiana,Freelancer,Retail,83700,1/27/2019
C04555,Christina,Sanders,Female,8/22/1991,Orlando,Florida,Freelancer,Retail,37900,6/27/2025
C04556,Michele,Sampson,Female,3/11/1996,Portland,Oregon,Retired,Premium,118900,4/17/2019
C04557,Mary,Boyd,Female,9/6/1986,Orlando,Florida,Retired,Corporate,93000,2/16/2022
C04558,Megan,Moody,Female,3/3/1985,Phoenix,Arizona,Salaried,Retail,64900,2/16/2023
C04559,Travis,Oconnor,Male,5/24/1987,Austin,Texas,Salaried,Premium,39700,10/22/2025
C04560,Nancy,Taylor,Female,1/21/1981,Orlando,Florida,Retired,SME,42700,9/21/2025
C04561,Heather,Hale,Female,1/19/1980,Pittsburgh,Pennsylvania,Business Owner,Retail,74300,1/17/2021
C04562,Michelle,Adkins,Female,12/20/1977,Pittsburgh,Pennsylvania,Student,Retail,39200,10/23/2020
C04563,Anthony,Mejia,Male,11/4/1968,Phoenix,Arizona,Business Owner,Retail,42900,4/23/2022
C04564,Todd,Taylor,Male,5/10/1966,Columbus,Ohio,Business Owner,Retail,34900,7/27/2021
C04565,Tracey,Mitchell,Female,3/23/1980,Indianapolis,Indiana,Student,SME,119700,7/26/2021
C04566,Mark,Horton,Male,10/8/1995,Minneapolis,Minnesota,Retired,SME,67600,2/6/2019
C04567,Chase,Conley,Male,12/20/1987,Orlando,Florida,Student,Premium,91500,6/10/2023
C04568,James,House,Male,12/25/1968,Portland,Oregon,Business Owner,Wealth,115800,1/7/2018
C04569,Robert,Bowman,Male,11/7/1993,Cincinnati,Ohio,Student,Retail,29900,8/22/2019
C04570,Tiffany,Aguilar,Female,5/3/1988,Salt Lake City,Utah,Self Employed,Premium,40200,10/23/2019
C04571,Patrick,Sweeney,Male,10/18/1998,Orlando,Florida,Business Owner,Premium,101500,10/15/2019
C04572,John,Gonzalez,Male,9/11/1960,Tampa,Florida,Student,SME,31500,7/16/2020
C04573,Michael,Moore,Male,9/20/1965,Indianapolis,Indiana,Retired,Retail,55200,5/17/2019
C04574,Amanda,Castillo,Female,10/9/1998,Tampa,Florida,Business Owner,Retail,66000,2/17/2020
C04575,James,Brown,Male,10/24/2002,Cincinnati,Ohio,Self Employed,Premium,182300,3/8/2021
C04576,Gary,Smith,Male,8/23/2003,Pittsburgh,Pennsylvania,Retired,Retail,56400,7/27/2025
C04577,Benjamin,Hess,Male,5/5/1971,Cincinnati,Ohio,Retired,Retail,23600,3/27/2025
C04578,Andrew,Ortiz,Male,12/25/2003,Denver,Colorado,Salaried,Retail,32300,5/17/2025
C04579,Robert,Hurley,Male,11/16/2001,Charlotte,North Carolina,Student,Corporate,73800,5/2/2019
C04580,Robert,Alvarado,Male,3/12/1965,Atlanta,Georgia,Business Owner,Retail,43300,4/2/2019
C04581,Madison,Bates,Female,11/6/1992,Pittsburgh,Pennsylvania,Self Employed,Retail,32700,6/2/2018
C04582,Leah,Williamson,Female,10/19/1984,Sacramento,California,Student,Premium,148800,9/7/2023
C04583,Samantha,Wilkins,Female,2/14/1982,Pittsburgh,Pennsylvania,Business Owner,Retail,22900,3/27/2018
C04584,David,Foster,Male,8/13/1989,Atlanta,Georgia,Business Owner,Retail,60800,4/15/2023
C04585,Sara,Davis,Female,1/2/1965,Raleigh,North Carolina,Business Owner,Retail,42400,9/6/2020
C04586,Rose,Perkins,Female,11/8/1990,Pittsburgh,Pennsylvania,Business Owner,Retail,94100,8/22/2023
C04587,David,Webb,Male,4/28/1984,Denver,Colorado,Self Employed,Retail,35200,7/26/2022
C04588,James,Lamb,Male,3/11/1990,Cincinnati,Ohio,Freelancer,SME,29000,12/21/2018
C04589,Julie,Hart,Female,7/5/1969,Salt Lake City,Utah,Self Employed,Retail,115000,9/17/2019
C04590,Patricia,Graham,Female,6/10/1970,Pittsburgh,Pennsylvania,Student,SME,109400,6/30/2020
C04591,Victor,Cobb,Male,10/3/1987,Denver,Colorado,Student,Retail,36200,10/17/2021
C04592,Timothy,Fox,Male,12/28/1982,Orlando,Florida,Self Employed,SME,47700,8/4/2022
C04593,Catherine,Smith,Female,2/16/1984,Portland,Oregon,Self Employed,Retail,48100,8/8/2019
C04594,Susan,Vargas,Female,12/2/1970,Phoenix,Arizona,Retired,Retail,72900,1/17/2023
C04595,Donna,Davis,Female,7/9/1963,Kansas City,Missouri,Self Employed,Retail,23000,10/11/2018
C04596,Lauren,Hayes,Female,1/4/1987,Tampa,Florida,Self Employed,Retail,77900,1/12/2019
C04597,Alexander,Cobb,Male,12/22/2000,Tampa,Florida,Freelancer,Retail,75500,12/5/2020
C04598,Lucas,Ellis,Male,8/20/2000,Cincinnati,Ohio,Retired,Wealth,63800,9/28/2023
C04599,Rhonda,Newman,Female,9/23/1981,Orlando,Florida,Business Owner,Corporate,101200,11/15/2024
C04600,Lucas,Parker,Male,10/25/1996,Sacramento,California,Freelancer,Corporate,109900,7/7/2024
C04601,Sonya,Elliott,Female,4/13/1979,Salt Lake City,Utah,Freelancer,Retail,77200,12/3/2023
C04602,Ricardo,Holt,Male,12/15/1963,Columbus,Ohio,Business Owner,Retail,64300,8/10/2020
C04603,Elizabeth,Johnston,Female,2/11/1992,Salt Lake City,Utah,Business Owner,Retail,54500,3/20/2019
C04604,Michael,Williams,Male,4/22/1998,Tampa,Florida,Student,SME,45400,10/9/2021
C04605,Brenda,Galvan,Female,8/4/1973,Indianapolis,Indiana,Salaried,Retail,36900,4/10/2024
C04606,Anthony,Gross,Male,8/2/1982,Portland,Oregon,Business Owner,Retail,70800,6/30/2021
C04607,Edward,Rogers,Male,2/20/1977,San Antonio,Texas,Freelancer,Wealth,72700,8/23/2018
C04608,Pam,Mitchell,Female,8/11/1987,Cincinnati,Ohio,Salaried,Retail,65000,10/18/2018
C04609,Francis,White,Male,2/27/1989,Denver,Colorado,Retired,Retail,28300,2/27/2023
C04610,Shannon,Patel,Female,5/14/1993,Tampa,Florida,Self Employed,SME,86300,2/22/2025
C04611,Johnny,Smith,Male,10/26/1986,Tampa,Florida,Salaried,Retail,42700,6/26/2018
C04612,Evelyn,Allen,Female,11/20/1985,Minneapolis,Minnesota,Salaried,SME,124900,9/16/2018
C04613,John,Hancock,Male,3/12/1973,Charlotte,North Carolina,Student,Premium,123200,1/20/2019
C04614,Carlos,Watts,Male,6/26/1993,Minneapolis,Minnesota,Salaried,Retail,48700,9/6/2019
C04615,Brian,Sims,Male,12/4/1968,Atlanta,Georgia,Business Owner,Retail,28600,1/28/2019
C04616,Vincent,Johnson,Male,2/25/1967,Salt Lake City,Utah,Business Owner,SME,74600,2/22/2026
C04617,Thomas,Lee,Male,1/26/1967,Pittsburgh,Pennsylvania,Salaried,Retail,46500,3/27/2019
C04618,Christopher,Gonzalez,Male,5/3/1999,Phoenix,Arizona,Retired,Retail,183500,9/6/2019
C04619,Joseph,Anderson,Male,2/19/1983,Atlanta,Georgia,Salaried,Retail,51400,9/15/2018
C04620,Julie,Lucas,Female,3/27/1961,Portland,Oregon,Freelancer,Retail,58000,10/4/2019
C04621,Jonathan,Berger,Male,11/26/1993,Denver,Colorado,Business Owner,Retail,22400,10/19/2025
C04622,Lori,Mack,Female,10/27/1982,Sacramento,California,Self Employed,Wealth,180000,7/19/2020
C04623,Jesse,Robinson,Male,8/21/2002,Tampa,Florida,Salaried,Retail,51200,9/26/2019
C04624,Dominique,Holder,Female,2/23/1985,Minneapolis,Minnesota,Student,Retail,70600,10/9/2022
C04625,Jamie,Clark,Female,5/17/1977,Sacramento,California,Self Employed,SME,29000,11/23/2024
C04626,Benjamin,Rogers,Male,5/20/1962,Salt Lake City,Utah,Retired,Retail,42700,3/30/2022
C04627,Katie,Howard,Female,3/26/2000,Salt Lake City,Utah,Freelancer,Premium,58100,7/12/2023
C04628,Patricia,Mccormick,Female,5/27/1986,Tampa,Florida,Freelancer,Wealth,122600,6/1/2021
C04629,Robert,Miller,Male,8/15/1982,San Antonio,Texas,Business Owner,Premium,37300,3/20/2020
C04630,Wesley,Pierce,Male,8/17/1970,Nashville,Tennessee,Self Employed,Corporate,127700,4/3/2023
C04631,Brenda,Jennings,Female,6/9/1987,Austin,Texas,Student,Corporate,117100,9/21/2025
C04632,Joseph,Morris,Male,11/9/1981,Phoenix,Arizona,Freelancer,Premium,37300,2/15/2019
C04633,Robert,Cantrell,Male,7/14/1974,Phoenix,Arizona,Self Employed,Retail,32200,11/30/2021
C04634,Vanessa,Swanson,Female,9/26/1986,Austin,Texas,Freelancer,Retail,72200,2/18/2022
C04635,Joshua,Rush,Male,11/5/1998,Phoenix,Arizona,Self Employed,Premium,211200,2/16/2025
C04636,Ronald,Tucker,Male,7/3/2000,Sacramento,California,Salaried,Corporate,59800,6/26/2021
C04637,Bradley,Brooks,Male,2/12/1967,Denver,Colorado,Salaried,Corporate,120500,12/19/2021
C04638,Abigail,Reed,Female,5/6/1999,Orlando,Florida,Salaried,Retail,22800,6/20/2024
C04639,Isaiah,Bridges,Male,4/20/1984,Denver,Colorado,Salaried,Retail,58100,2/27/2022
C04640,Frank,Montes,Male,11/20/1962,Denver,Colorado,Self Employed,Premium,101300,2/25/2023
C04641,Lauren,Ramos,Female,3/25/1974,Portland,Oregon,Freelancer,Retail,41800,8/19/2022
C04642,Zachary,Gibson,Male,1/27/1995,Cincinnati,Ohio,Business Owner,Premium,151200,10/6/2020
C04643,Brett,Baird,Male,8/11/1963,Denver,Colorado,Business Owner,Retail,99800,3/22/2019
C04644,Suzanne,Ortega,Female,7/24/1971,Nashville,Tennessee,Freelancer,SME,45700,4/12/2022
C04645,Tiffany,Johnston,Female,4/17/1978,Tampa,Florida,Student,Corporate,355900,5/15/2021
C04646,Samantha,Thomas,Female,9/24/2004,Atlanta,Georgia,Freelancer,Premium,70900,4/28/2023
C04647,Jennifer,Jenkins,Female,9/26/1975,Nashville,Tennessee,Self Employed,Premium,90100,4/23/2025
C04648,Natalie,Mitchell,Female,10/15/1981,Phoenix,Arizona,Business Owner,SME,81000,11/13/2021
C04649,Matthew,Jackson,Male,12/21/1961,Phoenix,Arizona,Salaried,SME,29000,4/23/2023
C04650,Jennifer,Welch,Female,6/26/1993,Sacramento,California,Student,Retail,20700,11/21/2025
C04651,Keith,Reeves,Male,7/13/1994,Seattle,Washington,Retired,SME,157000,10/18/2021
C04652,Rodney,Gray,Male,1/24/1960,Orlando,Florida,Retired,Premium,269000,10/2/2021
C04653,John,Taylor,Male,6/13/2000,Indianapolis,Indiana,Self Employed,Premium,71900,1/9/2022
C04654,Timothy,Lewis,Male,6/17/1979,Indianapolis,Indiana,Salaried,Premium,90600,12/28/2022
C04655,Steve,Glenn,Male,8/8/1967,Raleigh,North Carolina,Salaried,Premium,78100,10/11/2021
C04656,Jackson,Baker,Male,7/19/1981,Denver,Colorado,Student,Retail,30200,10/8/2018
C04657,Francis,Fischer,Male,11/20/1980,Orlando,Florida,Salaried,Retail,157400,12/3/2021
C04658,Patricia,Shannon,Female,3/11/1994,Nashville,Tennessee,Self Employed,Retail,76300,7/20/2025
C04659,Tamara,Smith,Female,7/3/1967,Cincinnati,Ohio,Retired,Corporate,52800,4/16/2021
C04660,David,Carroll,Male,12/16/2002,Atlanta,Georgia,Salaried,Retail,31400,10/9/2025
C04661,Danielle,Johns,Female,12/12/1988,Pittsburgh,Pennsylvania,Freelancer,Retail,38200,6/10/2022
C04662,Jeffrey,Bradley,Male,10/28/1981,Charlotte,North Carolina,Salaried,Retail,29200,12/10/2018
C04663,Autumn,Wilson,Female,7/25/1980,Denver,Colorado,Freelancer,Premium,97000,5/28/2019
C04664,Emily,Davis,Female,1/13/1993,Tampa,Florida,Self Employed,Premium,67400,8/16/2019
C04665,Jennifer,Martin,Female,2/14/2002,Seattle,Washington,Freelancer,SME,63200,9/11/2020
C04666,Sandra,Cooper,Female,8/3/1992,Seattle,Washington,Self Employed,Premium,69400,5/2/2018
C04667,Renee,Wilson,Female,11/10/1989,Minneapolis,Minnesota,Business Owner,Corporate,392700,5/12/2019
C04668,Philip,Johnson,Male,12/27/1986,Phoenix,Arizona,Self Employed,Corporate,224500,12/18/2019
C04669,Deborah,Jones,Female,4/23/1974,Raleigh,North Carolina,Student,Retail,22900,8/17/2018
C04670,Susan,Coleman,Female,3/27/1963,Sacramento,California,Salaried,SME,53600,5/3/2022
C04671,Vanessa,Clark,Female,11/12/2001,Pittsburgh,Pennsylvania,Business Owner,Retail,20700,11/18/2021
C04672,Danny,Davis,Male,7/25/1968,Cincinnati,Ohio,Self Employed,Wealth,148900,7/17/2025
C04673,Connor,Wallace,Male,11/25/1960,Nashville,Tennessee,Business Owner,SME,42800,7/16/2024
C04674,Sara,Cantrell,Female,1/1/1963,Austin,Texas,Salaried,SME,83300,5/7/2022
C04675,Kathryn,Bell,Female,9/4/1993,Cincinnati,Ohio,Salaried,Premium,147400,5/8/2024
C04676,Nicole,Pierce,Female,10/19/1992,Tampa,Florida,Retired,SME,104900,6/11/2019
C04677,Katherine,White,Female,6/1/1986,Tampa,Florida,Student,Retail,52200,2/2/2018
C04678,Bruce,Boyd,Male,1/17/1992,Tampa,Florida,Student,Retail,35400,6/22/2019
C04679,Melissa,Porter,Female,2/11/1998,Phoenix,Arizona,Student,Retail,52000,10/12/2021
C04680,Jamie,Gutierrez,Female,8/7/1991,Denver,Colorado,Retired,Retail,20700,10/4/2020
C04681,Sandra,Jones,Female,6/5/1975,Tampa,Florida,Business Owner,Premium,157300,12/1/2024
C04682,Courtney,Morris,Female,7/22/1991,Orlando,Florida,Student,Retail,22900,1/8/2025
C04683,Catherine,Munoz,Female,7/7/1967,Columbus,Ohio,Retired,Premium,84700,10/10/2025
C04684,Daniel,Evans,Male,3/18/1986,Cincinnati,Ohio,Self Employed,Retail,39100,3/6/2021
C04685,Misty,Walker,Female,12/16/1960,Austin,Texas,Student,Retail,89700,5/20/2021
C04686,Daniel,Thompson,Male,12/11/1987,Phoenix,Arizona,Retired,Retail,38800,4/3/2024
C04687,Jacob,Hughes,Male,3/11/1966,Indianapolis,Indiana,Business Owner,SME,83400,8/26/2018
C04688,Sara,Walker,Female,6/3/1964,Cincinnati,Ohio,Business Owner,Retail,76000,10/10/2025
C04689,Laura,Dominguez,Female,10/14/1999,San Antonio,Texas,Student,Premium,54400,11/17/2018
C04690,Melissa,Taylor,Female,2/6/1979,Orlando,Florida,Salaried,Retail,20700,4/15/2018
C04691,Mary,Vasquez,Female,8/27/1983,San Antonio,Texas,Student,SME,104200,2/10/2022
C04692,Scott,Johnson,Male,12/25/1970,San Antonio,Texas,Self Employed,Retail,43800,3/20/2022
C04693,Timothy,Acosta,Male,8/15/2003,Sacramento,California,Retired,Retail,54500,2/1/2020
C04694,Derek,Taylor,Male,4/22/1960,Salt Lake City,Utah,Student,SME,40600,9/3/2025
C04695,Shelley,Vargas,Female,4/22/1991,Tampa,Florida,Salaried,Premium,42600,8/17/2023
C04696,Kristen,Franklin,Female,9/26/1990,Nashville,Tennessee,Business Owner,Retail,90000,8/13/2023
C04697,William,Montes,Male,12/12/1999,Portland,Oregon,Student,Retail,55300,9/30/2024
C04698,Michael,Clark,Male,2/21/1986,Phoenix,Arizona,Freelancer,SME,36300,1/18/2026
C04699,James,Yates,Male,2/1/1982,Pittsburgh,Pennsylvania,Student,Retail,135100,7/9/2025
C04700,Mary,Robertson,Female,7/17/1985,Charlotte,North Carolina,Self Employed,SME,80000,3/14/2018
C04701,Justin,Moore,Male,3/13/1974,Minneapolis,Minnesota,Business Owner,SME,45700,1/20/2019
C04702,Andrew,Brown,Male,3/2/1977,Tampa,Florida,Business Owner,Corporate,237000,12/30/2019
C04703,Charles,Daniels,Male,10/12/1978,Pittsburgh,Pennsylvania,Retired,Retail,67700,1/12/2021
C04704,Patricia,Rodriguez,Female,12/19/1970,Pittsburgh,Pennsylvania,Student,Retail,38600,10/14/2018
C04705,Ashley,Carpenter,Female,10/15/2004,Atlanta,Georgia,Business Owner,Retail,44600,1/28/2025
C04706,Shannon,Parks,Female,2/9/1985,Columbus,Ohio,Self Employed,Premium,262300,9/29/2018
C04707,Mark,Preston,Male,1/17/1963,Indianapolis,Indiana,Business Owner,Corporate,120800,3/2/2019
C04708,John,Peck,Male,4/13/1962,Sacramento,California,Salaried,Premium,61700,4/17/2020
C04709,Alyssa,Smith,Female,3/10/2000,Phoenix,Arizona,Student,Retail,97200,10/28/2019
C04710,Manuel,Ramirez,Male,8/20/1990,Denver,Colorado,Salaried,SME,125300,5/24/2018
C04711,Jason,Williams,Male,3/16/1991,Tampa,Florida,Student,SME,74600,10/12/2021
C04712,Debbie,Davis,Female,11/19/1991,Minneapolis,Minnesota,Salaried,Retail,85900,12/24/2024
C04713,Christine,Charles,Female,11/21/2004,San Antonio,Texas,Business Owner,Retail,60400,6/7/2023
C04714,Robert,Maxwell,Male,6/23/1987,Salt Lake City,Utah,Student,Retail,114100,9/27/2023
C04715,Zachary,Larson,Male,8/15/2004,Raleigh,North Carolina,Freelancer,Retail,100000,5/9/2025
C04716,George,Murphy,Male,8/13/1965,Seattle,Washington,Salaried,Premium,86100,6/5/2019
C04717,Jacob,Chavez,Male,8/19/2001,Indianapolis,Indiana,Student,SME,190600,9/3/2023
C04718,Anna,Oneill,Female,1/23/1972,Phoenix,Arizona,Business Owner,Wealth,85300,10/2/2022
C04719,Tina,Erickson,Female,5/24/1996,Columbus,Ohio,Retired,Premium,257800,4/21/2025
C04720,Daniel,Davis,Male,12/9/1991,Charlotte,North Carolina,Self Employed,Premium,64400,3/29/2022
C04721,Kathryn,Lara,Female,9/16/1985,Kansas City,Missouri,Business Owner,Retail,70700,9/4/2021
C04722,Jerry,White,Male,7/11/2004,Portland,Oregon,Salaried,Retail,56300,9/1/2023
C04723,Douglas,Doyle,Male,3/5/1974,Tampa,Florida,Self Employed,Retail,104200,9/23/2022
C04724,Daniel,Hughes,Male,4/23/1979,Austin,Texas,Salaried,Corporate,69900,3/19/2021
C04725,Heather,Walsh,Female,11/14/1969,Pittsburgh,Pennsylvania,Salaried,Retail,20700,4/5/2020
C04726,Madeline,Wilson,Female,11/17/1969,Kansas City,Missouri,Business Owner,Retail,31200,4/9/2019
C04727,Robert,Cook,Male,10/8/2001,Sacramento,California,Retired,Premium,208600,4/11/2020
C04728,Jennifer,Sweeney,Female,4/24/1992,Orlando,Florida,Retired,Retail,46500,7/7/2024
C04729,Derek,Garza,Male,6/17/1969,Charlotte,North Carolina,Student,Retail,45500,11/28/2021
C04730,Victor,Brewer,Male,4/11/1969,Indianapolis,Indiana,Student,Retail,112900,2/4/2024
C04731,Patricia,Davidson,Female,12/21/1974,Portland,Oregon,Retired,Retail,20700,7/13/2022
C04732,Lori,Welch,Female,4/7/2002,Minneapolis,Minnesota,Student,SME,186000,9/23/2019
C04733,Kimberly,Barr,Female,11/21/1986,Atlanta,Georgia,Student,Retail,70100,12/25/2022
C04734,Chad,Anderson,Male,8/22/1986,Kansas City,Missouri,Business Owner,Premium,132100,4/24/2025
C04735,Daniel,Young,Male,5/14/1988,Pittsburgh,Pennsylvania,Business Owner,Retail,30200,7/29/2019
C04736,Steven,Duran,Male,1/23/1967,Austin,Texas,Retired,Retail,73100,1/7/2024
C04737,Alyssa,Morgan,Female,2/20/1998,Nashville,Tennessee,Salaried,Retail,44200,6/28/2022
C04738,Allison,Greene,Female,8/6/1983,Orlando,Florida,Self Employed,Retail,45300,6/14/2022
C04739,Tiffany,Ferguson,Female,1/1/1980,Charlotte,North Carolina,Retired,Retail,59400,2/3/2018
C04740,Kenneth,Nguyen,Male,10/26/1997,Minneapolis,Minnesota,Freelancer,Premium,93300,1/1/2021
C04741,Catherine,Vincent,Female,1/11/2004,Columbus,Ohio,Business Owner,Retail,51200,1/24/2021
C04742,Jeffrey,Madden,Male,6/8/1978,Orlando,Florida,Student,Wealth,354700,8/8/2023
C04743,Judy,Thomas,Female,11/15/1998,Pittsburgh,Pennsylvania,Freelancer,Retail,34600,7/27/2025
C04744,Cynthia,Wilson,Female,4/8/1980,Denver,Colorado,Freelancer,SME,68500,11/25/2022
C04745,Emily,Cobb,Female,9/23/1975,Pittsburgh,Pennsylvania,Freelancer,Retail,40500,8/31/2024
C04746,Daniel,Melton,Male,7/17/1967,Minneapolis,Minnesota,Salaried,SME,147100,7/7/2022
C04747,Christopher,Davis,Male,11/3/1999,Seattle,Washington,Retired,Wealth,62100,6/3/2025
C04748,Kristopher,Chang,Male,5/9/1969,Indianapolis,Indiana,Salaried,Retail,95800,5/28/2021
C04749,Annette,Johnson,Female,5/9/1999,Kansas City,Missouri,Retired,Corporate,124700,9/22/2024
C04750,Haley,Butler,Female,1/8/1973,Cincinnati,Ohio,Salaried,Premium,60500,12/1/2021
C04751,Cindy,Garcia,Female,6/23/1998,San Antonio,Texas,Business Owner,Retail,59200,6/18/2018
C04752,Christopher,Richardson,Male,2/3/2001,Charlotte,North Carolina,Salaried,Retail,28700,2/2/2021
C04753,Elizabeth,Williams,Female,9/15/1968,Columbus,Ohio,Self Employed,SME,142100,9/1/2023
C04754,Heather,Weaver,Female,1/25/1975,Pittsburgh,Pennsylvania,Salaried,Premium,96500,8/5/2021
C04755,Michele,Baker,Female,9/7/1963,Austin,Texas,Freelancer,Corporate,121100,3/8/2026
C04756,Kimberly,Miller,Female,12/17/1982,Kansas City,Missouri,Business Owner,Premium,59900,3/5/2018
C04757,Morgan,Cox,Female,9/27/1975,Seattle,Washington,Freelancer,Retail,119600,7/30/2018
C04758,Timothy,Garrett,Male,9/15/1976,Raleigh,North Carolina,Salaried,Retail,48900,2/24/2026
C04759,Nicholas,Norris,Male,7/1/1983,Salt Lake City,Utah,Freelancer,Premium,81600,2/20/2026
C04760,Natalie,Oconnor,Female,1/14/1981,Orlando,Florida,Salaried,Retail,42100,11/30/2021
C04761,Robert,Mueller,Male,9/28/1961,Seattle,Washington,Student,Retail,40800,6/4/2024
C04762,Kenneth,Johnson,Male,2/20/1997,Orlando,Florida,Freelancer,Retail,33800,2/21/2020
C04763,Joseph,Fowler,Male,2/23/1969,Columbus,Ohio,Retired,Corporate,295700,5/26/2019
C04764,Russell,Blanchard,Male,8/14/1968,Minneapolis,Minnesota,Business Owner,SME,56500,7/30/2025
C04765,Joshua,Wu,Male,2/4/1970,Orlando,Florida,Self Employed,Retail,58000,6/10/2023
C04766,Jack,Church,Male,11/18/1972,Sacramento,California,Business Owner,Retail,27700,2/24/2022
C04767,Mark,Lee,Male,8/18/1975,Indianapolis,Indiana,Freelancer,SME,101200,1/11/2020
C04768,Rachel,Zamora,Female,5/21/1988,Charlotte,North Carolina,Student,Retail,42200,12/17/2023
C04769,Vanessa,Brock,Female,6/18/2002,Salt Lake City,Utah,Freelancer,Retail,26200,5/31/2020
C04770,Rachel,Hardy,Female,6/16/1967,Kansas City,Missouri,Student,SME,40700,1/23/2024
C04771,Matthew,Brock,Male,11/2/1995,Tampa,Florida,Business Owner,Wealth,62100,12/13/2023
C04772,Mary,Watson,Female,6/22/1967,Charlotte,North Carolina,Student,Corporate,203200,7/23/2022
C04773,Deanna,Prince,Female,11/20/1998,Denver,Colorado,Student,Retail,100000,1/6/2024
C04774,Paul,Ford,Male,5/28/1983,Kansas City,Missouri,Student,Corporate,137500,7/26/2023
C04775,Chelsea,Powers,Female,6/20/1987,San Antonio,Texas,Business Owner,Premium,64600,6/28/2019
C04776,Debra,Mcbride,Female,2/27/1995,Orlando,Florida,Retired,Retail,30200,3/31/2025
C04777,Kendra,Mills,Female,11/13/1993,Tampa,Florida,Self Employed,Retail,44700,12/27/2025
C04778,Jesse,West,Male,1/22/1994,Columbus,Ohio,Salaried,Retail,37600,8/7/2025
C04779,Elizabeth,Valdez,Female,7/4/1982,Cincinnati,Ohio,Business Owner,SME,37400,2/12/2023
C04780,Michelle,Hill,Female,8/6/1972,Pittsburgh,Pennsylvania,Student,Corporate,56700,11/8/2018
C04781,Natalie,Wilson,Female,7/18/2004,Seattle,Washington,Freelancer,Retail,26500,3/18/2020
C04782,Andrea,Anderson,Female,11/23/1973,Tampa,Florida,Business Owner,Corporate,199900,1/5/2023
C04783,Wendy,Pierce,Female,8/7/1961,Nashville,Tennessee,Student,Premium,37800,10/30/2021
C04784,Brian,Barron,Male,10/19/1991,Sacramento,California,Retired,SME,51000,7/19/2021
C04785,Jenna,Wilkins,Female,6/3/1981,Nashville,Tennessee,Salaried,Premium,93700,10/1/2018
C04786,Christopher,Welch,Male,11/15/1965,San Antonio,Texas,Business Owner,Retail,130500,6/7/2021
C04787,Nicole,Lopez,Female,4/16/1973,Columbus,Ohio,Retired,Premium,77000,1/27/2019
C04788,Pamela,Jones,Female,11/4/1987,Nashville,Tennessee,Retired,Retail,38900,1/11/2021
C04789,Luke,Hernandez,Male,2/7/1999,Minneapolis,Minnesota,Student,Retail,65200,4/1/2019
C04790,Lauren,Curry,Female,8/21/1983,Pittsburgh,Pennsylvania,Business Owner,Retail,20700,12/20/2023
C04791,Kimberly,Keller,Female,8/28/1994,Cincinnati,Ohio,Student,Retail,144600,2/23/2026
C04792,April,Hurley,Female,1/18/1993,Denver,Colorado,Retired,Retail,110300,7/28/2019
C04793,Monica,Robinson,Female,4/21/1970,Sacramento,California,Freelancer,SME,153900,4/27/2022
C04794,Judith,Ford,Female,6/1/1976,Nashville,Tennessee,Freelancer,Retail,65100,2/12/2026
C04795,Mike,Curry,Male,10/20/2003,Tampa,Florida,Salaried,Retail,22700,12/28/2019
C04796,Natalie,Garza,Female,7/8/2000,Portland,Oregon,Retired,Premium,62800,8/20/2021
C04797,Cassidy,Bolton,Female,4/5/1976,Salt Lake City,Utah,Student,SME,63600,8/15/2020
C04798,Sonya,Grant,Female,6/27/1973,Raleigh,North Carolina,Retired,Retail,32800,4/23/2020
C04799,Shane,Cooper,Male,4/19/1982,Salt Lake City,Utah,Freelancer,Retail,33400,5/21/2025
C04800,James,Johnson,Male,10/14/1999,Raleigh,North Carolina,Retired,Retail,41500,4/19/2024
C04801,Justin,Perry,Male,3/15/1989,Seattle,Washington,Student,Retail,26000,4/6/2021
C04802,Nathaniel,Lopez,Male,10/20/1964,Denver,Colorado,Freelancer,SME,99600,10/3/2019
C04803,Michael,Preston,Male,3/14/1978,Raleigh,North Carolina,Self Employed,Retail,42500,2/15/2020
C04804,Mary,Stevens,Female,4/12/1976,Charlotte,North Carolina,Retired,SME,93200,5/16/2021
C04805,Kathryn,Powers,Female,10/6/1995,Raleigh,North Carolina,Self Employed,Retail,23000,9/9/2024
C04806,Heather,Gutierrez,Female,8/15/1999,Nashville,Tennessee,Student,Retail,44200,4/6/2020
C04807,Joseph,Gamble,Male,7/16/1972,Kansas City,Missouri,Salaried,Retail,39100,11/18/2019
C04808,Heather,Mendoza,Female,2/8/2000,Atlanta,Georgia,Self Employed,Retail,115300,3/10/2025
C04809,Melissa,Jensen,Female,2/10/1971,Nashville,Tennessee,Student,Retail,54100,3/27/2021
C04810,Christopher,Nichols,Male,9/23/1992,Pittsburgh,Pennsylvania,Business Owner,Premium,243200,9/10/2019
C04811,Guy,Schwartz,Male,4/2/1978,Raleigh,North Carolina,Salaried,Premium,58900,12/12/2021
C04812,Melissa,Garrett,Female,4/22/1991,Denver,Colorado,Retired,Wealth,244500,2/12/2026
C04813,Monica,Ramirez,Female,10/26/2000,Pittsburgh,Pennsylvania,Student,Premium,70900,3/8/2019
C04814,William,Bryan,Male,1/22/1994,Minneapolis,Minnesota,Self Employed,SME,148100,3/25/2024
C04815,Shannon,Mcclure,Female,2/9/1976,Raleigh,North Carolina,Freelancer,Wealth,306000,6/7/2019
C04816,Erin,Barnes,Female,5/11/1978,Tampa,Florida,Salaried,Retail,49100,12/5/2024
C04817,David,Blanchard,Male,9/28/1991,Austin,Texas,Freelancer,Retail,65300,12/16/2021
C04818,Brian,Hansen,Male,4/6/1966,Seattle,Washington,Business Owner,Retail,40200,12/26/2021
C04819,Daniel,Frost,Male,10/22/1986,Nashville,Tennessee,Salaried,Retail,31700,5/24/2018
C04820,Autumn,Johnson,Female,2/19/1988,Columbus,Ohio,Business Owner,Retail,20700,10/18/2021
C04821,Travis,Robinson,Male,9/24/1989,Atlanta,Georgia,Self Employed,Retail,59500,9/12/2021
C04822,Katrina,Roth,Female,1/22/1978,San Antonio,Texas,Salaried,Premium,111100,5/28/2023
C04823,Joseph,Lamb,Male,8/19/1987,Kansas City,Missouri,Retired,Wealth,180300,3/31/2025
C04824,Mark,Bates,Male,10/10/2000,Tampa,Florida,Self Employed,Premium,235300,8/18/2020
C04825,Heather,Taylor,Female,12/22/1998,Denver,Colorado,Self Employed,Retail,37500,1/30/2023
C04826,Hailey,Flowers,Female,4/7/1981,Cincinnati,Ohio,Student,Retail,49400,11/15/2022
C04827,Tracy,Carlson,Female,9/12/1987,Charlotte,North Carolina,Self Employed,SME,109500,10/2/2018
C04828,Brenda,Crawford,Female,12/13/2002,Salt Lake City,Utah,Freelancer,Retail,65600,1/29/2022
C04829,Andrew,Barry,Male,2/1/1972,Phoenix,Arizona,Freelancer,Retail,47800,8/13/2019
C04830,Sandra,Cantrell,Female,10/14/1981,Sacramento,California,Retired,Retail,121900,1/23/2023
C04831,Frederick,Duke,Male,6/28/1972,Seattle,Washington,Freelancer,Retail,34200,2/20/2019
C04832,Thomas,Edwards,Male,12/28/1982,Indianapolis,Indiana,Retired,Wealth,160100,7/2/2018
C04833,Daniel,Jacobs,Male,11/19/1963,Nashville,Tennessee,Business Owner,SME,153200,5/24/2019
C04834,Joshua,Gomez,Male,5/1/1966,Phoenix,Arizona,Freelancer,Retail,26900,12/26/2020
C04835,Kimberly,Fernandez,Female,5/23/2000,Portland,Oregon,Salaried,Retail,59700,1/19/2020
C04836,Christian,Mcpherson,Male,5/15/1986,Indianapolis,Indiana,Business Owner,Retail,91200,10/26/2021
C04837,Kristen,Gardner,Female,12/13/1998,Cincinnati,Ohio,Business Owner,Retail,39000,12/9/2025
C04838,Nancy,Short,Female,6/22/1968,Nashville,Tennessee,Freelancer,Retail,63700,1/31/2020
C04839,James,Pineda,Male,9/28/1987,Sacramento,California,Self Employed,Retail,58700,6/10/2021
C04840,Thomas,Randolph,Male,2/9/1984,Austin,Texas,Self Employed,SME,125800,2/2/2018
C04841,Kristin,Fischer,Female,10/23/1989,Seattle,Washington,Retired,Retail,46900,11/14/2018
C04842,Vanessa,Miller,Female,6/21/1990,Denver,Colorado,Retired,Retail,65200,4/26/2023
C04843,Jessica,Davis,Female,7/2/1994,Minneapolis,Minnesota,Self Employed,Retail,66000,2/15/2022
C04844,Scott,Osborne,Male,2/16/1989,Cincinnati,Ohio,Salaried,Retail,65800,3/28/2020
C04845,Anthony,Forbes,Male,7/19/1981,Indianapolis,Indiana,Self Employed,SME,61700,10/14/2018
C04846,Donald,Rodriguez,Male,2/20/1982,Tampa,Florida,Self Employed,Retail,35400,8/16/2022
C04847,Jeffrey,Bush,Male,2/12/1972,San Antonio,Texas,Self Employed,Retail,26100,3/14/2025
C04848,Doris,Thompson,Female,10/4/2004,Phoenix,Arizona,Student,Retail,40800,7/26/2023
C04849,Elizabeth,Rivera,Female,7/10/1973,Denver,Colorado,Self Employed,Retail,82000,1/23/2020
C04850,Amanda,Foster,Female,3/7/2000,Charlotte,North Carolina,Freelancer,Retail,41200,2/5/2020
C04851,Nicholas,Moody,Male,10/19/1988,Seattle,Washington,Freelancer,Retail,39900,6/25/2020
C04852,Haley,Cooper,Female,2/22/1971,Raleigh,North Carolina,Business Owner,Premium,72500,6/17/2018
C04853,James,Gentry,Male,5/15/1979,Atlanta,Georgia,Freelancer,Retail,45600,1/8/2021
C04854,Warren,Johnson,Male,5/4/1967,Pittsburgh,Pennsylvania,Student,SME,86100,5/3/2021
C04855,Jillian,Wilkins,Female,3/24/1989,Indianapolis,Indiana,Self Employed,Retail,97800,5/7/2022
C04856,Dawn,Chang,Female,9/21/1986,Portland,Oregon,Student,SME,47300,1/22/2025
C04857,Martha,Allen,Female,10/17/1984,Indianapolis,Indiana,Retired,Retail,30700,4/16/2024
C04858,Stephanie,Greene,Female,2/27/1968,Kansas City,Missouri,Salaried,Retail,69000,4/29/2021
C04859,Sharon,Moore,Female,10/4/1978,Seattle,Washington,Salaried,SME,58200,8/31/2022
C04860,Colleen,Pena,Female,9/10/1973,Salt Lake City,Utah,Retired,Premium,53900,1/24/2020
C04861,Tracy,Huff,Female,8/19/1992,Indianapolis,Indiana,Student,Retail,44600,10/14/2018
C04862,Jason,Castro,Male,3/20/1999,Raleigh,North Carolina,Retired,SME,43800,8/30/2023
C04863,Lee,Wise,Male,7/19/1962,Columbus,Ohio,Salaried,Retail,72700,1/24/2020
C04864,Erin,Jones,Female,8/7/1968,Salt Lake City,Utah,Freelancer,Retail,74100,6/6/2024
C04865,Luis,Pena,Male,2/23/2004,Columbus,Ohio,Self Employed,Premium,101500,3/17/2020
C04866,Donna,Blair,Female,4/12/1973,Salt Lake City,Utah,Salaried,Corporate,73100,3/9/2019
C04867,Debra,Yang,Female,11/25/1975,Tampa,Florida,Retired,Wealth,212100,10/7/2019
C04868,Becky,King,Female,8/13/1995,Sacramento,California,Student,Wealth,163500,9/9/2021
C04869,Timothy,Rhodes,Male,5/22/1979,Tampa,Florida,Student,Retail,51500,9/28/2019
C04870,Alan,Howe,Male,9/3/1984,Minneapolis,Minnesota,Retired,Retail,148100,9/3/2023
C04871,Christina,Morris,Female,1/6/1969,Sacramento,California,Self Employed,SME,72200,4/3/2025
C04872,Desiree,Spears,Female,2/10/1997,Cincinnati,Ohio,Retired,SME,84100,8/8/2022
C04873,Anna,Bowers,Female,1/21/1972,Orlando,Florida,Business Owner,Retail,137600,9/6/2020
C04874,Brian,Woods,Male,2/27/1988,Indianapolis,Indiana,Freelancer,SME,34900,11/1/2023
C04875,Michael,Benson,Male,5/25/2001,Nashville,Tennessee,Freelancer,SME,114300,8/1/2022
C04876,Steven,Ramos,Male,1/17/1977,Indianapolis,Indiana,Self Employed,Corporate,134900,7/1/2023
C04877,Howard,Benson,Male,8/23/1980,Minneapolis,Minnesota,Student,Premium,54000,3/7/2026
C04878,Brittany,Austin,Female,5/4/1998,Columbus,Ohio,Self Employed,Premium,130400,7/13/2021
C04879,Kristine,Proctor,Female,2/26/1993,Portland,Oregon,Retired,Retail,20700,1/30/2021
C04880,Kevin,Kelly,Male,4/6/1966,Portland,Oregon,Retired,Premium,157800,4/11/2025
C04881,Alexander,Crosby,Male,9/25/1981,Tampa,Florida,Salaried,SME,210900,8/6/2018
C04882,Katie,Mccormick,Female,7/2/1978,Tampa,Florida,Retired,Retail,75800,10/30/2019
C04883,Michael,Gonzalez,Male,1/4/1997,Charlotte,North Carolina,Business Owner,Corporate,287400,10/23/2022
C04884,Richard,Bird,Male,7/16/1965,Orlando,Florida,Student,SME,63500,12/6/2023
C04885,Francis,Boyer,Male,5/28/1995,Kansas City,Missouri,Retired,Retail,172600,3/25/2020
C04886,Pamela,Crawford,Female,5/16/1974,Kansas City,Missouri,Student,Premium,86600,8/10/2020
C04887,Jesse,Washington,Male,9/1/2000,Minneapolis,Minnesota,Freelancer,Retail,67100,5/5/2021
C04888,Rachel,Cannon,Female,5/21/1971,Charlotte,North Carolina,Self Employed,SME,101600,9/4/2021
C04889,James,Lynch,Male,4/10/1986,Pittsburgh,Pennsylvania,Self Employed,Premium,83200,2/7/2021
C04890,Jose,Kelley,Male,1/9/1960,Raleigh,North Carolina,Salaried,Retail,34600,12/21/2022
C04891,Maria,Cobb,Female,2/16/1984,Austin,Texas,Student,Retail,63000,6/27/2021
C04892,Daniel,Wallace,Male,3/26/2003,Kansas City,Missouri,Retired,Premium,89500,3/9/2019
C04893,John,Stone,Male,10/13/1984,Kansas City,Missouri,Business Owner,Premium,64000,2/24/2022
C04894,Tyler,Gonzalez,Male,5/16/1969,Sacramento,California,Salaried,Corporate,175300,12/6/2025
C04895,Robert,Ramirez,Male,7/1/1964,Pittsburgh,Pennsylvania,Retired,Wealth,142000,4/28/2018
C04896,Jeffrey,Jennings,Male,1/23/1988,Denver,Colorado,Student,SME,47300,7/4/2019
C04897,Nicole,Sharp,Female,9/26/2004,Tampa,Florida,Freelancer,Retail,54300,1/26/2026
C04898,Jessica,Bryant,Female,8/2/1979,Salt Lake City,Utah,Freelancer,Corporate,64500,2/13/2021
C04899,David,Taylor,Male,7/11/2003,Tampa,Florida,Salaried,Retail,46800,7/29/2019
C04900,Paul,Dougherty,Male,1/4/1991,Salt Lake City,Utah,Business Owner,Retail,82400,5/22/2024
C04901,Katherine,Martin,Female,11/19/1991,San Antonio,Texas,Student,SME,29000,9/21/2022
C04902,Jeremy,Johnson,Male,1/23/1982,Denver,Colorado,Retired,Premium,120300,9/8/2022
C04903,Alyssa,Floyd,Female,7/22/1992,Denver,Colorado,Self Employed,Corporate,162600,2/21/2021
C04904,Phillip,Warren,Male,10/20/1970,Atlanta,Georgia,Freelancer,SME,143400,9/26/2025
C04905,Gerald,Perez,Male,12/8/1964,Minneapolis,Minnesota,Business Owner,Retail,60900,1/31/2018
C04906,Ronald,Franco,Male,8/27/1975,Salt Lake City,Utah,Salaried,SME,57600,5/30/2021
C04907,Phillip,Snyder,Male,7/11/1981,Salt Lake City,Utah,Freelancer,Corporate,67100,9/14/2024
C04908,Scott,Taylor,Male,6/20/1999,Salt Lake City,Utah,Business Owner,Retail,70000,5/21/2022
C04909,David,Clarke,Male,10/28/1985,Cincinnati,Ohio,Retired,Retail,62800,9/17/2022
C04910,Pamela,Rojas,Female,9/7/1993,Nashville,Tennessee,Freelancer,Retail,20700,3/5/2020
C04911,Kimberly,Mclean,Female,11/16/1988,Austin,Texas,Freelancer,SME,61600,8/21/2025
C04912,Alice,Boone,Female,11/26/1979,Pittsburgh,Pennsylvania,Retired,Retail,45100,2/8/2024
C04913,Diana,Joseph,Female,11/9/2002,Denver,Colorado,Salaried,Retail,30600,1/21/2022
C04914,Joseph,West,Male,8/11/1994,Salt Lake City,Utah,Retired,SME,33300,2/2/2026
C04915,Paul,Sanders,Male,11/27/1994,Kansas City,Missouri,Salaried,SME,29000,7/13/2020
C04916,Robert,Mcclure,Male,10/7/1967,Pittsburgh,Pennsylvania,Business Owner,Retail,78100,3/10/2018
C04917,Vanessa,Trevino,Female,3/10/1984,Phoenix,Arizona,Self Employed,Retail,41000,6/2/2020
C04918,Nathan,Wilson,Male,3/16/2002,San Antonio,Texas,Business Owner,SME,42900,7/28/2021
C04919,Kenneth,Garza,Male,7/21/1979,Phoenix,Arizona,Freelancer,Retail,74500,6/22/2018
C04920,John,Smith,Male,5/20/1980,Seattle,Washington,Student,Retail,43800,5/8/2024
C04921,Karen,Haynes,Female,10/3/1996,Minneapolis,Minnesota,Student,Premium,156600,1/1/2023
C04922,Amanda,Parrish,Female,8/1/1964,San Antonio,Texas,Student,Premium,80200,3/6/2026
C04923,Curtis,Wilson,Male,8/23/1980,Indianapolis,Indiana,Business Owner,Retail,86200,2/2/2023
C04924,Keith,Price,Male,6/12/2004,Pittsburgh,Pennsylvania,Business Owner,Retail,172700,10/13/2022
C04925,Alice,Rodriguez,Female,4/2/2003,Austin,Texas,Student,SME,57400,9/26/2019
C04926,Darren,Davidson,Male,3/4/1961,Indianapolis,Indiana,Retired,Retail,53300,11/9/2025
C04927,Timothy,Wallace,Male,4/15/1980,Minneapolis,Minnesota,Freelancer,Retail,96900,2/13/2023
C04928,Timothy,Taylor,Male,11/27/1960,Indianapolis,Indiana,Self Employed,Retail,84900,4/8/2025
C04929,Karen,Brown,Female,6/14/1990,Sacramento,California,Self Employed,Retail,58800,2/2/2020
C04930,Sabrina,Hall,Female,5/17/1967,Nashville,Tennessee,Business Owner,Retail,45800,12/10/2023
C04931,Zachary,Walker,Male,12/15/2003,Columbus,Ohio,Business Owner,Retail,44100,7/18/2019
C04932,Leah,Flores,Female,4/9/1996,Sacramento,California,Salaried,Retail,156300,6/21/2022
C04933,Erin,Lopez,Female,3/22/1969,Raleigh,North Carolina,Self Employed,Retail,22300,11/29/2020
C04934,Anthony,Brown,Male,5/18/1977,Denver,Colorado,Retired,SME,94100,12/31/2022
C04935,Janice,Parker,Female,4/3/1961,Denver,Colorado,Student,Retail,39300,5/17/2024
C04936,Matthew,Sims,Male,7/22/1963,San Antonio,Texas,Salaried,Retail,118100,9/15/2021
C04937,Adrienne,Flowers,Female,6/16/2002,Minneapolis,Minnesota,Self Employed,Retail,40300,12/8/2020
C04938,Joseph,Pineda,Male,2/18/1981,San Antonio,Texas,Freelancer,Premium,78100,8/14/2020
C04939,Morgan,Peters,Female,11/20/1968,Charlotte,North Carolina,Business Owner,Retail,119800,3/19/2019
C04940,Jeffrey,Vaughn,Male,7/26/1987,Nashville,Tennessee,Retired,Retail,87200,8/26/2022
C04941,Yvonne,Turner,Female,2/27/1962,Sacramento,California,Salaried,Premium,37300,7/2/2019
C04942,Megan,Murillo,Female,6/11/1984,Nashville,Tennessee,Self Employed,Retail,89400,7/23/2021
C04943,Chris,Parsons,Male,9/8/1984,Tampa,Florida,Freelancer,Retail,85900,11/27/2018
C04944,Annette,Mendoza,Female,1/5/1963,Charlotte,North Carolina,Student,Retail,32900,9/9/2025
C04945,Kenneth,Miller,Male,6/15/1981,Columbus,Ohio,Self Employed,Premium,42700,10/19/2024
C04946,Scott,Rivera,Male,3/22/1972,Denver,Colorado,Business Owner,Premium,113800,8/3/2024
C04947,Ronald,Stewart,Male,1/17/2001,Charlotte,North Carolina,Retired,Retail,84400,1/31/2023
C04948,Kristen,Wilson,Female,5/25/1992,Columbus,Ohio,Business Owner,Retail,66100,5/27/2022
C04949,Anne,Gibson,Female,5/12/1993,Seattle,Washington,Student,Premium,106900,11/19/2023
C04950,Leslie,Haynes,Female,7/5/1963,Cincinnati,Ohio,Self Employed,SME,63300,1/1/2021
C04951,Aaron,Dennis,Male,7/8/1979,Nashville,Tennessee,Retired,Retail,100500,12/9/2019
C04952,Ruben,Cox,Male,10/8/1979,Sacramento,California,Self Employed,Premium,194100,6/5/2018
C04953,Andrew,Lynch,Male,6/21/1964,Indianapolis,Indiana,Student,Retail,20700,9/19/2023
C04954,Shannon,Bowman,Female,6/10/1962,Nashville,Tennessee,Salaried,SME,131600,1/6/2018
C04955,Timothy,Mack,Male,8/16/1988,Kansas City,Missouri,Freelancer,Retail,78500,11/1/2022
C04956,Ana,Swanson,Female,4/10/1990,Minneapolis,Minnesota,Student,Corporate,98000,11/16/2020
C04957,Donald,Davis,Male,7/9/1979,Kansas City,Missouri,Self Employed,Wealth,62100,8/8/2020
C04958,Benjamin,Cruz,Male,6/26/2002,Kansas City,Missouri,Salaried,Retail,46500,12/27/2021
C04959,Alexandra,Edwards,Female,9/6/1981,Kansas City,Missouri,Retired,Retail,38300,9/1/2019
C04960,Lisa,Hood,Female,4/3/1977,Atlanta,Georgia,Retired,SME,291600,8/18/2023
C04961,Ashley,Burton,Female,4/24/1993,Seattle,Washington,Salaried,Premium,96900,6/8/2025
C04962,Cassandra,Russo,Female,1/15/1988,San Antonio,Texas,Business Owner,Retail,72000,12/29/2025
C04963,Jonathan,Pearson,Male,12/27/1979,Columbus,Ohio,Self Employed,SME,47100,3/28/2019
C04964,Jennifer,Park,Female,7/26/2004,Raleigh,North Carolina,Self Employed,Retail,50100,5/5/2022
C04965,Catherine,Jones,Female,10/24/1980,Phoenix,Arizona,Business Owner,SME,166800,10/5/2023
C04966,Pamela,Howe,Female,1/26/1966,Cincinnati,Ohio,Self Employed,Premium,58700,3/29/2022
C04967,Matthew,Williams,Male,3/23/2003,Cincinnati,Ohio,Student,SME,29700,6/6/2021
C04968,Jonathan,Randolph,Male,12/1/1967,Indianapolis,Indiana,Student,Retail,55300,10/18/2020
C04969,Jason,Huerta,Male,12/25/1986,San Antonio,Texas,Retired,Premium,189400,7/16/2022
C04970,Patricia,Vargas,Female,12/22/1974,Nashville,Tennessee,Salaried,Wealth,100400,12/7/2019
C04971,Peter,Davis,Male,2/17/1964,Denver,Colorado,Retired,Retail,43700,1/21/2026
C04972,Michael,Martinez,Male,1/17/1984,Raleigh,North Carolina,Salaried,Premium,42400,1/13/2019
C04973,Larry,Miller,Male,9/6/1990,Phoenix,Arizona,Salaried,Retail,48400,6/19/2023
C04974,Kellie,Montgomery,Female,1/26/1996,Cincinnati,Ohio,Student,Retail,27100,1/15/2026
C04975,Jerry,Mitchell,Male,3/15/1962,San Antonio,Texas,Self Employed,SME,43300,9/21/2025
C04976,Joshua,Jackson,Male,1/13/1981,Phoenix,Arizona,Business Owner,SME,57600,12/27/2018
C04977,Sheryl,Webb,Female,5/25/1998,San Antonio,Texas,Student,Corporate,167600,3/28/2023
C04978,Nathan,Greene,Male,11/24/2000,Austin,Texas,Freelancer,Premium,51200,8/31/2023
C04979,Breanna,Brown,Female,1/1/1960,Phoenix,Arizona,Student,SME,128900,3/16/2026
C04980,Daniel,Adkins,Male,8/8/1961,Tampa,Florida,Self Employed,Retail,64100,1/30/2026
C04981,Candace,Riley,Female,6/2/1977,Orlando,Florida,Retired,Retail,34100,9/23/2022
C04982,Melissa,French,Female,1/23/1965,San Antonio,Texas,Self Employed,Premium,171900,3/23/2025
C04983,Brandy,Burton,Female,10/25/1991,Nashville,Tennessee,Salaried,Retail,122300,6/10/2019
C04984,Ashley,Avila,Female,11/22/1997,Austin,Texas,Freelancer,Retail,84700,11/24/2023
C04985,Francisco,Welch,Male,1/17/2001,Salt Lake City,Utah,Salaried,Retail,50800,9/16/2023
C04986,Nicole,Nixon,Female,3/7/1995,Orlando,Florida,Retired,Retail,71300,2/27/2025
C04987,Donald,Charles,Male,2/22/1961,Columbus,Ohio,Retired,Retail,53600,6/18/2021
C04988,Lonnie,Berg,Male,4/6/1999,Indianapolis,Indiana,Self Employed,Wealth,145600,6/19/2023
C04989,Susan,Hogan,Female,1/14/1964,Salt Lake City,Utah,Salaried,Retail,44100,1/24/2020
C04990,Tami,Edwards,Female,4/3/1996,Portland,Oregon,Business Owner,Premium,119200,9/10/2022
C04991,Laura,Smith,Female,12/20/1998,Seattle,Washington,Retired,Corporate,105100,5/10/2022
C04992,Hector,Duran,Male,6/13/1999,Minneapolis,Minnesota,Salaried,Retail,84200,12/2/2025
C04993,Tanya,Young,Female,6/17/1990,Minneapolis,Minnesota,Business Owner,Retail,27800,7/3/2020
C04994,William,Haynes,Male,7/7/2004,Cincinnati,Ohio,Retired,Retail,118000,9/11/2025
C04995,Anna,Coffey,Female,11/16/1967,Austin,Texas,Retired,Retail,42700,4/14/2022
C04996,Devin,Dennis,Male,11/6/2002,Nashville,Tennessee,Business Owner,Retail,32200,11/6/2021
C04997,Rachel,Lopez,Female,1/1/1975,Charlotte,North Carolina,Business Owner,Retail,100000,7/20/2022
C04998,Emily,Johnston,Female,12/10/1976,Orlando,Florida,Self Employed,Premium,410700,4/3/2021
C04999,Michelle,Perry,Female,4/3/1994,Kansas City,Missouri,Salaried,SME,120400,7/28/2023
C05000,Elizabeth,Bautista,Female,11/26/2003,Pittsburgh,Pennsylvania,Freelancer,Retail,117000,4/25/2023
